startTime,settlementPeriod,dataProvider,price,volume
2026-03-08T00:00:00Z,1,APXMIDP,114.98,1157.3
2026-03-07T23:30:00Z,48,APXMIDP,110.18,1495.35
2026-03-07T23:00:00Z,47,APXMIDP,113.75,1338.3
2026-03-07T22:30:00Z,46,APXMIDP,121.16,1904.5
2026-03-07T22:00:00Z,45,APXMIDP,120.38,2027.65
2026-03-07T21:30:00Z,44,APXMIDP,121.81,1667.75
2026-03-07T21:00:00Z,43,APXMIDP,123.53,2050.95
2026-03-07T20:30:00Z,42,APXMIDP,121.0,2225.2
2026-03-07T20:00:00Z,41,APXMIDP,133.52,2523.5
2026-03-07T19:30:00Z,40,APXMIDP,137.63,2243.25
2026-03-07T19:00:00Z,39,APXMIDP,143.75,2380.6
2026-03-07T18:30:00Z,38,APXMIDP,154.72,2711.15
2026-03-07T18:00:00Z,37,APXMIDP,155.6,2592.85
2026-03-07T17:30:00Z,36,APXMIDP,158.71,2971.9
2026-03-07T17:00:00Z,35,APXMIDP,154.45,2708.9
2026-03-07T16:30:00Z,34,APXMIDP,149.67,2001.3
2026-03-07T16:00:00Z,33,APXMIDP,141.67,1758.45
2026-03-07T15:30:00Z,32,APXMIDP,129.96,2397.3
2026-03-07T15:00:00Z,31,APXMIDP,130.44,2211.8
2026-03-07T14:30:00Z,30,APXMIDP,123.52,2659.15
2026-03-07T14:00:00Z,29,APXMIDP,122.34,2621.1
2026-03-07T13:30:00Z,28,APXMIDP,122.48,2140.55
2026-03-07T13:00:00Z,27,APXMIDP,121.67,1955.55
2026-03-07T12:30:00Z,26,APXMIDP,122.64,1909.9
2026-03-07T12:00:00Z,25,APXMIDP,125.73,2120.45
2026-03-07T11:30:00Z,24,APXMIDP,121.23,2158.15
2026-03-07T11:00:00Z,23,APXMIDP,123.02,1748.9
2026-03-07T10:30:00Z,22,APXMIDP,135.0,2155.75
2026-03-07T10:00:00Z,21,APXMIDP,137.75,2120.4
2026-03-07T09:30:00Z,20,APXMIDP,138.33,2173.4
2026-03-07T09:00:00Z,19,APXMIDP,140.83,1879.4
2026-03-07T08:30:00Z,18,APXMIDP,139.76,1430.5
2026-03-07T08:00:00Z,17,APXMIDP,137.12,1462.1
2026-03-07T07:30:00Z,16,APXMIDP,129.59,1596.6
2026-03-07T07:00:00Z,15,APXMIDP,123.24,1616.2
2026-03-07T06:30:00Z,14,APXMIDP,129.64,1501.3
2026-03-07T06:00:00Z,13,APXMIDP,125.55,1398.7
2026-03-07T05:30:00Z,12,APXMIDP,124.59,1268.65
2026-03-07T05:00:00Z,11,APXMIDP,123.71,1070.45
2026-03-07T04:30:00Z,10,APXMIDP,118.55,1742.25
2026-03-07T04:00:00Z,9,APXMIDP,116.45,1525.0
2026-03-07T03:30:00Z,8,APXMIDP,114.59,1666.1
2026-03-07T03:00:00Z,7,APXMIDP,113.81,1721.05
2026-03-07T02:30:00Z,6,APXMIDP,113.61,1867.7
2026-03-07T02:00:00Z,5,APXMIDP,116.47,1746.1
2026-03-07T01:30:00Z,4,APXMIDP,112.11,1715.75
2026-03-07T01:00:00Z,3,APXMIDP,118.24,1932.6
2026-03-07T00:30:00Z,2,APXMIDP,121.29,2080.05
2026-03-07T00:00:00Z,1,APXMIDP,123.98,1811.05
2026-03-06T23:30:00Z,48,APXMIDP,125.07,1511.3
2026-03-06T23:00:00Z,47,APXMIDP,118.42,2382.65
2026-03-06T22:30:00Z,46,APXMIDP,117.1,2763.05
2026-03-06T22:00:00Z,45,APXMIDP,119.72,2570.3
2026-03-06T21:30:00Z,44,APXMIDP,121.0,2991.35
2026-03-06T21:00:00Z,43,APXMIDP,118.12,3033.6
2026-03-06T20:30:00Z,42,APXMIDP,117.73,3722.4
2026-03-06T20:00:00Z,41,APXMIDP,127.14,4182.75
2026-03-06T19:30:00Z,40,APXMIDP,129.07,4982.85
2026-03-06T19:00:00Z,39,APXMIDP,128.7,5380.75
2026-03-06T18:30:00Z,38,APXMIDP,156.99,5859.15
2026-03-06T18:00:00Z,37,APXMIDP,154.34,6168.9
2026-03-06T17:30:00Z,36,APXMIDP,153.77,4718.45
2026-03-06T17:00:00Z,35,APXMIDP,147.46,4552.7
2026-03-06T16:30:00Z,34,APXMIDP,135.64,4160.55
2026-03-06T16:00:00Z,33,APXMIDP,130.71,3809.45
2026-03-06T15:30:00Z,32,APXMIDP,119.02,4445.1
2026-03-06T15:00:00Z,31,APXMIDP,116.16,4901.1
2026-03-06T14:30:00Z,30,APXMIDP,89.57,4729.5
2026-03-06T14:00:00Z,29,APXMIDP,94.02,4204.6
2026-03-06T13:30:00Z,28,APXMIDP,98.5,3595.35
2026-03-06T13:00:00Z,27,APXMIDP,100.8,3008.45
2026-03-06T12:30:00Z,26,APXMIDP,101.07,3240.0
2026-03-06T12:00:00Z,25,APXMIDP,101.71,3170.1
2026-03-06T11:30:00Z,24,APXMIDP,101.81,2802.15
2026-03-06T11:00:00Z,23,APXMIDP,100.79,3137.65
2026-03-06T10:30:00Z,22,APXMIDP,103.73,3648.75
2026-03-06T10:00:00Z,21,APXMIDP,103.37,3199.25
2026-03-06T09:30:00Z,20,APXMIDP,98.12,2586.45
2026-03-06T09:00:00Z,19,APXMIDP,96.97,2584.3
2026-03-06T08:30:00Z,18,APXMIDP,100.38,2475.05
2026-03-06T08:00:00Z,17,APXMIDP,99.49,2306.45
2026-03-06T07:30:00Z,16,APXMIDP,113.18,2922.65
2026-03-06T07:00:00Z,15,APXMIDP,104.06,2759.7
2026-03-06T06:30:00Z,14,APXMIDP,110.78,2142.2
2026-03-06T06:00:00Z,13,APXMIDP,106.11,2002.05
2026-03-06T05:30:00Z,12,APXMIDP,105.6,1674.35
2026-03-06T05:00:00Z,11,APXMIDP,109.33,1995.8
2026-03-06T04:30:00Z,10,APXMIDP,98.75,2253.05
2026-03-06T04:00:00Z,9,APXMIDP,94.74,2224.55
2026-03-06T03:30:00Z,8,APXMIDP,93.99,2016.0
2026-03-06T03:00:00Z,7,APXMIDP,96.87,2015.75
2026-03-06T02:30:00Z,6,APXMIDP,94.38,1679.75
2026-03-06T02:00:00Z,5,APXMIDP,97.16,1411.9
2026-03-06T01:30:00Z,4,APXMIDP,99.43,1383.75
2026-03-06T01:00:00Z,3,APXMIDP,100.42,1278.45
2026-03-06T00:30:00Z,2,APXMIDP,98.56,1897.75
2026-03-06T00:00:00Z,1,APXMIDP,91.73,1910.85
2026-03-05T23:30:00Z,48,APXMIDP,97.71,2223.25
2026-03-05T23:00:00Z,47,APXMIDP,90.93,1681.85
2026-03-05T22:30:00Z,46,APXMIDP,93.81,3030.6
2026-03-05T22:00:00Z,45,APXMIDP,99.84,3053.6
2026-03-05T21:30:00Z,44,APXMIDP,97.68,2981.95
2026-03-05T21:00:00Z,43,APXMIDP,98.63,2744.75
2026-03-05T20:30:00Z,42,APXMIDP,101.07,3265.1
2026-03-05T20:00:00Z,41,APXMIDP,95.45,3287.15
2026-03-05T19:30:00Z,40,APXMIDP,95.91,2838.35
2026-03-05T19:00:00Z,39,APXMIDP,98.11,2536.75
2026-03-05T18:30:00Z,38,APXMIDP,120.58,5425.3
2026-03-05T18:00:00Z,37,APXMIDP,120.3,5494.95
2026-03-05T17:30:00Z,36,APXMIDP,125.57,4148.1
2026-03-05T17:00:00Z,35,APXMIDP,129.82,3956.35
2026-03-05T16:30:00Z,34,APXMIDP,124.53,4479.4
2026-03-05T16:00:00Z,33,APXMIDP,118.89,3835.75
2026-03-05T15:30:00Z,32,APXMIDP,105.35,3959.0
2026-03-05T15:00:00Z,31,APXMIDP,107.7,3673.1
2026-03-05T14:30:00Z,30,APXMIDP,108.39,4099.95
2026-03-05T14:00:00Z,29,APXMIDP,106.64,3935.95
2026-03-05T13:30:00Z,28,APXMIDP,110.33,3710.95
2026-03-05T13:00:00Z,27,APXMIDP,110.15,3669.15
2026-03-05T12:30:00Z,26,APXMIDP,114.8,3363.1
2026-03-05T12:00:00Z,25,APXMIDP,111.97,3390.45
2026-03-05T11:30:00Z,24,APXMIDP,114.71,3383.35
2026-03-05T11:00:00Z,23,APXMIDP,119.01,3188.95
2026-03-05T10:30:00Z,22,APXMIDP,121.34,3727.15
2026-03-05T10:00:00Z,21,APXMIDP,121.45,3443.75
2026-03-05T09:30:00Z,20,APXMIDP,125.79,3248.15
2026-03-05T09:00:00Z,19,APXMIDP,130.09,3164.85
2026-03-05T08:30:00Z,18,APXMIDP,130.88,3125.15
2026-03-05T08:00:00Z,17,APXMIDP,132.46,3191.05
2026-03-05T07:30:00Z,16,APXMIDP,130.52,3485.45
2026-03-05T07:00:00Z,15,APXMIDP,121.31,3496.15
2026-03-05T06:30:00Z,14,APXMIDP,124.91,2796.9
2026-03-05T06:00:00Z,13,APXMIDP,111.77,2188.75
2026-03-05T05:30:00Z,12,APXMIDP,102.83,1837.45
2026-03-05T05:00:00Z,11,APXMIDP,99.34,1420.4
2026-03-05T04:30:00Z,10,APXMIDP,86.48,1678.85
2026-03-05T04:00:00Z,9,APXMIDP,82.96,1875.6
2026-03-05T03:30:00Z,8,APXMIDP,82.83,1910.55
2026-03-05T03:00:00Z,7,APXMIDP,84.23,1912.35
2026-03-05T02:30:00Z,6,APXMIDP,82.01,2138.75
2026-03-05T02:00:00Z,5,APXMIDP,87.76,2187.5
2026-03-05T01:30:00Z,4,APXMIDP,89.39,2593.1
2026-03-05T01:00:00Z,3,APXMIDP,95.36,2577.95
2026-03-05T00:30:00Z,2,APXMIDP,92.91,2342.8
2026-03-05T00:00:00Z,1,APXMIDP,94.91,2381.1
2026-03-04T23:30:00Z,48,APXMIDP,94.6,2195.3
2026-03-04T23:00:00Z,47,APXMIDP,100.76,2842.25
2026-03-04T22:30:00Z,46,APXMIDP,100.19,4504.65
2026-03-04T22:00:00Z,45,APXMIDP,99.57,3855.6
2026-03-04T21:30:00Z,44,APXMIDP,103.72,3904.05
2026-03-04T21:00:00Z,43,APXMIDP,107.26,3682.55
2026-03-04T20:30:00Z,42,APXMIDP,112.5,4738.1
2026-03-04T20:00:00Z,41,APXMIDP,118.86,5018.45
2026-03-04T19:30:00Z,40,APXMIDP,125.5,5140.45
2026-03-04T19:00:00Z,39,APXMIDP,135.74,5585.85
2026-03-04T18:30:00Z,38,APXMIDP,146.83,4732.2
2026-03-04T18:00:00Z,37,APXMIDP,140.53,4247.4
2026-03-04T17:30:00Z,36,APXMIDP,138.25,4044.65
2026-03-04T17:00:00Z,35,APXMIDP,133.93,4051.8
2026-03-04T16:30:00Z,34,APXMIDP,129.68,3963.2
2026-03-04T16:00:00Z,33,APXMIDP,125.69,3695.85
2026-03-04T15:30:00Z,32,APXMIDP,105.66,4342.1
2026-03-04T15:00:00Z,31,APXMIDP,106.21,3772.25
2026-03-04T14:30:00Z,30,APXMIDP,104.29,4906.3
2026-03-04T14:00:00Z,29,APXMIDP,103.48,4362.6
2026-03-04T13:30:00Z,28,APXMIDP,106.41,4655.85
2026-03-04T13:00:00Z,27,APXMIDP,109.68,5127.05
2026-03-04T12:30:00Z,26,APXMIDP,117.14,4360.45
2026-03-04T12:00:00Z,25,APXMIDP,125.78,4247.35
2026-03-04T11:30:00Z,24,APXMIDP,131.23,4251.15
2026-03-04T11:00:00Z,23,APXMIDP,139.79,4671.65
2026-03-04T10:30:00Z,22,APXMIDP,155.23,3763.95
2026-03-04T10:00:00Z,21,APXMIDP,154.29,3530.2
2026-03-04T09:30:00Z,20,APXMIDP,151.7,3926.4
2026-03-04T09:00:00Z,19,APXMIDP,146.53,3058.6
2026-03-04T08:30:00Z,18,APXMIDP,143.47,2810.5
2026-03-04T08:00:00Z,17,APXMIDP,142.12,3014.45
2026-03-04T07:30:00Z,16,APXMIDP,145.0,3532.3
2026-03-04T07:00:00Z,15,APXMIDP,143.65,3726.65
2026-03-04T06:30:00Z,14,APXMIDP,142.21,3112.0
2026-03-04T06:00:00Z,13,APXMIDP,136.91,2734.5
2026-03-04T05:30:00Z,12,APXMIDP,122.75,1890.85
2026-03-04T05:00:00Z,11,APXMIDP,119.23,1872.85
2026-03-04T04:30:00Z,10,APXMIDP,102.99,2130.1
2026-03-04T04:00:00Z,9,APXMIDP,102.93,1505.7
2026-03-04T03:30:00Z,8,APXMIDP,100.8,1873.85
2026-03-04T03:00:00Z,7,APXMIDP,102.57,1680.85
2026-03-04T02:30:00Z,6,APXMIDP,105.42,1558.6
2026-03-04T02:00:00Z,5,APXMIDP,108.53,1536.9
2026-03-04T01:30:00Z,4,APXMIDP,105.31,1737.95
2026-03-04T01:00:00Z,3,APXMIDP,101.42,1581.85
2026-03-04T00:30:00Z,2,APXMIDP,102.36,1626.7
2026-03-04T00:00:00Z,1,APXMIDP,101.3,1475.7
2026-03-03T23:30:00Z,48,APXMIDP,98.53,1518.2
2026-03-03T23:00:00Z,47,APXMIDP,98.76,1498.3
2026-03-03T22:30:00Z,46,APXMIDP,107.37,3374.3
2026-03-03T22:00:00Z,45,APXMIDP,111.55,3191.45
2026-03-03T21:30:00Z,44,APXMIDP,113.67,2995.25
2026-03-03T21:00:00Z,43,APXMIDP,116.29,3319.4
2026-03-03T20:30:00Z,42,APXMIDP,118.86,3673.3
2026-03-03T20:00:00Z,41,APXMIDP,129.3,3949.2
2026-03-03T19:30:00Z,40,APXMIDP,134.03,4023.1
2026-03-03T19:00:00Z,39,APXMIDP,132.85,4569.9
2026-03-03T18:30:00Z,38,APXMIDP,150.26,5315.05
2026-03-03T18:00:00Z,37,APXMIDP,158.22,5855.6
2026-03-03T17:30:00Z,36,APXMIDP,153.99,6162.9
2026-03-03T17:00:00Z,35,APXMIDP,149.18,6290.05
2026-03-03T16:30:00Z,34,APXMIDP,148.5,5856.7
2026-03-03T16:00:00Z,33,APXMIDP,131.46,5545.65
2026-03-03T15:30:00Z,32,APXMIDP,123.47,5402.5
2026-03-03T15:00:00Z,31,APXMIDP,125.8,5564.1
2026-03-03T14:30:00Z,30,APXMIDP,110.32,4831.9
2026-03-03T14:00:00Z,29,APXMIDP,109.75,4917.95
2026-03-03T13:30:00Z,28,APXMIDP,110.36,4480.85
2026-03-03T13:00:00Z,27,APXMIDP,107.03,4245.35
2026-03-03T12:30:00Z,26,APXMIDP,106.45,4065.9
2026-03-03T12:00:00Z,25,APXMIDP,106.93,4032.25
2026-03-03T11:30:00Z,24,APXMIDP,105.34,3820.05
2026-03-03T11:00:00Z,23,APXMIDP,106.86,3697.3
2026-03-03T10:30:00Z,22,APXMIDP,101.81,3124.95
2026-03-03T10:00:00Z,21,APXMIDP,103.87,2675.25
2026-03-03T09:30:00Z,20,APXMIDP,108.05,2992.0
2026-03-03T09:00:00Z,19,APXMIDP,112.83,2816.1
2026-03-03T08:30:00Z,18,APXMIDP,111.13,2824.55
2026-03-03T08:00:00Z,17,APXMIDP,113.27,2773.2
2026-03-03T07:30:00Z,16,APXMIDP,121.25,3371.15
2026-03-03T07:00:00Z,15,APXMIDP,118.71,3413.65
2026-03-03T06:30:00Z,14,APXMIDP,131.34,3598.1
2026-03-03T06:00:00Z,13,APXMIDP,121.71,3866.7
2026-03-03T05:30:00Z,12,APXMIDP,118.61,3298.4
2026-03-03T05:00:00Z,11,APXMIDP,123.98,3130.5
2026-03-03T04:30:00Z,10,APXMIDP,100.64,3337.05
2026-03-03T04:00:00Z,9,APXMIDP,105.14,2897.15
2026-03-03T03:30:00Z,8,APXMIDP,105.57,2956.5
2026-03-03T03:00:00Z,7,APXMIDP,103.13,2416.35
2026-03-03T02:30:00Z,6,APXMIDP,105.68,2735.55
2026-03-03T02:00:00Z,5,APXMIDP,106.47,2662.7
2026-03-03T01:30:00Z,4,APXMIDP,108.68,2725.95
2026-03-03T01:00:00Z,3,APXMIDP,108.88,2821.35
2026-03-03T00:30:00Z,2,APXMIDP,103.93,2494.7
2026-03-03T00:00:00Z,1,APXMIDP,96.01,2223.5
2026-03-02T23:30:00Z,48,APXMIDP,91.7,2593.2
2026-03-02T23:00:00Z,47,APXMIDP,83.65,2519.65
2026-03-02T22:30:00Z,46,APXMIDP,84.05,3641.35
2026-03-02T22:00:00Z,45,APXMIDP,83.01,3284.25
2026-03-02T21:30:00Z,44,APXMIDP,81.45,4092.5
2026-03-02T21:00:00Z,43,APXMIDP,81.3,4060.25
2026-03-02T20:30:00Z,42,APXMIDP,84.42,4856.5
2026-03-02T20:00:00Z,41,APXMIDP,84.29,4012.75
2026-03-02T19:30:00Z,40,APXMIDP,93.35,4486.5
2026-03-02T19:00:00Z,39,APXMIDP,95.9,5301.1
2026-03-02T18:30:00Z,38,APXMIDP,115.69,6686.85
2026-03-02T18:00:00Z,37,APXMIDP,115.37,6249.75
2026-03-02T17:30:00Z,36,APXMIDP,117.55,5884.7
2026-03-02T17:00:00Z,35,APXMIDP,112.53,5401.95
2026-03-02T16:30:00Z,34,APXMIDP,97.69,5069.4
2026-03-02T16:00:00Z,33,APXMIDP,88.83,4318.7
2026-03-02T15:30:00Z,32,APXMIDP,86.14,4080.15
2026-03-02T15:00:00Z,31,APXMIDP,65.63,5012.25
2026-03-02T14:30:00Z,30,APXMIDP,38.45,5051.15
2026-03-02T14:00:00Z,29,APXMIDP,45.22,4507.05
2026-03-02T13:30:00Z,28,APXMIDP,40.2,3950.75
2026-03-02T13:00:00Z,27,APXMIDP,46.99,3420.45
2026-03-02T12:30:00Z,26,APXMIDP,53.0,3232.0
2026-03-02T12:00:00Z,25,APXMIDP,56.89,3212.45
2026-03-02T11:30:00Z,24,APXMIDP,70.88,2816.5
2026-03-02T11:00:00Z,23,APXMIDP,74.05,2657.35
2026-03-02T10:30:00Z,22,APXMIDP,81.96,2383.9
2026-03-02T10:00:00Z,21,APXMIDP,93.59,2244.55
2026-03-02T09:30:00Z,20,APXMIDP,95.07,2102.15
2026-03-02T09:00:00Z,19,APXMIDP,94.25,2465.4
2026-03-02T08:30:00Z,18,APXMIDP,95.97,2251.4
2026-03-02T08:00:00Z,17,APXMIDP,94.78,2113.3
2026-03-02T07:30:00Z,16,APXMIDP,102.71,2083.2
2026-03-02T07:00:00Z,15,APXMIDP,95.71,2228.85
2026-03-02T06:30:00Z,14,APXMIDP,90.41,2514.05
2026-03-02T06:00:00Z,13,APXMIDP,82.2,2042.75
2026-03-02T05:30:00Z,12,APXMIDP,78.26,1739.45
2026-03-02T05:00:00Z,11,APXMIDP,68.73,2069.55
2026-03-02T04:30:00Z,10,APXMIDP,49.13,2139.3
2026-03-02T04:00:00Z,9,APXMIDP,39.33,2033.7
2026-03-02T03:30:00Z,8,APXMIDP,34.1,2034.95
2026-03-02T03:00:00Z,7,APXMIDP,33.59,1947.1
2026-03-02T02:30:00Z,6,APXMIDP,20.63,1746.5
2026-03-02T02:00:00Z,5,APXMIDP,23.62,1976.0
2026-03-02T01:30:00Z,4,APXMIDP,22.66,1635.5
2026-03-02T01:00:00Z,3,APXMIDP,24.73,1494.7
2026-03-02T00:30:00Z,2,APXMIDP,29.32,1725.3
2026-03-02T00:00:00Z,1,APXMIDP,28.89,1910.65
2026-03-01T23:30:00Z,48,APXMIDP,30.35,2012.2
2026-03-01T23:00:00Z,47,APXMIDP,30.38,1762.45
2026-03-01T22:30:00Z,46,APXMIDP,35.7,2331.65
2026-03-01T22:00:00Z,45,APXMIDP,48.61,1932.6
2026-03-01T21:30:00Z,44,APXMIDP,54.22,1412.7
2026-03-01T21:00:00Z,43,APXMIDP,63.18,1650.45
2026-03-01T20:30:00Z,42,APXMIDP,63.5,2158.0
2026-03-01T20:00:00Z,41,APXMIDP,77.19,2280.3
2026-03-01T19:30:00Z,40,APXMIDP,71.54,2242.5
2026-03-01T19:00:00Z,39,APXMIDP,81.19,2561.65
2026-03-01T18:30:00Z,38,APXMIDP,85.69,3088.0
2026-03-01T18:00:00Z,37,APXMIDP,90.92,3595.3
2026-03-01T17:30:00Z,36,APXMIDP,96.65,2630.6
2026-03-01T17:00:00Z,35,APXMIDP,91.18,2470.8
2026-03-01T16:30:00Z,34,APXMIDP,82.71,2792.35
2026-03-01T16:00:00Z,33,APXMIDP,69.46,2645.3
2026-03-01T15:30:00Z,32,APXMIDP,67.58,2675.15
2026-03-01T15:00:00Z,31,APXMIDP,62.4,2962.0
2026-03-01T14:30:00Z,30,APXMIDP,20.97,2876.05
2026-03-01T14:00:00Z,29,APXMIDP,18.16,2830.75
2026-03-01T13:30:00Z,28,APXMIDP,7.03,2576.05
2026-03-01T13:00:00Z,27,APXMIDP,5.0,2505.4
2026-03-01T12:30:00Z,26,APXMIDP,3.78,3130.8
2026-03-01T12:00:00Z,25,APXMIDP,-2.29,2825.75
2026-03-01T11:30:00Z,24,APXMIDP,-4.14,2988.4
2026-03-01T11:00:00Z,23,APXMIDP,-4.24,2884.85
2026-03-01T10:30:00Z,22,APXMIDP,-2.8,2366.9
2026-03-01T10:00:00Z,21,APXMIDP,2.92,1857.6
2026-03-01T09:30:00Z,20,APXMIDP,6.3,2114.65
2026-03-01T09:00:00Z,19,APXMIDP,8.57,2094.4
2026-03-01T08:30:00Z,18,APXMIDP,15.81,2304.5
2026-03-01T08:00:00Z,17,APXMIDP,15.94,2204.85
2026-03-01T07:30:00Z,16,APXMIDP,23.08,2520.05
2026-03-01T07:00:00Z,15,APXMIDP,26.72,2418.7
2026-03-01T06:30:00Z,14,APXMIDP,29.47,1982.15
2026-03-01T06:00:00Z,13,APXMIDP,33.6,2181.25
2026-03-01T05:30:00Z,12,APXMIDP,36.99,2487.15
2026-03-01T05:00:00Z,11,APXMIDP,39.6,2397.3
2026-03-01T04:30:00Z,10,APXMIDP,42.37,2350.45
2026-03-01T04:00:00Z,9,APXMIDP,42.28,1843.35
2026-03-01T03:30:00Z,8,APXMIDP,43.41,1984.4
2026-03-01T03:00:00Z,7,APXMIDP,53.22,2167.1
2026-03-01T02:30:00Z,6,APXMIDP,63.41,2320.05
2026-03-01T02:00:00Z,5,APXMIDP,71.82,2288.4
2026-03-01T01:30:00Z,4,APXMIDP,76.91,2351.7
2026-03-01T01:00:00Z,3,APXMIDP,87.99,2577.5
2026-03-01T00:30:00Z,2,APXMIDP,89.36,2698.8
2026-03-01T00:00:00Z,1,APXMIDP,87.9,2244.9
2026-03-15T00:00:00Z,1,APXMIDP,107.28,1977.7
2026-03-14T23:30:00Z,48,APXMIDP,106.01,1975.5
2026-03-14T23:00:00Z,47,APXMIDP,104.23,2267.15
2026-03-14T22:30:00Z,46,APXMIDP,106.08,2352.75
2026-03-14T22:00:00Z,45,APXMIDP,112.16,2498.15
2026-03-14T21:30:00Z,44,APXMIDP,111.58,1570.0
2026-03-14T21:00:00Z,43,APXMIDP,123.96,1786.65
2026-03-14T20:30:00Z,42,APXMIDP,129.41,2014.25
2026-03-14T20:00:00Z,41,APXMIDP,134.5,2284.0
2026-03-14T19:30:00Z,40,APXMIDP,132.72,2170.55
2026-03-14T19:00:00Z,39,APXMIDP,135.15,2509.7
2026-03-14T18:30:00Z,38,APXMIDP,146.9,3180.05
2026-03-14T18:00:00Z,37,APXMIDP,137.91,3405.25
2026-03-14T17:30:00Z,36,APXMIDP,137.1,3142.05
2026-03-14T17:00:00Z,35,APXMIDP,135.12,3431.65
2026-03-14T16:30:00Z,34,APXMIDP,114.12,3700.9
2026-03-14T16:00:00Z,33,APXMIDP,102.48,2847.7
2026-03-14T15:30:00Z,32,APXMIDP,100.53,3934.7
2026-03-14T15:00:00Z,31,APXMIDP,103.95,3336.15
2026-03-14T14:30:00Z,30,APXMIDP,96.52,3822.15
2026-03-14T14:00:00Z,29,APXMIDP,94.53,3575.2
2026-03-14T13:30:00Z,28,APXMIDP,102.02,2870.55
2026-03-14T13:00:00Z,27,APXMIDP,103.44,3175.3
2026-03-14T12:30:00Z,26,APXMIDP,99.89,3264.3
2026-03-14T12:00:00Z,25,APXMIDP,100.12,3586.75
2026-03-14T11:30:00Z,24,APXMIDP,97.64,3504.0
2026-03-14T11:00:00Z,23,APXMIDP,97.14,3312.95
2026-03-14T10:30:00Z,22,APXMIDP,94.2,3378.7
2026-03-14T10:00:00Z,21,APXMIDP,94.25,2451.45
2026-03-14T09:30:00Z,20,APXMIDP,108.74,2334.6
2026-03-14T09:00:00Z,19,APXMIDP,114.06,2525.75
2026-03-14T08:30:00Z,18,APXMIDP,112.78,2011.45
2026-03-14T08:00:00Z,17,APXMIDP,116.67,1734.75
2026-03-14T07:30:00Z,16,APXMIDP,114.09,1732.9
2026-03-14T07:00:00Z,15,APXMIDP,118.38,1380.25
2026-03-14T06:30:00Z,14,APXMIDP,120.1,1772.2
2026-03-14T06:00:00Z,13,APXMIDP,110.11,1265.45
2026-03-14T05:30:00Z,12,APXMIDP,108.79,1413.8
2026-03-14T05:00:00Z,11,APXMIDP,103.34,1419.0
2026-03-14T04:30:00Z,10,APXMIDP,107.27,1489.4
2026-03-14T04:00:00Z,9,APXMIDP,108.66,1453.65
2026-03-14T03:30:00Z,8,APXMIDP,105.23,1596.95
2026-03-14T03:00:00Z,7,APXMIDP,103.9,1538.65
2026-03-14T02:30:00Z,6,APXMIDP,102.94,1636.5
2026-03-14T02:00:00Z,5,APXMIDP,104.82,1454.3
2026-03-14T01:30:00Z,4,APXMIDP,104.91,1365.95
2026-03-14T01:00:00Z,3,APXMIDP,109.66,1454.4
2026-03-14T00:30:00Z,2,APXMIDP,110.38,1675.9
2026-03-14T00:00:00Z,1,APXMIDP,108.77,1872.7
2026-03-13T23:30:00Z,48,APXMIDP,104.78,2239.35
2026-03-13T23:00:00Z,47,APXMIDP,104.82,2035.35
2026-03-13T22:30:00Z,46,APXMIDP,105.41,4056.9
2026-03-13T22:00:00Z,45,APXMIDP,113.46,3980.6
2026-03-13T21:30:00Z,44,APXMIDP,116.0,3485.3
2026-03-13T21:00:00Z,43,APXMIDP,120.39,3095.85
2026-03-13T20:30:00Z,42,APXMIDP,122.34,3286.35
2026-03-13T20:00:00Z,41,APXMIDP,122.01,3117.15
2026-03-13T19:30:00Z,40,APXMIDP,123.28,3623.1
2026-03-13T19:00:00Z,39,APXMIDP,123.75,3590.15
2026-03-13T18:30:00Z,38,APXMIDP,130.86,5211.05
2026-03-13T18:00:00Z,37,APXMIDP,127.87,4805.25
2026-03-13T17:30:00Z,36,APXMIDP,127.73,4723.85
2026-03-13T17:00:00Z,35,APXMIDP,119.48,5065.9
2026-03-13T16:30:00Z,34,APXMIDP,113.11,5063.15
2026-03-13T16:00:00Z,33,APXMIDP,107.84,5345.4
2026-03-13T15:30:00Z,32,APXMIDP,104.13,4183.2
2026-03-13T15:00:00Z,31,APXMIDP,110.11,3999.6
2026-03-13T14:30:00Z,30,APXMIDP,96.24,4553.65
2026-03-13T14:00:00Z,29,APXMIDP,95.75,4367.05
2026-03-13T13:30:00Z,28,APXMIDP,88.54,3885.3
2026-03-13T13:00:00Z,27,APXMIDP,92.85,4086.4
2026-03-13T12:30:00Z,26,APXMIDP,96.05,3652.9
2026-03-13T12:00:00Z,25,APXMIDP,90.13,4413.75
2026-03-13T11:30:00Z,24,APXMIDP,93.91,3935.25
2026-03-13T11:00:00Z,23,APXMIDP,100.16,3898.85
2026-03-13T10:30:00Z,22,APXMIDP,105.9,4107.5
2026-03-13T10:00:00Z,21,APXMIDP,108.21,2936.85
2026-03-13T09:30:00Z,20,APXMIDP,107.98,3262.6
2026-03-13T09:00:00Z,19,APXMIDP,109.1,2933.45
2026-03-13T08:30:00Z,18,APXMIDP,104.95,2876.4
2026-03-13T08:00:00Z,17,APXMIDP,99.92,2524.35
2026-03-13T07:30:00Z,16,APXMIDP,86.6,2491.9
2026-03-13T07:00:00Z,15,APXMIDP,78.52,2318.0
2026-03-13T06:30:00Z,14,APXMIDP,53.57,3035.15
2026-03-13T06:00:00Z,13,APXMIDP,13.5,2243.0
2026-03-13T05:30:00Z,12,APXMIDP,12.71,2568.25
2026-03-13T05:00:00Z,11,APXMIDP,0.1,2113.0
2026-03-13T04:30:00Z,10,APXMIDP,-2.96,2131.1
2026-03-13T04:00:00Z,9,APXMIDP,-2.5,2139.3
2026-03-13T03:30:00Z,8,APXMIDP,-2.69,2215.4
2026-03-13T03:00:00Z,7,APXMIDP,-2.08,2065.7
2026-03-13T02:30:00Z,6,APXMIDP,0.63,2917.95
2026-03-13T02:00:00Z,5,APXMIDP,0.81,2950.55
2026-03-13T01:30:00Z,4,APXMIDP,3.97,3130.75
2026-03-13T01:00:00Z,3,APXMIDP,-2.41,2537.5
2026-03-13T00:30:00Z,2,APXMIDP,2.14,2652.45
2026-03-13T00:00:00Z,1,APXMIDP,-1.38,2274.55
2026-03-12T23:30:00Z,48,APXMIDP,-1.06,2649.2
2026-03-12T23:00:00Z,47,APXMIDP,6.29,2683.4
2026-03-12T22:30:00Z,46,APXMIDP,17.32,4603.1
2026-03-12T22:00:00Z,45,APXMIDP,46.54,4708.95
2026-03-12T21:30:00Z,44,APXMIDP,59.96,4308.2
2026-03-12T21:00:00Z,43,APXMIDP,90.01,4426.75
2026-03-12T20:30:00Z,42,APXMIDP,109.59,3717.4
2026-03-12T20:00:00Z,41,APXMIDP,128.04,3629.55
2026-03-12T19:30:00Z,40,APXMIDP,137.87,4059.9
2026-03-12T19:00:00Z,39,APXMIDP,139.93,4134.35
2026-03-12T18:30:00Z,38,APXMIDP,136.39,4178.25
2026-03-12T18:00:00Z,37,APXMIDP,134.37,4230.9
2026-03-12T17:30:00Z,36,APXMIDP,133.66,4290.15
2026-03-12T17:00:00Z,35,APXMIDP,128.73,3969.95
2026-03-12T16:30:00Z,34,APXMIDP,123.31,3371.1
2026-03-12T16:00:00Z,33,APXMIDP,120.31,3644.9
2026-03-12T15:30:00Z,32,APXMIDP,114.86,3184.55
2026-03-12T15:00:00Z,31,APXMIDP,105.92,3478.15
2026-03-12T14:30:00Z,30,APXMIDP,103.8,4949.45
2026-03-12T14:00:00Z,29,APXMIDP,97.35,4490.1
2026-03-12T13:30:00Z,28,APXMIDP,101.7,4267.85
2026-03-12T13:00:00Z,27,APXMIDP,100.38,4031.0
2026-03-12T12:30:00Z,26,APXMIDP,95.09,3467.15
2026-03-12T12:00:00Z,25,APXMIDP,90.17,3903.25
2026-03-12T11:30:00Z,24,APXMIDP,90.36,3328.35
2026-03-12T11:00:00Z,23,APXMIDP,88.96,3127.55
2026-03-12T10:30:00Z,22,APXMIDP,85.28,3027.9
2026-03-12T10:00:00Z,21,APXMIDP,80.35,2759.1
2026-03-12T09:30:00Z,20,APXMIDP,67.88,2274.75
2026-03-12T09:00:00Z,19,APXMIDP,65.58,2350.2
2026-03-12T08:30:00Z,18,APXMIDP,63.25,2705.75
2026-03-12T08:00:00Z,17,APXMIDP,63.63,2489.85
2026-03-12T07:30:00Z,16,APXMIDP,93.24,3138.45
2026-03-12T07:00:00Z,15,APXMIDP,80.61,2776.6
2026-03-12T06:30:00Z,14,APXMIDP,98.37,2607.9
2026-03-12T06:00:00Z,13,APXMIDP,84.69,2412.1
2026-03-12T05:30:00Z,12,APXMIDP,83.95,2056.75
2026-03-12T05:00:00Z,11,APXMIDP,75.2,1660.0
2026-03-12T04:30:00Z,10,APXMIDP,62.8,1927.85
2026-03-12T04:00:00Z,9,APXMIDP,62.65,2046.35
2026-03-12T03:30:00Z,8,APXMIDP,56.96,2081.25
2026-03-12T03:00:00Z,7,APXMIDP,60.87,2011.45
2026-03-12T02:30:00Z,6,APXMIDP,61.46,2141.9
2026-03-12T02:00:00Z,5,APXMIDP,69.91,2287.35
2026-03-12T01:30:00Z,4,APXMIDP,68.3,2004.15
2026-03-12T01:00:00Z,3,APXMIDP,73.64,2571.25
2026-03-12T00:30:00Z,2,APXMIDP,80.53,1934.1
2026-03-12T00:00:00Z,1,APXMIDP,77.87,2005.65
2026-03-11T23:30:00Z,48,APXMIDP,71.26,2072.15
2026-03-11T23:00:00Z,47,APXMIDP,74.83,2273.75
2026-03-11T22:30:00Z,46,APXMIDP,72.74,2546.4
2026-03-11T22:00:00Z,45,APXMIDP,89.49,2386.9
2026-03-11T21:30:00Z,44,APXMIDP,79.94,2466.8
2026-03-11T21:00:00Z,43,APXMIDP,99.88,2777.1
2026-03-11T20:30:00Z,42,APXMIDP,91.87,3618.1
2026-03-11T20:00:00Z,41,APXMIDP,104.62,3819.15
2026-03-11T19:30:00Z,40,APXMIDP,110.49,3233.35
2026-03-11T19:00:00Z,39,APXMIDP,113.59,3210.5
2026-03-11T18:30:00Z,38,APXMIDP,114.09,3977.0
2026-03-11T18:00:00Z,37,APXMIDP,109.51,3722.4
2026-03-11T17:30:00Z,36,APXMIDP,108.29,3716.7
2026-03-11T17:00:00Z,35,APXMIDP,100.56,3828.05
2026-03-11T16:30:00Z,34,APXMIDP,88.63,4139.35
2026-03-11T16:00:00Z,33,APXMIDP,62.28,4024.2
2026-03-11T15:30:00Z,32,APXMIDP,67.01,3394.65
2026-03-11T15:00:00Z,31,APXMIDP,40.42,3682.9
2026-03-11T14:30:00Z,30,APXMIDP,27.23,4505.1
2026-03-11T14:00:00Z,29,APXMIDP,21.5,4633.3
2026-03-11T13:30:00Z,28,APXMIDP,16.46,4309.1
2026-03-11T13:00:00Z,27,APXMIDP,14.71,5141.15
2026-03-11T12:30:00Z,26,APXMIDP,13.33,4844.75
2026-03-11T12:00:00Z,25,APXMIDP,14.97,4868.9
2026-03-11T11:30:00Z,24,APXMIDP,17.39,4295.25
2026-03-11T11:00:00Z,23,APXMIDP,18.59,4293.6
2026-03-11T10:30:00Z,22,APXMIDP,26.5,4595.8
2026-03-11T10:00:00Z,21,APXMIDP,36.62,5166.1
2026-03-11T09:30:00Z,20,APXMIDP,34.95,4668.9
2026-03-11T09:00:00Z,19,APXMIDP,53.6,3660.65
2026-03-11T08:30:00Z,18,APXMIDP,62.58,3059.75
2026-03-11T08:00:00Z,17,APXMIDP,75.47,3539.45
2026-03-11T07:30:00Z,16,APXMIDP,84.64,3035.95
2026-03-11T07:00:00Z,15,APXMIDP,80.63,2493.8
2026-03-11T06:30:00Z,14,APXMIDP,77.2,2639.85
2026-03-11T06:00:00Z,13,APXMIDP,61.38,2255.25
2026-03-11T05:30:00Z,12,APXMIDP,54.48,2151.25
2026-03-11T05:00:00Z,11,APXMIDP,45.89,2148.7
2026-03-11T04:30:00Z,10,APXMIDP,48.33,1932.9
2026-03-11T04:00:00Z,9,APXMIDP,43.02,1900.8
2026-03-11T03:30:00Z,8,APXMIDP,37.77,1887.95
2026-03-11T03:00:00Z,7,APXMIDP,37.32,1814.35
2026-03-11T02:30:00Z,6,APXMIDP,37.84,1186.3
2026-03-11T02:00:00Z,5,APXMIDP,47.66,1136.0
2026-03-11T01:30:00Z,4,APXMIDP,47.16,213.5
2026-03-11T01:00:00Z,3,APXMIDP,44.77,118.4
2026-03-11T00:30:00Z,2,APXMIDP,49.06,544.05
2026-03-11T00:00:00Z,1,APXMIDP,46.55,724.75
2026-03-10T23:30:00Z,48,APXMIDP,44.44,1059.45
2026-03-10T23:00:00Z,47,APXMIDP,49.82,1161.0
2026-03-10T22:30:00Z,46,APXMIDP,68.54,1604.15
2026-03-10T22:00:00Z,45,APXMIDP,81.86,1274.85
2026-03-10T21:30:00Z,44,APXMIDP,80.91,1243.8
2026-03-10T21:00:00Z,43,APXMIDP,83.79,996.0
2026-03-10T20:30:00Z,42,APXMIDP,88.93,2374.3
2026-03-10T20:00:00Z,41,APXMIDP,94.56,2661.35
2026-03-10T19:30:00Z,40,APXMIDP,92.48,3642.0
2026-03-10T19:00:00Z,39,APXMIDP,92.15,4368.95
2026-03-10T18:30:00Z,38,APXMIDP,104.29,4277.95
2026-03-10T18:00:00Z,37,APXMIDP,102.57,3743.2
2026-03-10T17:30:00Z,36,APXMIDP,99.94,4016.35
2026-03-10T17:00:00Z,35,APXMIDP,92.36,3420.7
2026-03-10T16:30:00Z,34,APXMIDP,91.75,3681.4
2026-03-10T16:00:00Z,33,APXMIDP,88.14,3313.1
2026-03-10T15:30:00Z,32,APXMIDP,88.28,3733.15
2026-03-10T15:00:00Z,31,APXMIDP,87.18,2530.05
2026-03-10T14:30:00Z,30,APXMIDP,81.55,4896.65
2026-03-10T14:00:00Z,29,APXMIDP,81.67,4466.7
2026-03-10T13:30:00Z,28,APXMIDP,82.41,5698.7
2026-03-10T13:00:00Z,27,APXMIDP,78.23,5983.7
2026-03-10T12:30:00Z,26,APXMIDP,77.7,6320.55
2026-03-10T12:00:00Z,25,APXMIDP,78.58,5899.35
2026-03-10T11:30:00Z,24,APXMIDP,66.28,4969.25
2026-03-10T11:00:00Z,23,APXMIDP,76.67,4530.6
2026-03-10T10:30:00Z,22,APXMIDP,83.07,4539.35
2026-03-10T10:00:00Z,21,APXMIDP,66.1,3838.9
2026-03-10T09:30:00Z,20,APXMIDP,80.86,3045.25
2026-03-10T09:00:00Z,19,APXMIDP,101.06,3004.1
2026-03-10T08:30:00Z,18,APXMIDP,106.41,2454.3
2026-03-10T08:00:00Z,17,APXMIDP,108.46,2012.15
2026-03-10T07:30:00Z,16,APXMIDP,124.12,2912.2
2026-03-10T07:00:00Z,15,APXMIDP,121.3,2964.7
2026-03-10T06:30:00Z,14,APXMIDP,109.57,2234.0
2026-03-10T06:00:00Z,13,APXMIDP,100.61,2019.45
2026-03-10T05:30:00Z,12,APXMIDP,88.22,1596.35
2026-03-10T05:00:00Z,11,APXMIDP,88.3,1439.2
2026-03-10T04:30:00Z,10,APXMIDP,92.42,1923.15
2026-03-10T04:00:00Z,9,APXMIDP,95.7,1596.65
2026-03-10T03:30:00Z,8,APXMIDP,96.38,1433.1
2026-03-10T03:00:00Z,7,APXMIDP,102.42,1811.7
2026-03-10T02:30:00Z,6,APXMIDP,103.91,2088.8
2026-03-10T02:00:00Z,5,APXMIDP,109.69,2131.1
2026-03-10T01:30:00Z,4,APXMIDP,111.17,1930.1
2026-03-10T01:00:00Z,3,APXMIDP,109.81,1730.0
2026-03-10T00:30:00Z,2,APXMIDP,113.73,2087.6
2026-03-10T00:00:00Z,1,APXMIDP,111.72,1861.65
2026-03-09T23:30:00Z,48,APXMIDP,113.42,1885.3
2026-03-09T23:00:00Z,47,APXMIDP,108.67,2121.5
2026-03-09T22:30:00Z,46,APXMIDP,112.72,2985.7
2026-03-09T22:00:00Z,45,APXMIDP,113.63,2495.3
2026-03-09T21:30:00Z,44,APXMIDP,120.16,2854.85
2026-03-09T21:00:00Z,43,APXMIDP,114.45,2777.85
2026-03-09T20:30:00Z,42,APXMIDP,119.77,3060.55
2026-03-09T20:00:00Z,41,APXMIDP,124.41,3061.8
2026-03-09T19:30:00Z,40,APXMIDP,134.94,3139.55
2026-03-09T19:00:00Z,39,APXMIDP,150.18,3485.35
2026-03-09T18:30:00Z,38,APXMIDP,173.34,3886.3
2026-03-09T18:00:00Z,37,APXMIDP,170.03,3791.3
2026-03-09T17:30:00Z,36,APXMIDP,169.46,3890.8
2026-03-09T17:00:00Z,35,APXMIDP,167.1,3540.05
2026-03-09T16:30:00Z,34,APXMIDP,151.21,3879.35
2026-03-09T16:00:00Z,33,APXMIDP,144.42,3644.8
2026-03-09T15:30:00Z,32,APXMIDP,125.71,3731.25
2026-03-09T15:00:00Z,31,APXMIDP,127.83,3160.8
2026-03-09T14:30:00Z,30,APXMIDP,124.7,3844.9
2026-03-09T14:00:00Z,29,APXMIDP,125.92,4067.8
2026-03-09T13:30:00Z,28,APXMIDP,127.27,4101.15
2026-03-09T13:00:00Z,27,APXMIDP,132.27,4320.25
2026-03-09T12:30:00Z,26,APXMIDP,134.03,3547.95
2026-03-09T12:00:00Z,25,APXMIDP,138.34,3458.2
2026-03-09T11:30:00Z,24,APXMIDP,136.72,3135.9
2026-03-09T11:00:00Z,23,APXMIDP,140.7,3297.7
2026-03-09T10:30:00Z,22,APXMIDP,146.07,2908.35
2026-03-09T10:00:00Z,21,APXMIDP,148.68,2882.0
2026-03-09T09:30:00Z,20,APXMIDP,144.67,2657.95
2026-03-09T09:00:00Z,19,APXMIDP,139.38,2801.05
2026-03-09T08:30:00Z,18,APXMIDP,135.21,2580.75
2026-03-09T08:00:00Z,17,APXMIDP,126.86,2465.1
2026-03-09T07:30:00Z,16,APXMIDP,133.5,2472.1
2026-03-09T07:00:00Z,15,APXMIDP,131.6,2350.3
2026-03-09T06:30:00Z,14,APXMIDP,138.73,2061.0
2026-03-09T06:00:00Z,13,APXMIDP,137.86,2180.45
2026-03-09T05:30:00Z,12,APXMIDP,133.94,2231.8
2026-03-09T05:00:00Z,11,APXMIDP,142.06,2083.45
2026-03-09T04:30:00Z,10,APXMIDP,124.6,2307.6
2026-03-09T04:00:00Z,9,APXMIDP,126.03,2311.15
2026-03-09T03:30:00Z,8,APXMIDP,132.01,1804.2
2026-03-09T03:00:00Z,7,APXMIDP,135.14,1569.45
2026-03-09T02:30:00Z,6,APXMIDP,142.33,1504.8
2026-03-09T02:00:00Z,5,APXMIDP,139.61,1319.55
2026-03-09T01:30:00Z,4,APXMIDP,139.74,930.25
2026-03-09T01:00:00Z,3,APXMIDP,142.65,959.95
2026-03-09T00:30:00Z,2,APXMIDP,129.33,1019.1
2026-03-09T00:00:00Z,1,APXMIDP,122.16,1205.2
2026-03-08T23:30:00Z,48,APXMIDP,120.3,1761.05
2026-03-08T23:00:00Z,47,APXMIDP,118.96,1606.55
2026-03-08T22:30:00Z,46,APXMIDP,125.46,1787.2
2026-03-08T22:00:00Z,45,APXMIDP,126.26,1592.8
2026-03-08T21:30:00Z,44,APXMIDP,128.08,2051.65
2026-03-08T21:00:00Z,43,APXMIDP,132.88,2333.2
2026-03-08T20:30:00Z,42,APXMIDP,138.91,1700.7
2026-03-08T20:00:00Z,41,APXMIDP,142.57,1857.3
2026-03-08T19:30:00Z,40,APXMIDP,140.9,2033.45
2026-03-08T19:00:00Z,39,APXMIDP,149.44,2239.85
2026-03-08T18:30:00Z,38,APXMIDP,152.9,2487.65
2026-03-08T18:00:00Z,37,APXMIDP,154.95,2828.95
2026-03-08T17:30:00Z,36,APXMIDP,158.29,2524.7
2026-03-08T17:00:00Z,35,APXMIDP,159.03,2455.2
2026-03-08T16:30:00Z,34,APXMIDP,154.77,2643.9
2026-03-08T16:00:00Z,33,APXMIDP,151.1,1639.85
2026-03-08T15:30:00Z,32,APXMIDP,142.2,2793.5
2026-03-08T15:00:00Z,31,APXMIDP,143.15,2317.5
2026-03-08T14:30:00Z,30,APXMIDP,133.07,2532.3
2026-03-08T14:00:00Z,29,APXMIDP,131.46,2575.8
2026-03-08T13:30:00Z,28,APXMIDP,131.58,2219.65
2026-03-08T13:00:00Z,27,APXMIDP,133.45,1813.85
2026-03-08T12:30:00Z,26,APXMIDP,131.69,1590.15
2026-03-08T12:00:00Z,25,APXMIDP,127.86,1177.55
2026-03-08T11:30:00Z,24,APXMIDP,128.28,1039.95
2026-03-08T11:00:00Z,23,APXMIDP,128.84,386.05
2026-03-08T10:30:00Z,22,APXMIDP,129.88,807.9
2026-03-08T10:00:00Z,21,APXMIDP,130.54,1008.4
2026-03-08T09:30:00Z,20,APXMIDP,130.64,1040.75
2026-03-08T09:00:00Z,19,APXMIDP,129.45,1160.7
2026-03-08T08:30:00Z,18,APXMIDP,118.2,1842.1
2026-03-08T08:00:00Z,17,APXMIDP,111.85,1761.7
2026-03-08T07:30:00Z,16,APXMIDP,111.01,2072.9
2026-03-08T07:00:00Z,15,APXMIDP,108.32,1609.55
2026-03-08T06:30:00Z,14,APXMIDP,111.17,2565.5
2026-03-08T06:00:00Z,13,APXMIDP,110.46,2484.1
2026-03-08T05:30:00Z,12,APXMIDP,113.65,1939.95
2026-03-08T05:00:00Z,11,APXMIDP,113.35,1954.55
2026-03-08T04:30:00Z,10,APXMIDP,112.49,2102.15
2026-03-08T04:00:00Z,9,APXMIDP,105.5,1702.8
2026-03-08T03:30:00Z,8,APXMIDP,107.16,1751.95
2026-03-08T03:00:00Z,7,APXMIDP,108.35,1731.0
2026-03-08T02:30:00Z,6,APXMIDP,110.34,1932.25
2026-03-08T02:00:00Z,5,APXMIDP,112.21,1891.1
2026-03-08T01:30:00Z,4,APXMIDP,114.84,1516.5
2026-03-08T01:00:00Z,3,APXMIDP,119.46,1589.9
2026-03-08T00:30:00Z,2,APXMIDP,122.37,1171.85
2026-03-08T00:00:00Z,1,APXMIDP,114.98,1157.3
2026-03-22T00:00:00Z,1,APXMIDP,99.54,1281.6
2026-03-21T23:30:00Z,48,APXMIDP,102.81,1476.6
2026-03-21T23:00:00Z,47,APXMIDP,106.63,1253.65
2026-03-21T22:30:00Z,46,APXMIDP,110.24,1982.0
2026-03-21T22:00:00Z,45,APXMIDP,111.45,1880.15
2026-03-21T21:30:00Z,44,APXMIDP,112.42,1751.45
2026-03-21T21:00:00Z,43,APXMIDP,117.89,1778.25
2026-03-21T20:30:00Z,42,APXMIDP,126.32,1624.2
2026-03-21T20:00:00Z,41,APXMIDP,139.48,2143.9
2026-03-21T19:30:00Z,40,APXMIDP,142.97,1996.2
2026-03-21T19:00:00Z,39,APXMIDP,144.45,2353.15
2026-03-21T18:30:00Z,38,APXMIDP,146.41,2646.55
2026-03-21T18:00:00Z,37,APXMIDP,142.5,2743.6
2026-03-21T17:30:00Z,36,APXMIDP,140.46,2913.25
2026-03-21T17:00:00Z,35,APXMIDP,137.65,2246.85
2026-03-21T16:30:00Z,34,APXMIDP,127.37,2310.9
2026-03-21T16:00:00Z,33,APXMIDP,114.51,2433.3
2026-03-21T15:30:00Z,32,APXMIDP,108.23,2397.85
2026-03-21T15:00:00Z,31,APXMIDP,108.94,2460.25
2026-03-21T14:30:00Z,30,APXMIDP,101.57,1763.35
2026-03-21T14:00:00Z,29,APXMIDP,102.35,1694.05
2026-03-21T13:30:00Z,28,APXMIDP,103.27,1879.35
2026-03-21T13:00:00Z,27,APXMIDP,107.14,2267.95
2026-03-21T12:30:00Z,26,APXMIDP,104.6,2239.2
2026-03-21T12:00:00Z,25,APXMIDP,113.03,2080.65
2026-03-21T11:30:00Z,24,APXMIDP,110.69,2416.75
2026-03-21T11:00:00Z,23,APXMIDP,113.34,1828.4
2026-03-21T10:30:00Z,22,APXMIDP,136.74,1891.95
2026-03-21T10:00:00Z,21,APXMIDP,145.07,1735.0
2026-03-21T09:30:00Z,20,APXMIDP,143.74,1764.45
2026-03-21T09:00:00Z,19,APXMIDP,145.19,1676.95
2026-03-21T08:30:00Z,18,APXMIDP,143.09,1889.55
2026-03-21T08:00:00Z,17,APXMIDP,147.6,2208.9
2026-03-21T07:30:00Z,16,APXMIDP,148.6,2358.4
2026-03-21T07:00:00Z,15,APXMIDP,148.51,2521.9
2026-03-21T06:30:00Z,14,APXMIDP,148.2,2331.0
2026-03-21T06:00:00Z,13,APXMIDP,137.06,2077.5
2026-03-21T05:30:00Z,12,APXMIDP,134.7,1577.0
2026-03-21T05:00:00Z,11,APXMIDP,130.79,1830.35
2026-03-21T04:30:00Z,10,APXMIDP,118.28,1787.8
2026-03-21T04:00:00Z,9,APXMIDP,117.48,1707.9
2026-03-21T03:30:00Z,8,APXMIDP,117.25,1467.95
2026-03-21T03:00:00Z,7,APXMIDP,116.09,1025.15
2026-03-21T02:30:00Z,6,APXMIDP,117.94,1770.85
2026-03-21T02:00:00Z,5,APXMIDP,122.33,1652.55
2026-03-21T01:30:00Z,4,APXMIDP,117.54,1741.1
2026-03-21T01:00:00Z,3,APXMIDP,118.83,1657.35
2026-03-21T00:30:00Z,2,APXMIDP,121.39,1713.85
2026-03-21T00:00:00Z,1,APXMIDP,116.86,1450.8
2026-03-20T23:30:00Z,48,APXMIDP,110.52,1240.3
2026-03-20T23:00:00Z,47,APXMIDP,109.85,1043.7
2026-03-20T22:30:00Z,46,APXMIDP,119.26,2639.1
2026-03-20T22:00:00Z,45,APXMIDP,120.49,2002.55
2026-03-20T21:30:00Z,44,APXMIDP,124.15,2605.25
2026-03-20T21:00:00Z,43,APXMIDP,121.95,2673.45
2026-03-20T20:30:00Z,42,APXMIDP,127.98,2444.5
2026-03-20T20:00:00Z,41,APXMIDP,139.35,2653.95
2026-03-20T19:30:00Z,40,APXMIDP,142.25,2360.65
2026-03-20T19:00:00Z,39,APXMIDP,141.51,2428.6
2026-03-20T18:30:00Z,38,APXMIDP,145.83,4083.85
2026-03-20T18:00:00Z,37,APXMIDP,142.85,3668.35
2026-03-20T17:30:00Z,36,APXMIDP,143.99,2842.95
2026-03-20T17:00:00Z,35,APXMIDP,142.26,2849.0
2026-03-20T16:30:00Z,34,APXMIDP,130.38,2704.35
2026-03-20T16:00:00Z,33,APXMIDP,121.45,3182.8
2026-03-20T15:30:00Z,32,APXMIDP,109.15,3284.15
2026-03-20T15:00:00Z,31,APXMIDP,108.47,2769.6
2026-03-20T14:30:00Z,30,APXMIDP,106.74,4059.2
2026-03-20T14:00:00Z,29,APXMIDP,106.53,3672.1
2026-03-20T13:30:00Z,28,APXMIDP,109.96,4024.3
2026-03-20T13:00:00Z,27,APXMIDP,109.16,4171.1
2026-03-20T12:30:00Z,26,APXMIDP,106.75,3376.8
2026-03-20T12:00:00Z,25,APXMIDP,110.25,3186.55
2026-03-20T11:30:00Z,24,APXMIDP,106.56,2981.75
2026-03-20T11:00:00Z,23,APXMIDP,109.66,3202.35
2026-03-20T10:30:00Z,22,APXMIDP,127.9,3153.45
2026-03-20T10:00:00Z,21,APXMIDP,143.99,3326.45
2026-03-20T09:30:00Z,20,APXMIDP,148.88,2887.45
2026-03-20T09:00:00Z,19,APXMIDP,151.31,2706.25
2026-03-20T08:30:00Z,18,APXMIDP,149.57,2365.9
2026-03-20T08:00:00Z,17,APXMIDP,148.13,2105.4
2026-03-20T07:30:00Z,16,APXMIDP,147.18,2025.85
2026-03-20T07:00:00Z,15,APXMIDP,143.81,1936.5
2026-03-20T06:30:00Z,14,APXMIDP,146.63,2390.0
2026-03-20T06:00:00Z,13,APXMIDP,141.6,1963.1
2026-03-20T05:30:00Z,12,APXMIDP,139.24,1616.45
2026-03-20T05:00:00Z,11,APXMIDP,138.88,1702.15
2026-03-20T04:30:00Z,10,APXMIDP,113.62,1370.65
2026-03-20T04:00:00Z,9,APXMIDP,113.99,1103.8
2026-03-20T03:30:00Z,8,APXMIDP,113.18,1240.1
2026-03-20T03:00:00Z,7,APXMIDP,112.72,1252.55
2026-03-20T02:30:00Z,6,APXMIDP,114.8,2031.75
2026-03-20T02:00:00Z,5,APXMIDP,113.87,1665.9
2026-03-20T01:30:00Z,4,APXMIDP,111.16,1675.9
2026-03-20T01:00:00Z,3,APXMIDP,113.61,1626.9
2026-03-20T00:30:00Z,2,APXMIDP,117.38,1485.65
2026-03-20T00:00:00Z,1,APXMIDP,115.32,1261.75
2026-03-19T23:30:00Z,48,APXMIDP,114.66,1251.0
2026-03-19T23:00:00Z,47,APXMIDP,108.75,1612.8
2026-03-19T22:30:00Z,46,APXMIDP,123.64,3783.2
2026-03-19T22:00:00Z,45,APXMIDP,125.69,3188.4
2026-03-19T21:30:00Z,44,APXMIDP,129.82,3726.45
2026-03-19T21:00:00Z,43,APXMIDP,132.93,4292.8
2026-03-19T20:30:00Z,42,APXMIDP,129.18,3082.85
2026-03-19T20:00:00Z,41,APXMIDP,135.89,3830.5
2026-03-19T19:30:00Z,40,APXMIDP,141.12,3464.85
2026-03-19T19:00:00Z,39,APXMIDP,142.29,3869.8
2026-03-19T18:30:00Z,38,APXMIDP,169.13,4564.05
2026-03-19T18:00:00Z,37,APXMIDP,162.3,5357.95
2026-03-19T17:30:00Z,36,APXMIDP,154.72,5119.65
2026-03-19T17:00:00Z,35,APXMIDP,154.12,4018.5
2026-03-19T16:30:00Z,34,APXMIDP,131.43,3296.2
2026-03-19T16:00:00Z,33,APXMIDP,126.56,3939.05
2026-03-19T15:30:00Z,32,APXMIDP,119.32,3575.55
2026-03-19T15:00:00Z,31,APXMIDP,122.41,3620.15
2026-03-19T14:30:00Z,30,APXMIDP,109.62,4092.7
2026-03-19T14:00:00Z,29,APXMIDP,108.72,3949.45
2026-03-19T13:30:00Z,28,APXMIDP,110.19,4284.8
2026-03-19T13:00:00Z,27,APXMIDP,108.96,4935.35
2026-03-19T12:30:00Z,26,APXMIDP,106.47,4248.1
2026-03-19T12:00:00Z,25,APXMIDP,105.85,4130.2
2026-03-19T11:30:00Z,24,APXMIDP,105.7,4179.2
2026-03-19T11:00:00Z,23,APXMIDP,106.16,3563.65
2026-03-19T10:30:00Z,22,APXMIDP,108.17,3921.9
2026-03-19T10:00:00Z,21,APXMIDP,105.87,3260.9
2026-03-19T09:30:00Z,20,APXMIDP,109.87,3821.35
2026-03-19T09:00:00Z,19,APXMIDP,111.37,3703.5
2026-03-19T08:30:00Z,18,APXMIDP,105.42,2492.35
2026-03-19T08:00:00Z,17,APXMIDP,109.41,2157.9
2026-03-19T07:30:00Z,16,APXMIDP,122.61,2832.4
2026-03-19T07:00:00Z,15,APXMIDP,118.84,2480.95
2026-03-19T06:30:00Z,14,APXMIDP,143.17,2446.6
2026-03-19T06:00:00Z,13,APXMIDP,125.25,2205.5
2026-03-19T05:30:00Z,12,APXMIDP,113.99,1456.25
2026-03-19T05:00:00Z,11,APXMIDP,106.53,1799.3
2026-03-19T04:30:00Z,10,APXMIDP,101.73,1838.75
2026-03-19T04:00:00Z,9,APXMIDP,102.78,1829.9
2026-03-19T03:30:00Z,8,APXMIDP,99.51,1860.3
2026-03-19T03:00:00Z,7,APXMIDP,101.18,1604.1
2026-03-19T02:30:00Z,6,APXMIDP,96.46,1412.9
2026-03-19T02:00:00Z,5,APXMIDP,97.72,1677.25
2026-03-19T01:30:00Z,4,APXMIDP,97.04,1743.1
2026-03-19T01:00:00Z,3,APXMIDP,98.64,1402.45
2026-03-19T00:30:00Z,2,APXMIDP,96.36,1933.15
2026-03-19T00:00:00Z,1,APXMIDP,96.22,1839.9
2026-03-18T23:30:00Z,48,APXMIDP,97.14,2062.5
2026-03-18T23:00:00Z,47,APXMIDP,99.21,2013.85
2026-03-18T22:30:00Z,46,APXMIDP,111.02,3368.7
2026-03-18T22:00:00Z,45,APXMIDP,103.95,2031.2
2026-03-18T21:30:00Z,44,APXMIDP,106.96,1832.7
2026-03-18T21:00:00Z,43,APXMIDP,110.25,2014.9
2026-03-18T20:30:00Z,42,APXMIDP,115.6,2267.35
2026-03-18T20:00:00Z,41,APXMIDP,131.45,2587.75
2026-03-18T19:30:00Z,40,APXMIDP,135.08,3083.7
2026-03-18T19:00:00Z,39,APXMIDP,147.73,2623.3
2026-03-18T18:30:00Z,38,APXMIDP,152.55,3440.35
2026-03-18T18:00:00Z,37,APXMIDP,141.52,3414.55
2026-03-18T17:30:00Z,36,APXMIDP,146.45,3541.35
2026-03-18T17:00:00Z,35,APXMIDP,140.72,3469.1
2026-03-18T16:30:00Z,34,APXMIDP,123.27,3148.6
2026-03-18T16:00:00Z,33,APXMIDP,102.99,4465.0
2026-03-18T15:30:00Z,32,APXMIDP,75.26,4807.9
2026-03-18T15:00:00Z,31,APXMIDP,86.46,3336.0
2026-03-18T14:30:00Z,30,APXMIDP,91.15,4718.35
2026-03-18T14:00:00Z,29,APXMIDP,89.63,4395.25
2026-03-18T13:30:00Z,28,APXMIDP,90.17,4441.6
2026-03-18T13:00:00Z,27,APXMIDP,93.31,4309.7
2026-03-18T12:30:00Z,26,APXMIDP,94.44,3863.05
2026-03-18T12:00:00Z,25,APXMIDP,105.28,3727.55
2026-03-18T11:30:00Z,24,APXMIDP,100.74,3365.4
2026-03-18T11:00:00Z,23,APXMIDP,105.66,3253.4
2026-03-18T10:30:00Z,22,APXMIDP,108.88,4285.2
2026-03-18T10:00:00Z,21,APXMIDP,116.86,4135.2
2026-03-18T09:30:00Z,20,APXMIDP,118.07,4151.2
2026-03-18T09:00:00Z,19,APXMIDP,125.25,3216.05
2026-03-18T08:30:00Z,18,APXMIDP,133.37,2566.1
2026-03-18T08:00:00Z,17,APXMIDP,137.99,2660.4
2026-03-18T07:30:00Z,16,APXMIDP,137.16,2554.45
2026-03-18T07:00:00Z,15,APXMIDP,133.19,2202.15
2026-03-18T06:30:00Z,14,APXMIDP,126.86,2163.35
2026-03-18T06:00:00Z,13,APXMIDP,113.12,1870.45
2026-03-18T05:30:00Z,12,APXMIDP,107.96,2014.15
2026-03-18T05:00:00Z,11,APXMIDP,102.43,2132.75
2026-03-18T04:30:00Z,10,APXMIDP,94.64,2492.2
2026-03-18T04:00:00Z,9,APXMIDP,96.9,2267.1
2026-03-18T03:30:00Z,8,APXMIDP,95.98,2163.2
2026-03-18T03:00:00Z,7,APXMIDP,92.29,2196.0
2026-03-18T02:30:00Z,6,APXMIDP,93.94,2366.25
2026-03-18T02:00:00Z,5,APXMIDP,89.54,2013.4
2026-03-18T01:30:00Z,4,APXMIDP,91.41,1982.8
2026-03-18T01:00:00Z,3,APXMIDP,90.68,2115.7
2026-03-18T00:30:00Z,2,APXMIDP,95.37,2481.8
2026-03-18T00:00:00Z,1,APXMIDP,80.56,2160.15
2026-03-17T23:30:00Z,48,APXMIDP,81.55,1705.85
2026-03-17T23:00:00Z,47,APXMIDP,83.6,1803.95
2026-03-17T22:30:00Z,46,APXMIDP,85.24,3209.45
2026-03-17T22:00:00Z,45,APXMIDP,86.75,2621.15
2026-03-17T21:30:00Z,44,APXMIDP,91.39,2667.15
2026-03-17T21:00:00Z,43,APXMIDP,105.59,2702.35
2026-03-17T20:30:00Z,42,APXMIDP,108.52,2616.5
2026-03-17T20:00:00Z,41,APXMIDP,113.55,2894.9
2026-03-17T19:30:00Z,40,APXMIDP,128.14,2720.7
2026-03-17T19:00:00Z,39,APXMIDP,129.51,2692.8
2026-03-17T18:30:00Z,38,APXMIDP,135.51,4031.05
2026-03-17T18:00:00Z,37,APXMIDP,130.58,4613.4
2026-03-17T17:30:00Z,36,APXMIDP,125.3,3492.8
2026-03-17T17:00:00Z,35,APXMIDP,117.32,3556.6
2026-03-17T16:30:00Z,34,APXMIDP,104.77,3678.0
2026-03-17T16:00:00Z,33,APXMIDP,93.89,3523.6
2026-03-17T15:30:00Z,32,APXMIDP,81.91,4139.0
2026-03-17T15:00:00Z,31,APXMIDP,69.52,4203.1
2026-03-17T14:30:00Z,30,APXMIDP,45.8,4338.6
2026-03-17T14:00:00Z,29,APXMIDP,44.14,4072.4
2026-03-17T13:30:00Z,28,APXMIDP,40.0,4040.85
2026-03-17T13:00:00Z,27,APXMIDP,34.42,3603.65
2026-03-17T12:30:00Z,26,APXMIDP,28.83,3949.9
2026-03-17T12:00:00Z,25,APXMIDP,33.24,4149.6
2026-03-17T11:30:00Z,24,APXMIDP,32.72,3564.5
2026-03-17T11:00:00Z,23,APXMIDP,41.06,4115.25
2026-03-17T10:30:00Z,22,APXMIDP,63.31,4611.65
2026-03-17T10:00:00Z,21,APXMIDP,76.28,4163.1
2026-03-17T09:30:00Z,20,APXMIDP,69.61,3634.95
2026-03-17T09:00:00Z,19,APXMIDP,83.93,3629.3
2026-03-17T08:30:00Z,18,APXMIDP,100.33,2693.6
2026-03-17T08:00:00Z,17,APXMIDP,102.05,2578.6
2026-03-17T07:30:00Z,16,APXMIDP,120.14,2369.2
2026-03-17T07:00:00Z,15,APXMIDP,117.41,2529.95
2026-03-17T06:30:00Z,14,APXMIDP,121.1,2498.05
2026-03-17T06:00:00Z,13,APXMIDP,109.89,2193.7
2026-03-17T05:30:00Z,12,APXMIDP,87.37,2404.95
2026-03-17T05:00:00Z,11,APXMIDP,85.72,1964.0
2026-03-17T04:30:00Z,10,APXMIDP,67.64,2219.75
2026-03-17T04:00:00Z,9,APXMIDP,68.17,2155.1
2026-03-17T03:30:00Z,8,APXMIDP,69.42,1972.0
2026-03-17T03:00:00Z,7,APXMIDP,70.18,1888.6
2026-03-17T02:30:00Z,6,APXMIDP,75.29,1807.7
2026-03-17T02:00:00Z,5,APXMIDP,76.8,1713.35
2026-03-17T01:30:00Z,4,APXMIDP,79.44,1890.5
2026-03-17T01:00:00Z,3,APXMIDP,87.65,1752.7
2026-03-17T00:30:00Z,2,APXMIDP,90.65,1722.95
2026-03-17T00:00:00Z,1,APXMIDP,86.13,1818.4
2026-03-16T23:30:00Z,48,APXMIDP,88.79,1522.45
2026-03-16T23:00:00Z,47,APXMIDP,93.5,1591.75
2026-03-16T22:30:00Z,46,APXMIDP,89.99,2827.6
2026-03-16T22:00:00Z,45,APXMIDP,102.93,2889.8
2026-03-16T21:30:00Z,44,APXMIDP,106.73,2935.35
2026-03-16T21:00:00Z,43,APXMIDP,109.15,2950.3
2026-03-16T20:30:00Z,42,APXMIDP,110.95,3899.7
2026-03-16T20:00:00Z,41,APXMIDP,112.64,4320.8
2026-03-16T19:30:00Z,40,APXMIDP,122.63,4734.5
2026-03-16T19:00:00Z,39,APXMIDP,128.44,4914.15
2026-03-16T18:30:00Z,38,APXMIDP,146.28,4415.2
2026-03-16T18:00:00Z,37,APXMIDP,147.04,4184.15
2026-03-16T17:30:00Z,36,APXMIDP,137.22,3961.55
2026-03-16T17:00:00Z,35,APXMIDP,138.38,4129.65
2026-03-16T16:30:00Z,34,APXMIDP,114.3,4331.4
2026-03-16T16:00:00Z,33,APXMIDP,112.74,3967.9
2026-03-16T15:30:00Z,32,APXMIDP,112.22,4462.75
2026-03-16T15:00:00Z,31,APXMIDP,114.69,4418.45
2026-03-16T14:30:00Z,30,APXMIDP,115.45,4539.7
2026-03-16T14:00:00Z,29,APXMIDP,117.97,3789.75
2026-03-16T13:30:00Z,28,APXMIDP,117.18,3894.7
2026-03-16T13:00:00Z,27,APXMIDP,118.08,3427.75
2026-03-16T12:30:00Z,26,APXMIDP,118.55,3545.4
2026-03-16T12:00:00Z,25,APXMIDP,118.68,3243.9
2026-03-16T11:30:00Z,24,APXMIDP,119.64,3039.2
2026-03-16T11:00:00Z,23,APXMIDP,119.22,3297.35
2026-03-16T10:30:00Z,22,APXMIDP,121.01,3156.25
2026-03-16T10:00:00Z,21,APXMIDP,124.6,2814.1
2026-03-16T09:30:00Z,20,APXMIDP,125.76,2292.35
2026-03-16T09:00:00Z,19,APXMIDP,126.57,2494.65
2026-03-16T08:30:00Z,18,APXMIDP,126.14,2241.95
2026-03-16T08:00:00Z,17,APXMIDP,128.13,2528.75
2026-03-16T07:30:00Z,16,APXMIDP,129.7,2690.35
2026-03-16T07:00:00Z,15,APXMIDP,126.16,2294.4
2026-03-16T06:30:00Z,14,APXMIDP,120.63,2024.45
2026-03-16T06:00:00Z,13,APXMIDP,103.98,2200.4
2026-03-16T05:30:00Z,12,APXMIDP,99.95,1702.85
2026-03-16T05:00:00Z,11,APXMIDP,89.46,1568.4
2026-03-16T04:30:00Z,10,APXMIDP,61.93,2216.2
2026-03-16T04:00:00Z,9,APXMIDP,62.15,2278.4
2026-03-16T03:30:00Z,8,APXMIDP,54.34,2200.05
2026-03-16T03:00:00Z,7,APXMIDP,55.81,2404.1
2026-03-16T02:30:00Z,6,APXMIDP,44.37,2562.05
2026-03-16T02:00:00Z,5,APXMIDP,50.57,2354.85
2026-03-16T01:30:00Z,4,APXMIDP,37.31,2238.0
2026-03-16T01:00:00Z,3,APXMIDP,31.62,1982.35
2026-03-16T00:30:00Z,2,APXMIDP,26.61,2526.55
2026-03-16T00:00:00Z,1,APXMIDP,24.27,2415.9
2026-03-15T23:30:00Z,48,APXMIDP,18.57,2431.25
2026-03-15T23:00:00Z,47,APXMIDP,26.12,2804.25
2026-03-15T22:30:00Z,46,APXMIDP,47.39,2584.25
2026-03-15T22:00:00Z,45,APXMIDP,62.38,2403.5
2026-03-15T21:30:00Z,44,APXMIDP,48.82,2119.75
2026-03-15T21:00:00Z,43,APXMIDP,71.61,2273.9
2026-03-15T20:30:00Z,42,APXMIDP,67.89,2206.35
2026-03-15T20:00:00Z,41,APXMIDP,91.05,2614.6
2026-03-15T19:30:00Z,40,APXMIDP,92.94,2709.15
2026-03-15T19:00:00Z,39,APXMIDP,106.87,2962.0
2026-03-15T18:30:00Z,38,APXMIDP,107.4,3496.8
2026-03-15T18:00:00Z,37,APXMIDP,97.48,3226.35
2026-03-15T17:30:00Z,36,APXMIDP,94.95,3160.85
2026-03-15T17:00:00Z,35,APXMIDP,85.41,2656.05
2026-03-15T16:30:00Z,34,APXMIDP,94.48,2836.5
2026-03-15T16:00:00Z,33,APXMIDP,78.45,2869.7
2026-03-15T15:30:00Z,32,APXMIDP,70.96,2883.2
2026-03-15T15:00:00Z,31,APXMIDP,49.38,2536.4
2026-03-15T14:30:00Z,30,APXMIDP,13.31,3468.35
2026-03-15T14:00:00Z,29,APXMIDP,-0.55,3222.9
2026-03-15T13:30:00Z,28,APXMIDP,-5.95,3642.55
2026-03-15T13:00:00Z,27,APXMIDP,-10.81,3960.6
2026-03-15T12:30:00Z,26,APXMIDP,-16.97,4087.1
2026-03-15T12:00:00Z,25,APXMIDP,-23.29,4279.15
2026-03-15T11:30:00Z,24,APXMIDP,-24.83,4103.8
2026-03-15T11:00:00Z,23,APXMIDP,-24.93,3894.4
2026-03-15T10:30:00Z,22,APXMIDP,-9.45,3513.5
2026-03-15T10:00:00Z,21,APXMIDP,-5.09,3165.3
2026-03-15T09:30:00Z,20,APXMIDP,5.98,3127.25
2026-03-15T09:00:00Z,19,APXMIDP,18.81,2745.95
2026-03-15T08:30:00Z,18,APXMIDP,33.67,2729.25
2026-03-15T08:00:00Z,17,APXMIDP,38.51,2765.85
2026-03-15T07:30:00Z,16,APXMIDP,47.95,3142.95
2026-03-15T07:00:00Z,15,APXMIDP,54.13,2907.3
2026-03-15T06:30:00Z,14,APXMIDP,69.25,2743.0
2026-03-15T06:00:00Z,13,APXMIDP,78.47,2845.05
2026-03-15T05:30:00Z,12,APXMIDP,71.33,2858.25
2026-03-15T05:00:00Z,11,APXMIDP,83.74,2568.0
2026-03-15T04:30:00Z,10,APXMIDP,78.17,2209.05
2026-03-15T04:00:00Z,9,APXMIDP,89.69,2224.8
2026-03-15T03:30:00Z,8,APXMIDP,91.61,2083.9
2026-03-15T03:00:00Z,7,APXMIDP,101.32,2245.4
2026-03-15T02:30:00Z,6,APXMIDP,103.71,2345.35
2026-03-15T02:00:00Z,5,APXMIDP,105.88,2133.0
2026-03-15T01:30:00Z,4,APXMIDP,102.09,2308.45
2026-03-15T01:00:00Z,3,APXMIDP,105.83,2040.5
2026-03-15T00:30:00Z,2,APXMIDP,108.35,2261.95
2026-03-15T00:00:00Z,1,APXMIDP,107.28,1977.7
2026-03-29T00:00:00Z,1,APXMIDP,80.63,1795.0
2026-03-28T23:30:00Z,48,APXMIDP,91.52,1619.85
2026-03-28T23:00:00Z,47,APXMIDP,111.54,2038.05
2026-03-28T22:30:00Z,46,APXMIDP,121.18,2709.15
2026-03-28T22:00:00Z,45,APXMIDP,122.03,2694.65
2026-03-28T21:30:00Z,44,APXMIDP,124.81,2868.9
2026-03-28T21:00:00Z,43,APXMIDP,132.04,3071.05
2026-03-28T20:30:00Z,42,APXMIDP,138.94,3723.0
2026-03-28T20:00:00Z,41,APXMIDP,144.48,3656.25
2026-03-28T19:30:00Z,40,APXMIDP,145.77,3634.45
2026-03-28T19:00:00Z,39,APXMIDP,145.64,3519.65
2026-03-28T18:30:00Z,38,APXMIDP,143.85,3771.1
2026-03-28T18:00:00Z,37,APXMIDP,137.47,3480.55
2026-03-28T17:30:00Z,36,APXMIDP,135.41,2966.55
2026-03-28T17:00:00Z,35,APXMIDP,122.83,3128.8
2026-03-28T16:30:00Z,34,APXMIDP,96.06,3217.9
2026-03-28T16:00:00Z,33,APXMIDP,49.66,3706.0
2026-03-28T15:30:00Z,32,APXMIDP,22.25,3184.65
2026-03-28T15:00:00Z,31,APXMIDP,11.0,3080.3
2026-03-28T14:30:00Z,30,APXMIDP,4.03,3606.35
2026-03-28T14:00:00Z,29,APXMIDP,1.79,4382.85
2026-03-28T13:30:00Z,28,APXMIDP,-0.24,3576.35
2026-03-28T13:00:00Z,27,APXMIDP,-0.2,3837.35
2026-03-28T12:30:00Z,26,APXMIDP,-3.27,4414.2
2026-03-28T12:00:00Z,25,APXMIDP,-5.52,3970.45
2026-03-28T11:30:00Z,24,APXMIDP,-7.87,3442.35
2026-03-28T11:00:00Z,23,APXMIDP,-9.14,3285.45
2026-03-28T10:30:00Z,22,APXMIDP,-3.12,3612.9
2026-03-28T10:00:00Z,21,APXMIDP,-2.73,3629.45
2026-03-28T09:30:00Z,20,APXMIDP,-2.62,3067.1
2026-03-28T09:00:00Z,19,APXMIDP,0.36,2798.0
2026-03-28T08:30:00Z,18,APXMIDP,8.81,2613.45
2026-03-28T08:00:00Z,17,APXMIDP,23.4,2794.9
2026-03-28T07:30:00Z,16,APXMIDP,55.74,3062.45
2026-03-28T07:00:00Z,15,APXMIDP,52.91,3018.05
2026-03-28T06:30:00Z,14,APXMIDP,51.49,2586.25
2026-03-28T06:00:00Z,13,APXMIDP,41.88,2263.1
2026-03-28T05:30:00Z,12,APXMIDP,34.82,1796.5
2026-03-28T05:00:00Z,11,APXMIDP,31.64,2084.6
2026-03-28T04:30:00Z,10,APXMIDP,31.91,2411.1
2026-03-28T04:00:00Z,9,APXMIDP,31.75,2158.95
2026-03-28T03:30:00Z,8,APXMIDP,31.3,2004.65
2026-03-28T03:00:00Z,7,APXMIDP,38.88,2276.15
2026-03-28T02:30:00Z,6,APXMIDP,47.97,2182.75
2026-03-28T02:00:00Z,5,APXMIDP,54.77,2546.45
2026-03-28T01:30:00Z,4,APXMIDP,62.93,2154.55
2026-03-28T01:00:00Z,3,APXMIDP,78.17,2412.2
2026-03-28T00:30:00Z,2,APXMIDP,75.42,2136.4
2026-03-28T00:00:00Z,1,APXMIDP,73.81,2251.15
2026-03-27T23:30:00Z,48,APXMIDP,71.04,2091.75
2026-03-27T23:00:00Z,47,APXMIDP,80.73,2672.95
2026-03-27T22:30:00Z,46,APXMIDP,72.49,3469.6
2026-03-27T22:00:00Z,45,APXMIDP,85.73,2842.5
2026-03-27T21:30:00Z,44,APXMIDP,91.94,2547.65
2026-03-27T21:00:00Z,43,APXMIDP,92.81,2398.7
2026-03-27T20:30:00Z,42,APXMIDP,102.23,2891.5
2026-03-27T20:00:00Z,41,APXMIDP,115.46,3282.25
2026-03-27T19:30:00Z,40,APXMIDP,122.23,3637.95
2026-03-27T19:00:00Z,39,APXMIDP,121.48,3791.75
2026-03-27T18:30:00Z,38,APXMIDP,131.93,4117.9
2026-03-27T18:00:00Z,37,APXMIDP,127.98,4117.7
2026-03-27T17:30:00Z,36,APXMIDP,119.34,4367.05
2026-03-27T17:00:00Z,35,APXMIDP,113.58,3723.25
2026-03-27T16:30:00Z,34,APXMIDP,95.16,3679.45
2026-03-27T16:00:00Z,33,APXMIDP,87.59,3980.75
2026-03-27T15:30:00Z,32,APXMIDP,81.14,4038.75
2026-03-27T15:00:00Z,31,APXMIDP,76.66,4231.2
2026-03-27T14:30:00Z,30,APXMIDP,66.5,3687.45
2026-03-27T14:00:00Z,29,APXMIDP,69.37,3730.25
2026-03-27T13:30:00Z,28,APXMIDP,72.56,3269.35
2026-03-27T13:00:00Z,27,APXMIDP,78.24,3443.8
2026-03-27T12:30:00Z,26,APXMIDP,85.31,3752.05
2026-03-27T12:00:00Z,25,APXMIDP,87.41,3581.65
2026-03-27T11:30:00Z,24,APXMIDP,89.32,3944.8
2026-03-27T11:00:00Z,23,APXMIDP,89.41,3900.15
2026-03-27T10:30:00Z,22,APXMIDP,95.43,4654.0
2026-03-27T10:00:00Z,21,APXMIDP,100.91,4350.3
2026-03-27T09:30:00Z,20,APXMIDP,100.43,4910.1
2026-03-27T09:00:00Z,19,APXMIDP,104.8,5251.85
2026-03-27T08:30:00Z,18,APXMIDP,105.07,3856.8
2026-03-27T08:00:00Z,17,APXMIDP,96.36,3034.8
2026-03-27T07:30:00Z,16,APXMIDP,113.01,3873.45
2026-03-27T07:00:00Z,15,APXMIDP,106.63,3231.55
2026-03-27T06:30:00Z,14,APXMIDP,121.68,2891.5
2026-03-27T06:00:00Z,13,APXMIDP,116.82,2933.4
2026-03-27T05:30:00Z,12,APXMIDP,116.1,2886.75
2026-03-27T05:00:00Z,11,APXMIDP,117.44,2546.8
2026-03-27T04:30:00Z,10,APXMIDP,101.42,2529.15
2026-03-27T04:00:00Z,9,APXMIDP,106.66,2705.7
2026-03-27T03:30:00Z,8,APXMIDP,105.23,2562.1
2026-03-27T03:00:00Z,7,APXMIDP,104.22,2696.15
2026-03-27T02:30:00Z,6,APXMIDP,101.57,2721.6
2026-03-27T02:00:00Z,5,APXMIDP,101.0,2693.8
2026-03-27T01:30:00Z,4,APXMIDP,102.05,2266.5
2026-03-27T01:00:00Z,3,APXMIDP,102.89,2587.6
2026-03-27T00:30:00Z,2,APXMIDP,102.93,1894.0
2026-03-27T00:00:00Z,1,APXMIDP,100.46,1854.35
2026-03-26T23:30:00Z,48,APXMIDP,102.94,1757.85
2026-03-26T23:00:00Z,47,APXMIDP,103.79,2046.45
2026-03-26T22:30:00Z,46,APXMIDP,105.56,3205.75
2026-03-26T22:00:00Z,45,APXMIDP,117.57,3203.15
2026-03-26T21:30:00Z,44,APXMIDP,116.27,2984.35
2026-03-26T21:00:00Z,43,APXMIDP,120.77,2674.4
2026-03-26T20:30:00Z,42,APXMIDP,115.75,3352.95
2026-03-26T20:00:00Z,41,APXMIDP,130.14,2808.9
2026-03-26T19:30:00Z,40,APXMIDP,130.04,4076.8
2026-03-26T19:00:00Z,39,APXMIDP,124.03,3160.15
2026-03-26T18:30:00Z,38,APXMIDP,149.88,5107.05
2026-03-26T18:00:00Z,37,APXMIDP,145.1,5323.15
2026-03-26T17:30:00Z,36,APXMIDP,135.34,4446.4
2026-03-26T17:00:00Z,35,APXMIDP,133.41,4787.8
2026-03-26T16:30:00Z,34,APXMIDP,101.48,4329.7
2026-03-26T16:00:00Z,33,APXMIDP,94.52,4275.3
2026-03-26T15:30:00Z,32,APXMIDP,91.09,3834.95
2026-03-26T15:00:00Z,31,APXMIDP,93.23,4021.55
2026-03-26T14:30:00Z,30,APXMIDP,93.1,4520.45
2026-03-26T14:00:00Z,29,APXMIDP,95.11,3082.9
2026-03-26T13:30:00Z,28,APXMIDP,104.82,3344.3
2026-03-26T13:00:00Z,27,APXMIDP,100.7,2793.65
2026-03-26T12:30:00Z,26,APXMIDP,104.92,3454.7
2026-03-26T12:00:00Z,25,APXMIDP,109.04,3418.4
2026-03-26T11:30:00Z,24,APXMIDP,110.84,3066.45
2026-03-26T11:00:00Z,23,APXMIDP,117.9,3426.1
2026-03-26T10:30:00Z,22,APXMIDP,123.21,4386.8
2026-03-26T10:00:00Z,21,APXMIDP,126.33,4056.0
2026-03-26T09:30:00Z,20,APXMIDP,128.0,3851.3
2026-03-26T09:00:00Z,19,APXMIDP,130.63,3833.6
2026-03-26T08:30:00Z,18,APXMIDP,134.36,4431.75
2026-03-26T08:00:00Z,17,APXMIDP,134.03,4648.9
2026-03-26T07:30:00Z,16,APXMIDP,139.46,4311.9
2026-03-26T07:00:00Z,15,APXMIDP,139.77,4377.5
2026-03-26T06:30:00Z,14,APXMIDP,145.44,3706.9
2026-03-26T06:00:00Z,13,APXMIDP,136.71,3451.95
2026-03-26T05:30:00Z,12,APXMIDP,133.79,2997.55
2026-03-26T05:00:00Z,11,APXMIDP,127.88,2849.2
2026-03-26T04:30:00Z,10,APXMIDP,118.45,3326.0
2026-03-26T04:00:00Z,9,APXMIDP,118.35,2865.4
2026-03-26T03:30:00Z,8,APXMIDP,116.46,2798.55
2026-03-26T03:00:00Z,7,APXMIDP,116.72,2601.55
2026-03-26T02:30:00Z,6,APXMIDP,118.14,2741.15
2026-03-26T02:00:00Z,5,APXMIDP,119.17,1962.7
2026-03-26T01:30:00Z,4,APXMIDP,116.78,2001.3
2026-03-26T01:00:00Z,3,APXMIDP,118.72,2077.55
2026-03-26T00:30:00Z,2,APXMIDP,117.7,1936.25
2026-03-26T00:00:00Z,1,APXMIDP,113.02,2211.85
2026-03-25T23:30:00Z,48,APXMIDP,109.44,2338.25
2026-03-25T23:00:00Z,47,APXMIDP,111.23,2310.35
2026-03-25T22:30:00Z,46,APXMIDP,109.76,2659.8
2026-03-25T22:00:00Z,45,APXMIDP,118.12,2405.5
2026-03-25T21:30:00Z,44,APXMIDP,126.7,2560.0
2026-03-25T21:00:00Z,43,APXMIDP,132.62,2852.05
2026-03-25T20:30:00Z,42,APXMIDP,131.61,3180.15
2026-03-25T20:00:00Z,41,APXMIDP,134.15,3506.2
2026-03-25T19:30:00Z,40,APXMIDP,136.39,3570.7
2026-03-25T19:00:00Z,39,APXMIDP,136.5,3494.25
2026-03-25T18:30:00Z,38,APXMIDP,135.42,3690.35
2026-03-25T18:00:00Z,37,APXMIDP,132.64,4069.3
2026-03-25T17:30:00Z,36,APXMIDP,128.11,4068.4
2026-03-25T17:00:00Z,35,APXMIDP,109.35,4021.9
2026-03-25T16:30:00Z,34,APXMIDP,97.65,4405.3
2026-03-25T16:00:00Z,33,APXMIDP,44.47,3405.9
2026-03-25T15:30:00Z,32,APXMIDP,16.18,3023.3
2026-03-25T15:00:00Z,31,APXMIDP,11.21,3110.55
2026-03-25T14:30:00Z,30,APXMIDP,11.35,4381.25
2026-03-25T14:00:00Z,29,APXMIDP,14.84,4837.75
2026-03-25T13:30:00Z,28,APXMIDP,6.62,3580.75
2026-03-25T13:00:00Z,27,APXMIDP,6.71,3859.6
2026-03-25T12:30:00Z,26,APXMIDP,5.78,3726.65
2026-03-25T12:00:00Z,25,APXMIDP,4.9,3574.7
2026-03-25T11:30:00Z,24,APXMIDP,10.89,3833.9
2026-03-25T11:00:00Z,23,APXMIDP,8.57,3480.8
2026-03-25T10:30:00Z,22,APXMIDP,9.27,4172.2
2026-03-25T10:00:00Z,21,APXMIDP,8.79,3706.7
2026-03-25T09:30:00Z,20,APXMIDP,7.83,3303.05
2026-03-25T09:00:00Z,19,APXMIDP,7.91,3321.05
2026-03-25T08:30:00Z,18,APXMIDP,5.87,2701.25
2026-03-25T08:00:00Z,17,APXMIDP,7.59,2502.55
2026-03-25T07:30:00Z,16,APXMIDP,12.7,2755.45
2026-03-25T07:00:00Z,15,APXMIDP,12.06,2758.15
2026-03-25T06:30:00Z,14,APXMIDP,7.56,2618.75
2026-03-25T06:00:00Z,13,APXMIDP,1.04,2776.95
2026-03-25T05:30:00Z,12,APXMIDP,-1.53,2763.45
2026-03-25T05:00:00Z,11,APXMIDP,-5.24,2565.85
2026-03-25T04:30:00Z,10,APXMIDP,-3.49,3164.1
2026-03-25T04:00:00Z,9,APXMIDP,-0.88,3242.25
2026-03-25T03:30:00Z,8,APXMIDP,-1.09,2739.4
2026-03-25T03:00:00Z,7,APXMIDP,1.34,3067.05
2026-03-25T02:30:00Z,6,APXMIDP,1.35,3561.4
2026-03-25T02:00:00Z,5,APXMIDP,-2.41,3324.1
2026-03-25T01:30:00Z,4,APXMIDP,-1.82,3764.3
2026-03-25T01:00:00Z,3,APXMIDP,8.35,4120.1
2026-03-25T00:30:00Z,2,APXMIDP,-0.51,2838.6
2026-03-25T00:00:00Z,1,APXMIDP,-3.53,2478.45
2026-03-24T23:30:00Z,48,APXMIDP,-1.54,2490.95
2026-03-24T23:00:00Z,47,APXMIDP,1.25,2900.8
2026-03-24T22:30:00Z,46,APXMIDP,6.14,3888.15
2026-03-24T22:00:00Z,45,APXMIDP,20.03,3189.65
2026-03-24T21:30:00Z,44,APXMIDP,26.44,2984.1
2026-03-24T21:00:00Z,43,APXMIDP,53.83,3437.6
2026-03-24T20:30:00Z,42,APXMIDP,73.12,4340.4
2026-03-24T20:00:00Z,41,APXMIDP,74.08,4256.95
2026-03-24T19:30:00Z,40,APXMIDP,67.05,3964.9
2026-03-24T19:00:00Z,39,APXMIDP,71.18,3745.85
2026-03-24T18:30:00Z,38,APXMIDP,96.12,4028.35
2026-03-24T18:00:00Z,37,APXMIDP,99.67,4328.65
2026-03-24T17:30:00Z,36,APXMIDP,94.61,3967.7
2026-03-24T17:00:00Z,35,APXMIDP,101.6,3699.85
2026-03-24T16:30:00Z,34,APXMIDP,84.1,3456.55
2026-03-24T16:00:00Z,33,APXMIDP,87.84,3096.25
2026-03-24T15:30:00Z,32,APXMIDP,99.25,3778.5
2026-03-24T15:00:00Z,31,APXMIDP,80.71,2933.6
2026-03-24T14:30:00Z,30,APXMIDP,75.04,3427.45
2026-03-24T14:00:00Z,29,APXMIDP,76.09,3244.4
2026-03-24T13:30:00Z,28,APXMIDP,77.26,3105.6
2026-03-24T13:00:00Z,27,APXMIDP,76.56,3187.0
2026-03-24T12:30:00Z,26,APXMIDP,72.85,2819.1
2026-03-24T12:00:00Z,25,APXMIDP,69.85,2845.05
2026-03-24T11:30:00Z,24,APXMIDP,68.11,2643.25
2026-03-24T11:00:00Z,23,APXMIDP,66.71,2718.95
2026-03-24T10:30:00Z,22,APXMIDP,59.16,2743.9
2026-03-24T10:00:00Z,21,APXMIDP,57.71,2582.2
2026-03-24T09:30:00Z,20,APXMIDP,52.17,2295.95
2026-03-24T09:00:00Z,19,APXMIDP,51.93,2312.65
2026-03-24T08:30:00Z,18,APXMIDP,55.01,2547.15
2026-03-24T08:00:00Z,17,APXMIDP,60.97,2711.0
2026-03-24T07:30:00Z,16,APXMIDP,65.45,2850.5
2026-03-24T07:00:00Z,15,APXMIDP,60.79,3196.1
2026-03-24T06:30:00Z,14,APXMIDP,67.26,2816.6
2026-03-24T06:00:00Z,13,APXMIDP,52.49,2658.9
2026-03-24T05:30:00Z,12,APXMIDP,43.32,2852.3
2026-03-24T05:00:00Z,11,APXMIDP,30.03,2447.35
2026-03-24T04:30:00Z,10,APXMIDP,28.59,2236.1
2026-03-24T04:00:00Z,9,APXMIDP,30.57,2182.25
2026-03-24T03:30:00Z,8,APXMIDP,32.44,1908.1
2026-03-24T03:00:00Z,7,APXMIDP,33.86,1865.45
2026-03-24T02:30:00Z,6,APXMIDP,34.32,2425.45
2026-03-24T02:00:00Z,5,APXMIDP,37.04,2245.05
2026-03-24T01:30:00Z,4,APXMIDP,37.87,2375.65
2026-03-24T01:00:00Z,3,APXMIDP,37.52,2449.2
2026-03-24T00:30:00Z,2,APXMIDP,40.56,1824.4
2026-03-24T00:00:00Z,1,APXMIDP,38.23,1576.15
2026-03-23T23:30:00Z,48,APXMIDP,35.81,1864.4
2026-03-23T23:00:00Z,47,APXMIDP,42.43,2004.05
2026-03-23T22:30:00Z,46,APXMIDP,78.12,3024.25
2026-03-23T22:00:00Z,45,APXMIDP,104.21,2704.9
2026-03-23T21:30:00Z,44,APXMIDP,93.84,1881.95
2026-03-23T21:00:00Z,43,APXMIDP,107.44,2063.15
2026-03-23T20:30:00Z,42,APXMIDP,112.66,3107.75
2026-03-23T20:00:00Z,41,APXMIDP,120.52,3580.2
2026-03-23T19:30:00Z,40,APXMIDP,136.08,3772.4
2026-03-23T19:00:00Z,39,APXMIDP,141.4,4018.7
2026-03-23T18:30:00Z,38,APXMIDP,152.22,4650.9
2026-03-23T18:00:00Z,37,APXMIDP,149.75,4472.85
2026-03-23T17:30:00Z,36,APXMIDP,141.36,4457.55
2026-03-23T17:00:00Z,35,APXMIDP,139.39,4126.75
2026-03-23T16:30:00Z,34,APXMIDP,114.97,2811.4
2026-03-23T16:00:00Z,33,APXMIDP,106.73,2481.4
2026-03-23T15:30:00Z,32,APXMIDP,103.91,3086.95
2026-03-23T15:00:00Z,31,APXMIDP,104.46,2752.15
2026-03-23T14:30:00Z,30,APXMIDP,96.21,3898.8
2026-03-23T14:00:00Z,29,APXMIDP,97.9,3663.8
2026-03-23T13:30:00Z,28,APXMIDP,100.15,3806.1
2026-03-23T13:00:00Z,27,APXMIDP,95.34,4038.6
2026-03-23T12:30:00Z,26,APXMIDP,101.0,3899.8
2026-03-23T12:00:00Z,25,APXMIDP,98.59,2999.2
2026-03-23T11:30:00Z,24,APXMIDP,101.88,2416.35
2026-03-23T11:00:00Z,23,APXMIDP,105.24,2307.05
2026-03-23T10:30:00Z,22,APXMIDP,120.94,3296.85
2026-03-23T10:00:00Z,21,APXMIDP,125.43,3752.15
2026-03-23T09:30:00Z,20,APXMIDP,131.78,3277.75
2026-03-23T09:00:00Z,19,APXMIDP,140.56,3459.1
2026-03-23T08:30:00Z,18,APXMIDP,152.45,2624.75
2026-03-23T08:00:00Z,17,APXMIDP,151.89,2578.8
2026-03-23T07:30:00Z,16,APXMIDP,150.96,3194.8
2026-03-23T07:00:00Z,15,APXMIDP,151.85,2889.85
2026-03-23T06:30:00Z,14,APXMIDP,163.96,3604.85
2026-03-23T06:00:00Z,13,APXMIDP,154.95,3510.75
2026-03-23T05:30:00Z,12,APXMIDP,149.11,2580.75
2026-03-23T05:00:00Z,11,APXMIDP,148.1,2719.3
2026-03-23T04:30:00Z,10,APXMIDP,135.91,2535.4
2026-03-23T04:00:00Z,9,APXMIDP,139.13,2101.95
2026-03-23T03:30:00Z,8,APXMIDP,132.64,2087.8
2026-03-23T03:00:00Z,7,APXMIDP,134.3,1943.6
2026-03-23T02:30:00Z,6,APXMIDP,134.78,2238.35
2026-03-23T02:00:00Z,5,APXMIDP,137.48,1796.1
2026-03-23T01:30:00Z,4,APXMIDP,134.51,1773.35
2026-03-23T01:00:00Z,3,APXMIDP,134.39,1559.7
2026-03-23T00:30:00Z,2,APXMIDP,132.63,1311.5
2026-03-23T00:00:00Z,1,APXMIDP,129.24,1335.05
2026-03-22T23:30:00Z,48,APXMIDP,126.26,1429.2
2026-03-22T23:00:00Z,47,APXMIDP,127.11,1739.4
2026-03-22T22:30:00Z,46,APXMIDP,131.56,1964.8
2026-03-22T22:00:00Z,45,APXMIDP,131.68,2473.25
2026-03-22T21:30:00Z,44,APXMIDP,132.95,2163.6
2026-03-22T21:00:00Z,43,APXMIDP,147.1,1978.05
2026-03-22T20:30:00Z,42,APXMIDP,153.46,1863.9
2026-03-22T20:00:00Z,41,APXMIDP,159.84,2136.05
2026-03-22T19:30:00Z,40,APXMIDP,166.5,2295.0
2026-03-22T19:00:00Z,39,APXMIDP,167.96,2207.0
2026-03-22T18:30:00Z,38,APXMIDP,172.97,2477.75
2026-03-22T18:00:00Z,37,APXMIDP,167.84,2090.65
2026-03-22T17:30:00Z,36,APXMIDP,160.22,2174.8
2026-03-22T17:00:00Z,35,APXMIDP,153.34,2002.6
2026-03-22T16:30:00Z,34,APXMIDP,136.43,1755.1
2026-03-22T16:00:00Z,33,APXMIDP,129.42,2185.15
2026-03-22T15:30:00Z,32,APXMIDP,125.36,1969.8
2026-03-22T15:00:00Z,31,APXMIDP,124.09,2116.0
2026-03-22T14:30:00Z,30,APXMIDP,121.77,2267.3
2026-03-22T14:00:00Z,29,APXMIDP,122.34,1955.55
2026-03-22T13:30:00Z,28,APXMIDP,121.38,1756.55
2026-03-22T13:00:00Z,27,APXMIDP,119.77,1875.0
2026-03-22T12:30:00Z,26,APXMIDP,115.7,1801.1
2026-03-22T12:00:00Z,25,APXMIDP,115.83,1623.75
2026-03-22T11:30:00Z,24,APXMIDP,113.79,1753.55
2026-03-22T11:00:00Z,23,APXMIDP,113.64,1645.4
2026-03-22T10:30:00Z,22,APXMIDP,109.36,1385.05
2026-03-22T10:00:00Z,21,APXMIDP,106.56,1268.7
2026-03-22T09:30:00Z,20,APXMIDP,106.11,1441.5
2026-03-22T09:00:00Z,19,APXMIDP,101.19,1140.25
2026-03-22T08:30:00Z,18,APXMIDP,103.95,946.8
2026-03-22T08:00:00Z,17,APXMIDP,105.15,967.55
2026-03-22T07:30:00Z,16,APXMIDP,106.04,986.5
2026-03-22T07:00:00Z,15,APXMIDP,109.03,895.15
2026-03-22T06:30:00Z,14,APXMIDP,102.05,928.0
2026-03-22T06:00:00Z,13,APXMIDP,99.49,899.9
2026-03-22T05:30:00Z,12,APXMIDP,101.68,976.35
2026-03-22T05:00:00Z,11,APXMIDP,99.83,1030.8
2026-03-22T04:30:00Z,10,APXMIDP,99.71,1023.45
2026-03-22T04:00:00Z,9,APXMIDP,99.71,966.25
2026-03-22T03:30:00Z,8,APXMIDP,100.27,876.15
2026-03-22T03:00:00Z,7,APXMIDP,104.21,777.7
2026-03-22T02:30:00Z,6,APXMIDP,104.18,1217.0
2026-03-22T02:00:00Z,5,APXMIDP,105.43,961.05
2026-03-22T01:30:00Z,4,APXMIDP,102.77,1083.15
2026-03-22T01:00:00Z,3,APXMIDP,106.13,1017.95
2026-03-22T00:30:00Z,2,APXMIDP,107.7,1519.2
2026-03-22T00:00:00Z,1,APXMIDP,99.54,1281.6
2026-04-05T00:00:00Z,3,APXMIDP,33.44,2619.65
2026-04-04T23:30:00Z,2,APXMIDP,29.11,2393.2
2026-04-04T23:00:00Z,1,APXMIDP,17.05,2071.55
2026-04-04T22:30:00Z,48,APXMIDP,12.01,2228.7
2026-04-04T22:00:00Z,47,APXMIDP,7.13,1834.75
2026-04-04T21:30:00Z,46,APXMIDP,21.1,3332.6
2026-04-04T21:00:00Z,45,APXMIDP,33.03,3043.65
2026-04-04T20:30:00Z,44,APXMIDP,47.69,2731.25
2026-04-04T20:00:00Z,43,APXMIDP,70.26,2861.15
2026-04-04T19:30:00Z,42,APXMIDP,78.47,3538.75
2026-04-04T19:00:00Z,41,APXMIDP,84.95,3392.75
2026-04-04T18:30:00Z,40,APXMIDP,89.03,3001.7
2026-04-04T18:00:00Z,39,APXMIDP,84.44,3231.35
2026-04-04T17:30:00Z,38,APXMIDP,69.19,2637.65
2026-04-04T17:00:00Z,37,APXMIDP,69.67,3374.95
2026-04-04T16:30:00Z,36,APXMIDP,68.52,4051.25
2026-04-04T16:00:00Z,35,APXMIDP,57.51,3182.8
2026-04-04T15:30:00Z,34,APXMIDP,27.51,3911.8
2026-04-04T15:00:00Z,33,APXMIDP,29.18,3687.95
2026-04-04T14:30:00Z,32,APXMIDP,13.28,4592.2
2026-04-04T14:00:00Z,31,APXMIDP,22.39,4328.2
2026-04-04T13:30:00Z,30,APXMIDP,11.86,4058.55
2026-04-04T13:00:00Z,29,APXMIDP,12.97,4393.35
2026-04-04T12:30:00Z,28,APXMIDP,33.29,4244.15
2026-04-04T12:00:00Z,27,APXMIDP,23.2,4053.2
2026-04-04T11:30:00Z,26,APXMIDP,53.28,3067.2
2026-04-04T11:00:00Z,25,APXMIDP,93.93,2696.15
2026-04-04T10:30:00Z,24,APXMIDP,116.89,3248.4
2026-04-04T10:00:00Z,23,APXMIDP,124.48,2492.95
2026-04-04T09:30:00Z,22,APXMIDP,128.44,2251.85
2026-04-04T09:00:00Z,21,APXMIDP,132.19,2287.1
2026-04-04T08:30:00Z,20,APXMIDP,132.01,2510.9
2026-04-04T08:00:00Z,19,APXMIDP,126.99,2012.0
2026-04-04T07:30:00Z,18,APXMIDP,118.67,2495.5
2026-04-04T07:00:00Z,17,APXMIDP,113.23,2030.6
2026-04-04T06:30:00Z,16,APXMIDP,110.03,2312.95
2026-04-04T06:00:00Z,15,APXMIDP,112.79,1908.95
2026-04-04T05:30:00Z,14,APXMIDP,102.37,2420.45
2026-04-04T05:00:00Z,13,APXMIDP,90.72,1901.3
2026-04-04T04:30:00Z,12,APXMIDP,76.89,1933.25
2026-04-04T04:00:00Z,11,APXMIDP,59.04,1724.3
2026-04-04T03:30:00Z,10,APXMIDP,50.09,2723.2
2026-04-04T03:00:00Z,9,APXMIDP,50.61,2890.05
2026-04-04T02:30:00Z,8,APXMIDP,47.97,3302.3
2026-04-04T02:00:00Z,7,APXMIDP,45.07,2807.45
2026-04-04T01:30:00Z,6,APXMIDP,35.37,2865.0
2026-04-04T01:00:00Z,5,APXMIDP,22.55,2471.55
2026-04-04T00:30:00Z,4,APXMIDP,9.2,2315.95
2026-04-04T00:00:00Z,3,APXMIDP,3.97,2271.6
2026-04-03T23:30:00Z,2,APXMIDP,4.77,2992.7
2026-04-03T23:00:00Z,1,APXMIDP,4.87,3032.9
2026-04-03T22:30:00Z,48,APXMIDP,7.11,2337.7
2026-04-03T22:00:00Z,47,APXMIDP,7.01,2395.4
2026-04-03T21:30:00Z,46,APXMIDP,7.4,4830.55
2026-04-03T21:00:00Z,45,APXMIDP,9.18,4752.5
2026-04-03T20:30:00Z,44,APXMIDP,7.54,4653.75
2026-04-03T20:00:00Z,43,APXMIDP,9.68,4643.65
2026-04-03T19:30:00Z,42,APXMIDP,16.07,5283.5
2026-04-03T19:00:00Z,41,APXMIDP,19.33,5241.0
2026-04-03T18:30:00Z,40,APXMIDP,24.15,5355.2
2026-04-03T18:00:00Z,39,APXMIDP,21.41,5461.5
2026-04-03T17:30:00Z,38,APXMIDP,22.64,5557.5
2026-04-03T17:00:00Z,37,APXMIDP,18.59,5960.25
2026-04-03T16:30:00Z,36,APXMIDP,13.97,5256.55
2026-04-03T16:00:00Z,35,APXMIDP,5.32,5460.1
2026-04-03T15:30:00Z,34,APXMIDP,-4.44,4065.0
2026-04-03T15:00:00Z,33,APXMIDP,-6.11,3823.45
2026-04-03T14:30:00Z,32,APXMIDP,0.16,3947.9
2026-04-03T14:00:00Z,31,APXMIDP,11.31,3744.3
2026-04-03T13:30:00Z,30,APXMIDP,22.64,4422.15
2026-04-03T13:00:00Z,29,APXMIDP,30.07,4397.9
2026-04-03T12:30:00Z,28,APXMIDP,39.77,3871.45
2026-04-03T12:00:00Z,27,APXMIDP,48.71,4071.6
2026-04-03T11:30:00Z,26,APXMIDP,58.61,3837.1
2026-04-03T11:00:00Z,25,APXMIDP,76.55,3430.15
2026-04-03T10:30:00Z,24,APXMIDP,81.32,2708.55
2026-04-03T10:00:00Z,23,APXMIDP,89.33,2660.45
2026-04-03T09:30:00Z,22,APXMIDP,97.09,3460.85
2026-04-03T09:00:00Z,21,APXMIDP,97.24,3410.25
2026-04-03T08:30:00Z,20,APXMIDP,87.4,3354.05
2026-04-03T08:00:00Z,19,APXMIDP,84.25,3381.05
2026-04-03T07:30:00Z,18,APXMIDP,103.9,3065.75
2026-04-03T07:00:00Z,17,APXMIDP,101.36,2957.9
2026-04-03T06:30:00Z,16,APXMIDP,113.86,2750.85
2026-04-03T06:00:00Z,15,APXMIDP,107.35,2483.8
2026-04-03T05:30:00Z,14,APXMIDP,106.94,2739.05
2026-04-03T05:00:00Z,13,APXMIDP,100.62,2667.25
2026-04-03T04:30:00Z,12,APXMIDP,98.34,2043.2
2026-04-03T04:00:00Z,11,APXMIDP,98.3,1879.65
2026-04-03T03:30:00Z,10,APXMIDP,91.87,2166.2
2026-04-03T03:00:00Z,9,APXMIDP,89.69,2039.7
2026-04-03T02:30:00Z,8,APXMIDP,94.39,2172.7
2026-04-03T02:00:00Z,7,APXMIDP,91.98,1829.6
2026-04-03T01:30:00Z,6,APXMIDP,88.07,2179.3
2026-04-03T01:00:00Z,5,APXMIDP,90.72,2008.05
2026-04-03T00:30:00Z,4,APXMIDP,91.52,1712.55
2026-04-03T00:00:00Z,3,APXMIDP,86.8,1987.2
2026-04-02T23:30:00Z,2,APXMIDP,87.87,1611.5
2026-04-02T23:00:00Z,1,APXMIDP,91.5,1773.9
2026-04-02T22:30:00Z,48,APXMIDP,92.27,1918.45
2026-04-02T22:00:00Z,47,APXMIDP,87.88,2369.75
2026-04-02T21:30:00Z,46,APXMIDP,101.46,4284.25
2026-04-02T21:00:00Z,45,APXMIDP,108.13,4051.45
2026-04-02T20:30:00Z,44,APXMIDP,100.71,3486.75
2026-04-02T20:00:00Z,43,APXMIDP,107.03,3616.2
2026-04-02T19:30:00Z,42,APXMIDP,107.7,3900.75
2026-04-02T19:00:00Z,41,APXMIDP,114.59,3893.95
2026-04-02T18:30:00Z,40,APXMIDP,105.64,3624.4
2026-04-02T18:00:00Z,39,APXMIDP,109.01,3797.35
2026-04-02T17:30:00Z,38,APXMIDP,112.69,4176.0
2026-04-02T17:00:00Z,37,APXMIDP,115.92,4595.9
2026-04-02T16:30:00Z,36,APXMIDP,100.56,3752.95
2026-04-02T16:00:00Z,35,APXMIDP,92.63,3726.8
2026-04-02T15:30:00Z,34,APXMIDP,82.09,3368.85
2026-04-02T15:00:00Z,33,APXMIDP,85.68,3002.8
2026-04-02T14:30:00Z,32,APXMIDP,89.58,2637.55
2026-04-02T14:00:00Z,31,APXMIDP,94.72,3088.8
2026-04-02T13:30:00Z,30,APXMIDP,92.21,3650.15
2026-04-02T13:00:00Z,29,APXMIDP,92.84,2646.35
2026-04-02T12:30:00Z,28,APXMIDP,94.03,2241.05
2026-04-02T12:00:00Z,27,APXMIDP,95.19,2309.95
2026-04-02T11:30:00Z,26,APXMIDP,96.12,2701.65
2026-04-02T11:00:00Z,25,APXMIDP,95.47,2462.6
2026-04-02T10:30:00Z,24,APXMIDP,96.24,2802.85
2026-04-02T10:00:00Z,23,APXMIDP,98.79,2622.4
2026-04-02T09:30:00Z,22,APXMIDP,102.1,2673.45
2026-04-02T09:00:00Z,21,APXMIDP,104.29,2780.25
2026-04-02T08:30:00Z,20,APXMIDP,111.66,2713.35
2026-04-02T08:00:00Z,19,APXMIDP,115.51,2711.45
2026-04-02T07:30:00Z,18,APXMIDP,114.8,2886.1
2026-04-02T07:00:00Z,17,APXMIDP,110.59,2765.3
2026-04-02T06:30:00Z,16,APXMIDP,134.62,3021.75
2026-04-02T06:00:00Z,15,APXMIDP,122.45,3271.55
2026-04-02T05:30:00Z,14,APXMIDP,120.72,2576.15
2026-04-02T05:00:00Z,13,APXMIDP,112.44,2226.2
2026-04-02T04:30:00Z,12,APXMIDP,101.61,1419.4
2026-04-02T04:00:00Z,11,APXMIDP,100.35,1613.55
2026-04-02T03:30:00Z,10,APXMIDP,96.78,1852.7
2026-04-02T03:00:00Z,9,APXMIDP,97.55,1795.4
2026-04-02T02:30:00Z,8,APXMIDP,97.43,2003.35
2026-04-02T02:00:00Z,7,APXMIDP,96.76,1920.8
2026-04-02T01:30:00Z,6,APXMIDP,102.9,2300.8
2026-04-02T01:00:00Z,5,APXMIDP,101.77,1673.5
2026-04-02T00:30:00Z,4,APXMIDP,102.64,1424.6
2026-04-02T00:00:00Z,3,APXMIDP,104.55,1788.6
2026-04-01T23:30:00Z,2,APXMIDP,108.31,2260.1
2026-04-01T23:00:00Z,1,APXMIDP,107.53,1985.2
2026-04-01T22:30:00Z,48,APXMIDP,108.07,2122.95
2026-04-01T22:00:00Z,47,APXMIDP,107.97,2706.75
2026-04-01T21:30:00Z,46,APXMIDP,120.95,4327.7
2026-04-01T21:00:00Z,45,APXMIDP,124.78,3629.15
2026-04-01T20:30:00Z,44,APXMIDP,128.82,3546.2
2026-04-01T20:00:00Z,43,APXMIDP,140.75,3947.6
2026-04-01T19:30:00Z,42,APXMIDP,140.4,3493.25
2026-04-01T19:00:00Z,41,APXMIDP,141.16,3478.25
2026-04-01T18:30:00Z,40,APXMIDP,142.9,3669.7
2026-04-01T18:00:00Z,39,APXMIDP,139.69,3941.65
2026-04-01T17:30:00Z,38,APXMIDP,130.77,4650.45
2026-04-01T17:00:00Z,37,APXMIDP,131.66,4199.85
2026-04-01T16:30:00Z,36,APXMIDP,116.59,4799.35
2026-04-01T16:00:00Z,35,APXMIDP,115.46,5550.3
2026-04-01T15:30:00Z,34,APXMIDP,113.05,3953.75
2026-04-01T15:00:00Z,33,APXMIDP,111.85,3762.5
2026-04-01T14:30:00Z,32,APXMIDP,104.0,4210.9
2026-04-01T14:00:00Z,31,APXMIDP,101.96,3790.9
2026-04-01T13:30:00Z,30,APXMIDP,102.74,3280.65
2026-04-01T13:00:00Z,29,APXMIDP,101.16,3215.8
2026-04-01T12:30:00Z,28,APXMIDP,100.38,3040.95
2026-04-01T12:00:00Z,27,APXMIDP,101.77,3123.85
2026-04-01T11:30:00Z,26,APXMIDP,98.7,3321.2
2026-04-01T11:00:00Z,25,APXMIDP,103.12,3057.05
2026-04-01T10:30:00Z,24,APXMIDP,103.09,2628.0
2026-04-01T10:00:00Z,23,APXMIDP,105.05,3154.55
2026-04-01T09:30:00Z,22,APXMIDP,109.64,3802.8
2026-04-01T09:00:00Z,21,APXMIDP,110.59,3946.3
2026-04-01T08:30:00Z,20,APXMIDP,111.06,3195.85
2026-04-01T08:00:00Z,19,APXMIDP,111.06,3479.9
2026-04-01T07:30:00Z,18,APXMIDP,127.02,2500.2
2026-04-01T07:00:00Z,17,APXMIDP,127.22,2646.1
2026-04-01T06:30:00Z,16,APXMIDP,155.12,2239.6
2026-04-01T06:00:00Z,15,APXMIDP,149.12,2251.55
2026-04-01T05:30:00Z,14,APXMIDP,121.7,2717.65
2026-04-01T05:00:00Z,13,APXMIDP,109.08,3032.6
2026-04-01T04:30:00Z,12,APXMIDP,93.94,2346.95
2026-04-01T04:00:00Z,11,APXMIDP,96.0,2507.25
2026-04-01T03:30:00Z,10,APXMIDP,90.97,2016.1
2026-04-01T03:00:00Z,9,APXMIDP,88.92,1873.5
2026-04-01T02:30:00Z,8,APXMIDP,89.37,1586.15
2026-04-01T02:00:00Z,7,APXMIDP,90.7,1755.1
2026-04-01T01:30:00Z,6,APXMIDP,95.23,2256.45
2026-04-01T01:00:00Z,5,APXMIDP,97.21,1873.3
2026-04-01T00:30:00Z,4,APXMIDP,98.58,1915.85
2026-04-01T00:00:00Z,3,APXMIDP,92.88,1690.0
2026-03-31T23:30:00Z,2,APXMIDP,101.36,1966.1
2026-03-31T23:00:00Z,1,APXMIDP,103.92,2090.8
2026-03-31T22:30:00Z,48,APXMIDP,100.57,2123.75
2026-03-31T22:00:00Z,47,APXMIDP,102.3,2277.2
2026-03-31T21:30:00Z,46,APXMIDP,115.03,3580.6
2026-03-31T21:00:00Z,45,APXMIDP,119.26,4044.9
2026-03-31T20:30:00Z,44,APXMIDP,131.17,3072.25
2026-03-31T20:00:00Z,43,APXMIDP,143.76,3239.15
2026-03-31T19:30:00Z,42,APXMIDP,142.29,3862.45
2026-03-31T19:00:00Z,41,APXMIDP,143.58,3980.2
2026-03-31T18:30:00Z,40,APXMIDP,149.92,3231.85
2026-03-31T18:00:00Z,39,APXMIDP,147.7,3388.4
2026-03-31T17:30:00Z,38,APXMIDP,143.95,3810.65
2026-03-31T17:00:00Z,37,APXMIDP,145.66,3839.3
2026-03-31T16:30:00Z,36,APXMIDP,121.69,2939.15
2026-03-31T16:00:00Z,35,APXMIDP,112.53,3507.05
2026-03-31T15:30:00Z,34,APXMIDP,99.59,4096.95
2026-03-31T15:00:00Z,33,APXMIDP,93.61,3420.05
2026-03-31T14:30:00Z,32,APXMIDP,96.71,4132.05
2026-03-31T14:00:00Z,31,APXMIDP,95.56,3270.4
2026-03-31T13:30:00Z,30,APXMIDP,95.28,4753.15
2026-03-31T13:00:00Z,29,APXMIDP,93.96,3937.55
2026-03-31T12:30:00Z,28,APXMIDP,94.54,4238.55
2026-03-31T12:00:00Z,27,APXMIDP,97.45,3902.15
2026-03-31T11:30:00Z,26,APXMIDP,102.89,2834.75
2026-03-31T11:00:00Z,25,APXMIDP,112.71,3433.1
2026-03-31T10:30:00Z,24,APXMIDP,112.86,3332.9
2026-03-31T10:00:00Z,23,APXMIDP,117.49,3497.5
2026-03-31T09:30:00Z,22,APXMIDP,129.15,3586.9
2026-03-31T09:00:00Z,21,APXMIDP,128.3,3457.1
2026-03-31T08:30:00Z,20,APXMIDP,119.16,3303.7
2026-03-31T08:00:00Z,19,APXMIDP,121.28,2936.45
2026-03-31T07:30:00Z,18,APXMIDP,135.58,2716.65
2026-03-31T07:00:00Z,17,APXMIDP,137.94,2469.65
2026-03-31T06:30:00Z,16,APXMIDP,142.73,3181.35
2026-03-31T06:00:00Z,15,APXMIDP,137.23,3266.5
2026-03-31T05:30:00Z,14,APXMIDP,130.63,3150.1
2026-03-31T05:00:00Z,13,APXMIDP,122.2,2693.4
2026-03-31T04:30:00Z,12,APXMIDP,103.37,3076.7
2026-03-31T04:00:00Z,11,APXMIDP,113.25,2772.1
2026-03-31T03:30:00Z,10,APXMIDP,89.53,3048.2
2026-03-31T03:00:00Z,9,APXMIDP,94.0,2674.45
2026-03-31T02:30:00Z,8,APXMIDP,95.83,2425.35
2026-03-31T02:00:00Z,7,APXMIDP,99.27,2327.05
2026-03-31T01:30:00Z,6,APXMIDP,99.61,2827.3
2026-03-31T01:00:00Z,5,APXMIDP,105.13,2493.65
2026-03-31T00:30:00Z,4,APXMIDP,115.74,2294.25
2026-03-31T00:00:00Z,3,APXMIDP,108.08,2111.7
2026-03-30T23:30:00Z,2,APXMIDP,112.4,2085.25
2026-03-30T23:00:00Z,1,APXMIDP,119.45,1903.2
2026-03-30T22:30:00Z,48,APXMIDP,119.6,2311.6
2026-03-30T22:00:00Z,47,APXMIDP,108.78,2627.2
2026-03-30T21:30:00Z,46,APXMIDP,121.24,4148.05
2026-03-30T21:00:00Z,45,APXMIDP,133.86,3718.8
2026-03-30T20:30:00Z,44,APXMIDP,136.16,3966.7
2026-03-30T20:00:00Z,43,APXMIDP,143.51,3656.4
2026-03-30T19:30:00Z,42,APXMIDP,145.36,3391.95
2026-03-30T19:00:00Z,41,APXMIDP,144.97,3524.75
2026-03-30T18:30:00Z,40,APXMIDP,145.88,4305.15
2026-03-30T18:00:00Z,39,APXMIDP,142.58,3692.6
2026-03-30T17:30:00Z,38,APXMIDP,136.44,3788.3
2026-03-30T17:00:00Z,37,APXMIDP,131.21,3979.2
2026-03-30T16:30:00Z,36,APXMIDP,123.62,3411.45
2026-03-30T16:00:00Z,35,APXMIDP,113.53,3444.2
2026-03-30T15:30:00Z,34,APXMIDP,82.82,4489.15
2026-03-30T15:00:00Z,33,APXMIDP,42.36,4579.5
2026-03-30T14:30:00Z,32,APXMIDP,32.89,3908.9
2026-03-30T14:00:00Z,31,APXMIDP,13.04,2678.7
2026-03-30T13:30:00Z,30,APXMIDP,0.74,2652.85
2026-03-30T13:00:00Z,29,APXMIDP,1.34,2430.0
2026-03-30T12:30:00Z,28,APXMIDP,1.67,2475.4
2026-03-30T12:00:00Z,27,APXMIDP,2.25,2303.7
2026-03-30T11:30:00Z,26,APXMIDP,4.09,2397.5
2026-03-30T11:00:00Z,25,APXMIDP,5.71,2552.9
2026-03-30T10:30:00Z,24,APXMIDP,6.07,2555.9
2026-03-30T10:00:00Z,23,APXMIDP,7.7,2262.65
2026-03-30T09:30:00Z,22,APXMIDP,16.07,3072.85
2026-03-30T09:00:00Z,21,APXMIDP,20.54,2735.75
2026-03-30T08:30:00Z,20,APXMIDP,32.86,3139.8
2026-03-30T08:00:00Z,19,APXMIDP,49.57,3331.6
2026-03-30T07:30:00Z,18,APXMIDP,71.22,2766.6
2026-03-30T07:00:00Z,17,APXMIDP,66.1,2454.15
2026-03-30T06:30:00Z,16,APXMIDP,87.52,2173.75
2026-03-30T06:00:00Z,15,APXMIDP,78.26,2358.4
2026-03-30T05:30:00Z,14,APXMIDP,67.67,2497.3
2026-03-30T05:00:00Z,13,APXMIDP,51.82,2456.6
2026-03-30T04:30:00Z,12,APXMIDP,37.51,3105.55
2026-03-30T04:00:00Z,11,APXMIDP,34.34,2961.2
2026-03-30T03:30:00Z,10,APXMIDP,9.84,2853.45
2026-03-30T03:00:00Z,9,APXMIDP,5.57,2517.45
2026-03-30T02:30:00Z,8,APXMIDP,5.08,2047.45
2026-03-30T02:00:00Z,7,APXMIDP,0.38,1852.6
2026-03-30T01:30:00Z,6,APXMIDP,1.51,1920.25
2026-03-30T01:00:00Z,5,APXMIDP,0.09,1800.5
2026-03-30T00:30:00Z,4,APXMIDP,1.34,1780.65
2026-03-30T00:00:00Z,3,APXMIDP,0.93,1742.2
2026-03-29T23:30:00Z,2,APXMIDP,2.53,1633.0
2026-03-29T23:00:00Z,1,APXMIDP,3.23,1709.05
2026-03-29T22:30:00Z,46,APXMIDP,1.13,1852.8
2026-03-29T22:00:00Z,45,APXMIDP,25.17,2354.45
2026-03-29T21:30:00Z,44,APXMIDP,24.85,3239.5
2026-03-29T21:00:00Z,43,APXMIDP,40.3,2635.1
2026-03-29T20:30:00Z,42,APXMIDP,41.07,2138.9
2026-03-29T20:00:00Z,41,APXMIDP,47.09,2104.65
2026-03-29T19:30:00Z,40,APXMIDP,43.96,2660.55
2026-03-29T19:00:00Z,39,APXMIDP,43.88,2252.6
2026-03-29T18:30:00Z,38,APXMIDP,51.76,2040.2
2026-03-29T18:00:00Z,37,APXMIDP,56.24,2506.85
2026-03-29T17:30:00Z,36,APXMIDP,64.86,2928.35
2026-03-29T17:00:00Z,35,APXMIDP,62.33,3000.2
2026-03-29T16:30:00Z,34,APXMIDP,61.45,2844.7
2026-03-29T16:00:00Z,33,APXMIDP,57.71,2421.6
2026-03-29T15:30:00Z,32,APXMIDP,45.52,2962.5
2026-03-29T15:00:00Z,31,APXMIDP,39.0,2946.95
2026-03-29T14:30:00Z,30,APXMIDP,21.2,3413.95
2026-03-29T14:00:00Z,29,APXMIDP,15.5,3055.1
2026-03-29T13:30:00Z,28,APXMIDP,14.39,3788.9
2026-03-29T13:00:00Z,27,APXMIDP,11.93,3173.8
2026-03-29T12:30:00Z,26,APXMIDP,11.17,2927.85
2026-03-29T12:00:00Z,25,APXMIDP,6.62,2970.0
2026-03-29T11:30:00Z,24,APXMIDP,4.99,2927.35
2026-03-29T11:00:00Z,23,APXMIDP,7.67,2898.95
2026-03-29T10:30:00Z,22,APXMIDP,7.37,2710.7
2026-03-29T10:00:00Z,21,APXMIDP,11.9,2949.55
2026-03-29T09:30:00Z,20,APXMIDP,32.85,2736.9
2026-03-29T09:00:00Z,19,APXMIDP,40.06,2169.9
2026-03-29T08:30:00Z,18,APXMIDP,53.82,1931.0
2026-03-29T08:00:00Z,17,APXMIDP,66.67,1873.0
2026-03-29T07:30:00Z,16,APXMIDP,97.17,2322.15
2026-03-29T07:00:00Z,15,APXMIDP,101.88,2229.7
2026-03-29T06:30:00Z,14,APXMIDP,102.14,2060.0
2026-03-29T06:00:00Z,13,APXMIDP,103.96,1872.55
2026-03-29T05:30:00Z,12,APXMIDP,103.89,1695.25
2026-03-29T05:00:00Z,11,APXMIDP,101.75,1902.05
2026-03-29T04:30:00Z,10,APXMIDP,97.73,1604.75
2026-03-29T04:00:00Z,9,APXMIDP,99.04,1465.25
2026-03-29T03:30:00Z,8,APXMIDP,94.68,1793.75
2026-03-29T03:00:00Z,7,APXMIDP,96.44,2051.4
2026-03-29T02:30:00Z,6,APXMIDP,88.36,2394.45
2026-03-29T02:00:00Z,5,APXMIDP,98.82,2219.05
2026-03-29T01:30:00Z,4,APXMIDP,90.72,1964.3
2026-03-29T01:00:00Z,3,APXMIDP,98.71,1985.2
2026-03-29T00:30:00Z,2,APXMIDP,86.92,1887.35
2026-03-29T00:00:00Z,1,APXMIDP,80.63,1795.0
2026-04-12T00:00:00Z,3,APXMIDP,13.35,2310.35
2026-04-11T23:30:00Z,2,APXMIDP,13.23,1904.1
2026-04-11T23:00:00Z,1,APXMIDP,14.95,1799.1
2026-04-11T22:30:00Z,48,APXMIDP,14.23,1684.85
2026-04-11T22:00:00Z,47,APXMIDP,9.57,1465.25
2026-04-11T21:30:00Z,46,APXMIDP,10.26,2192.75
2026-04-11T21:00:00Z,45,APXMIDP,19.68,2547.95
2026-04-11T20:30:00Z,44,APXMIDP,16.3,2409.4
2026-04-11T20:00:00Z,43,APXMIDP,30.96,3038.95
2026-04-11T19:30:00Z,42,APXMIDP,29.79,3038.95
2026-04-11T19:00:00Z,41,APXMIDP,35.56,3480.1
2026-04-11T18:30:00Z,40,APXMIDP,30.66,3572.25
2026-04-11T18:00:00Z,39,APXMIDP,29.55,3671.9
2026-04-11T17:30:00Z,38,APXMIDP,19.47,3677.45
2026-04-11T17:00:00Z,37,APXMIDP,18.2,3138.15
2026-04-11T16:30:00Z,36,APXMIDP,17.72,3121.1
2026-04-11T16:00:00Z,35,APXMIDP,9.55,2856.0
2026-04-11T15:30:00Z,34,APXMIDP,16.48,3722.8
2026-04-11T15:00:00Z,33,APXMIDP,13.56,3657.55
2026-04-11T14:30:00Z,32,APXMIDP,6.05,4092.55
2026-04-11T14:00:00Z,31,APXMIDP,6.63,3498.55
2026-04-11T13:30:00Z,30,APXMIDP,-3.86,4527.2
2026-04-11T13:00:00Z,29,APXMIDP,-11.43,3733.95
2026-04-11T12:30:00Z,28,APXMIDP,-15.36,3695.5
2026-04-11T12:00:00Z,27,APXMIDP,-14.15,3706.9
2026-04-11T11:30:00Z,26,APXMIDP,-16.0,3349.7
2026-04-11T11:00:00Z,25,APXMIDP,-14.81,3698.9
2026-04-11T10:30:00Z,24,APXMIDP,-16.49,3364.1
2026-04-11T10:00:00Z,23,APXMIDP,-15.8,3430.65
2026-04-11T09:30:00Z,22,APXMIDP,-6.73,3182.3
2026-04-11T09:00:00Z,21,APXMIDP,-5.16,3555.0
2026-04-11T08:30:00Z,20,APXMIDP,-3.19,3284.45
2026-04-11T08:00:00Z,19,APXMIDP,-1.59,2826.9
2026-04-11T07:30:00Z,18,APXMIDP,11.93,3450.95
2026-04-11T07:00:00Z,17,APXMIDP,11.08,2911.95
2026-04-11T06:30:00Z,16,APXMIDP,11.74,3007.35
2026-04-11T06:00:00Z,15,APXMIDP,7.59,2978.0
2026-04-11T05:30:00Z,14,APXMIDP,-4.25,2507.7
2026-04-11T05:00:00Z,13,APXMIDP,-1.68,2288.45
2026-04-11T04:30:00Z,12,APXMIDP,-4.02,1694.45
2026-04-11T04:00:00Z,11,APXMIDP,-6.42,1655.75
2026-04-11T03:30:00Z,10,APXMIDP,-8.82,2320.05
2026-04-11T03:00:00Z,9,APXMIDP,-12.3,2132.65
2026-04-11T02:30:00Z,8,APXMIDP,-13.31,2009.95
2026-04-11T02:00:00Z,7,APXMIDP,-12.07,1883.4
2026-04-11T01:30:00Z,6,APXMIDP,-4.46,1906.75
2026-04-11T01:00:00Z,5,APXMIDP,-1.09,1977.85
2026-04-11T00:30:00Z,4,APXMIDP,0.21,2044.75
2026-04-11T00:00:00Z,3,APXMIDP,4.33,2292.3
2026-04-10T23:30:00Z,2,APXMIDP,7.25,1900.05
2026-04-10T23:00:00Z,1,APXMIDP,15.29,1870.9
2026-04-10T22:30:00Z,48,APXMIDP,24.52,2170.8
2026-04-10T22:00:00Z,47,APXMIDP,70.94,2367.4
2026-04-10T21:30:00Z,46,APXMIDP,68.55,2902.0
2026-04-10T21:00:00Z,45,APXMIDP,101.63,2545.05
2026-04-10T20:30:00Z,44,APXMIDP,100.96,2183.6
2026-04-10T20:00:00Z,43,APXMIDP,112.03,2214.55
2026-04-10T19:30:00Z,42,APXMIDP,117.87,2740.7
2026-04-10T19:00:00Z,41,APXMIDP,122.18,3049.55
2026-04-10T18:30:00Z,40,APXMIDP,123.1,2821.5
2026-04-10T18:00:00Z,39,APXMIDP,126.15,3282.3
2026-04-10T17:30:00Z,38,APXMIDP,122.97,3826.25
2026-04-10T17:00:00Z,37,APXMIDP,124.63,4419.6
2026-04-10T16:30:00Z,36,APXMIDP,119.1,4926.1
2026-04-10T16:00:00Z,35,APXMIDP,119.86,4488.85
2026-04-10T15:30:00Z,34,APXMIDP,101.2,5213.15
2026-04-10T15:00:00Z,33,APXMIDP,86.95,4593.1
2026-04-10T14:30:00Z,32,APXMIDP,81.16,4684.4
2026-04-10T14:00:00Z,31,APXMIDP,69.01,4419.55
2026-04-10T13:30:00Z,30,APXMIDP,74.33,3593.8
2026-04-10T13:00:00Z,29,APXMIDP,82.11,3361.25
2026-04-10T12:30:00Z,28,APXMIDP,89.55,3144.4
2026-04-10T12:00:00Z,27,APXMIDP,92.03,2882.35
2026-04-10T11:30:00Z,26,APXMIDP,93.84,2960.55
2026-04-10T11:00:00Z,25,APXMIDP,94.16,2420.25
2026-04-10T10:30:00Z,24,APXMIDP,96.49,2775.45
2026-04-10T10:00:00Z,23,APXMIDP,95.98,3322.85
2026-04-10T09:30:00Z,22,APXMIDP,101.31,4173.35
2026-04-10T09:00:00Z,21,APXMIDP,101.06,3609.5
2026-04-10T08:30:00Z,20,APXMIDP,115.67,4228.6
2026-04-10T08:00:00Z,19,APXMIDP,118.03,3719.9
2026-04-10T07:30:00Z,18,APXMIDP,121.14,3236.05
2026-04-10T07:00:00Z,17,APXMIDP,116.29,3160.7
2026-04-10T06:30:00Z,16,APXMIDP,108.88,3061.5
2026-04-10T06:00:00Z,15,APXMIDP,101.13,3197.65
2026-04-10T05:30:00Z,14,APXMIDP,97.71,3151.55
2026-04-10T05:00:00Z,13,APXMIDP,85.76,2849.05
2026-04-10T04:30:00Z,12,APXMIDP,60.11,2273.6
2026-04-10T04:00:00Z,11,APXMIDP,39.67,2498.3
2026-04-10T03:30:00Z,10,APXMIDP,26.91,2011.9
2026-04-10T03:00:00Z,9,APXMIDP,23.93,1955.5
2026-04-10T02:30:00Z,8,APXMIDP,24.51,2119.7
2026-04-10T02:00:00Z,7,APXMIDP,27.8,2315.6
2026-04-10T01:30:00Z,6,APXMIDP,37.93,2113.05
2026-04-10T01:00:00Z,5,APXMIDP,41.67,1752.55
2026-04-10T00:30:00Z,4,APXMIDP,54.67,2182.3
2026-04-10T00:00:00Z,3,APXMIDP,51.22,1584.6
2026-04-09T23:30:00Z,2,APXMIDP,53.86,1747.8
2026-04-09T23:00:00Z,1,APXMIDP,60.74,1695.5
2026-04-09T22:30:00Z,48,APXMIDP,63.42,1974.35
2026-04-09T22:00:00Z,47,APXMIDP,69.19,2347.6
2026-04-09T21:30:00Z,46,APXMIDP,74.64,3759.75
2026-04-09T21:00:00Z,45,APXMIDP,75.82,3282.05
2026-04-09T20:30:00Z,44,APXMIDP,79.92,2636.6
2026-04-09T20:00:00Z,43,APXMIDP,103.3,3005.35
2026-04-09T19:30:00Z,42,APXMIDP,114.8,3714.9
2026-04-09T19:00:00Z,41,APXMIDP,111.33,3889.75
2026-04-09T18:30:00Z,40,APXMIDP,120.43,4046.85
2026-04-09T18:00:00Z,39,APXMIDP,114.77,4184.35
2026-04-09T17:30:00Z,38,APXMIDP,119.75,4109.4
2026-04-09T17:00:00Z,37,APXMIDP,118.37,3495.0
2026-04-09T16:30:00Z,36,APXMIDP,116.3,4258.65
2026-04-09T16:00:00Z,35,APXMIDP,117.41,4016.2
2026-04-09T15:30:00Z,34,APXMIDP,111.31,3960.95
2026-04-09T15:00:00Z,33,APXMIDP,106.89,4708.7
2026-04-09T14:30:00Z,32,APXMIDP,107.79,3977.35
2026-04-09T14:00:00Z,31,APXMIDP,104.27,3814.55
2026-04-09T13:30:00Z,30,APXMIDP,89.83,4887.75
2026-04-09T13:00:00Z,29,APXMIDP,95.51,4180.05
2026-04-09T12:30:00Z,28,APXMIDP,93.18,4492.95
2026-04-09T12:00:00Z,27,APXMIDP,98.49,3972.1
2026-04-09T11:30:00Z,26,APXMIDP,107.46,3288.15
2026-04-09T11:00:00Z,25,APXMIDP,111.26,3288.7
2026-04-09T10:30:00Z,24,APXMIDP,109.88,3328.05
2026-04-09T10:00:00Z,23,APXMIDP,108.92,3631.8
2026-04-09T09:30:00Z,22,APXMIDP,106.62,4266.1
2026-04-09T09:00:00Z,21,APXMIDP,103.59,4403.6
2026-04-09T08:30:00Z,20,APXMIDP,104.17,4881.3
2026-04-09T08:00:00Z,19,APXMIDP,104.78,4651.05
2026-04-09T07:30:00Z,18,APXMIDP,98.4,3664.2
2026-04-09T07:00:00Z,17,APXMIDP,102.14,3141.2
2026-04-09T06:30:00Z,16,APXMIDP,110.79,3089.3
2026-04-09T06:00:00Z,15,APXMIDP,113.71,3392.6
2026-04-09T05:30:00Z,14,APXMIDP,118.26,2920.9
2026-04-09T05:00:00Z,13,APXMIDP,112.16,2983.9
2026-04-09T04:30:00Z,12,APXMIDP,105.38,2391.55
2026-04-09T04:00:00Z,11,APXMIDP,107.45,2197.65
2026-04-09T03:30:00Z,10,APXMIDP,89.3,1955.15
2026-04-09T03:00:00Z,9,APXMIDP,87.92,2018.05
2026-04-09T02:30:00Z,8,APXMIDP,80.3,1777.2
2026-04-09T02:00:00Z,7,APXMIDP,81.78,1606.25
2026-04-09T01:30:00Z,6,APXMIDP,83.07,2594.75
2026-04-09T01:00:00Z,5,APXMIDP,84.58,2525.55
2026-04-09T00:30:00Z,4,APXMIDP,82.24,2070.6
2026-04-09T00:00:00Z,3,APXMIDP,81.76,2128.3
2026-04-08T23:30:00Z,2,APXMIDP,82.39,1817.4
2026-04-08T23:00:00Z,1,APXMIDP,84.61,1779.95
2026-04-08T22:30:00Z,48,APXMIDP,87.41,2138.8
2026-04-08T22:00:00Z,47,APXMIDP,82.73,1632.35
2026-04-08T21:30:00Z,46,APXMIDP,95.6,4185.0
2026-04-08T21:00:00Z,45,APXMIDP,96.29,3553.6
2026-04-08T20:30:00Z,44,APXMIDP,97.74,3082.1
2026-04-08T20:00:00Z,43,APXMIDP,106.38,3520.0
2026-04-08T19:30:00Z,42,APXMIDP,119.79,4029.7
2026-04-08T19:00:00Z,41,APXMIDP,125.04,4760.7
2026-04-08T18:30:00Z,40,APXMIDP,129.69,4502.8
2026-04-08T18:00:00Z,39,APXMIDP,137.3,4603.1
2026-04-08T17:30:00Z,38,APXMIDP,135.12,4274.2
2026-04-08T17:00:00Z,37,APXMIDP,134.41,4035.75
2026-04-08T16:30:00Z,36,APXMIDP,120.72,3676.7
2026-04-08T16:00:00Z,35,APXMIDP,111.48,4002.3
2026-04-08T15:30:00Z,34,APXMIDP,94.02,3803.8
2026-04-08T15:00:00Z,33,APXMIDP,91.14,3476.8
2026-04-08T14:30:00Z,32,APXMIDP,87.78,3433.05
2026-04-08T14:00:00Z,31,APXMIDP,85.84,3200.8
2026-04-08T13:30:00Z,30,APXMIDP,82.97,4259.0
2026-04-08T13:00:00Z,29,APXMIDP,81.93,3617.2
2026-04-08T12:30:00Z,28,APXMIDP,81.93,3468.3
2026-04-08T12:00:00Z,27,APXMIDP,88.4,3715.35
2026-04-08T11:30:00Z,26,APXMIDP,85.59,2644.85
2026-04-08T11:00:00Z,25,APXMIDP,87.98,2940.65
2026-04-08T10:30:00Z,24,APXMIDP,92.6,3122.0
2026-04-08T10:00:00Z,23,APXMIDP,100.76,2900.85
2026-04-08T09:30:00Z,22,APXMIDP,110.92,3326.1
2026-04-08T09:00:00Z,21,APXMIDP,116.02,3159.1
2026-04-08T08:30:00Z,20,APXMIDP,118.05,3130.0
2026-04-08T08:00:00Z,19,APXMIDP,132.7,2466.15
2026-04-08T07:30:00Z,18,APXMIDP,136.87,2256.25
2026-04-08T07:00:00Z,17,APXMIDP,141.0,1884.5
2026-04-08T06:30:00Z,16,APXMIDP,139.43,2064.1
2026-04-08T06:00:00Z,15,APXMIDP,130.33,2246.35
2026-04-08T05:30:00Z,14,APXMIDP,135.38,1992.85
2026-04-08T05:00:00Z,13,APXMIDP,127.1,2204.45
2026-04-08T04:30:00Z,12,APXMIDP,121.8,1967.95
2026-04-08T04:00:00Z,11,APXMIDP,111.23,2117.0
2026-04-08T03:30:00Z,10,APXMIDP,93.68,2208.5
2026-04-08T03:00:00Z,9,APXMIDP,93.66,1910.5
2026-04-08T02:30:00Z,8,APXMIDP,89.09,2276.5
2026-04-08T02:00:00Z,7,APXMIDP,86.27,2007.15
2026-04-08T01:30:00Z,6,APXMIDP,90.48,3023.65
2026-04-08T01:00:00Z,5,APXMIDP,88.9,2399.0
2026-04-08T00:30:00Z,4,APXMIDP,92.7,2396.7
2026-04-08T00:00:00Z,3,APXMIDP,90.6,2540.35
2026-04-07T23:30:00Z,2,APXMIDP,88.86,2320.5
2026-04-07T23:00:00Z,1,APXMIDP,91.83,2272.2
2026-04-07T22:30:00Z,48,APXMIDP,94.66,2361.0
2026-04-07T22:00:00Z,47,APXMIDP,91.15,2398.65
2026-04-07T21:30:00Z,46,APXMIDP,93.27,2587.0
2026-04-07T21:00:00Z,45,APXMIDP,104.82,2497.25
2026-04-07T20:30:00Z,44,APXMIDP,99.93,2650.85
2026-04-07T20:00:00Z,43,APXMIDP,100.87,2706.4
2026-04-07T19:30:00Z,42,APXMIDP,116.97,3691.95
2026-04-07T19:00:00Z,41,APXMIDP,118.36,3666.15
2026-04-07T18:30:00Z,40,APXMIDP,121.64,3438.35
2026-04-07T18:00:00Z,39,APXMIDP,115.5,3229.7
2026-04-07T17:30:00Z,38,APXMIDP,104.5,3903.3
2026-04-07T17:00:00Z,37,APXMIDP,95.49,3676.35
2026-04-07T16:30:00Z,36,APXMIDP,93.0,3960.55
2026-04-07T16:00:00Z,35,APXMIDP,77.43,4879.75
2026-04-07T15:30:00Z,34,APXMIDP,49.66,4503.2
2026-04-07T15:00:00Z,33,APXMIDP,11.01,3896.5
2026-04-07T14:30:00Z,32,APXMIDP,-9.26,3616.15
2026-04-07T14:00:00Z,31,APXMIDP,-24.86,3568.0
2026-04-07T13:30:00Z,30,APXMIDP,-47.54,4158.95
2026-04-07T13:00:00Z,29,APXMIDP,-51.58,3647.75
2026-04-07T12:30:00Z,28,APXMIDP,-57.32,3654.0
2026-04-07T12:00:00Z,27,APXMIDP,-57.82,3573.7
2026-04-07T11:30:00Z,26,APXMIDP,-53.64,3497.85
2026-04-07T11:00:00Z,25,APXMIDP,-45.58,3322.55
2026-04-07T10:30:00Z,24,APXMIDP,-34.45,2469.6
2026-04-07T10:00:00Z,23,APXMIDP,-23.89,2760.0
2026-04-07T09:30:00Z,22,APXMIDP,1.55,2084.45
2026-04-07T09:00:00Z,21,APXMIDP,17.73,2657.1
2026-04-07T08:30:00Z,20,APXMIDP,28.73,2308.95
2026-04-07T08:00:00Z,19,APXMIDP,65.4,2982.8
2026-04-07T07:30:00Z,18,APXMIDP,97.4,3214.35
2026-04-07T07:00:00Z,17,APXMIDP,101.01,3191.05
2026-04-07T06:30:00Z,16,APXMIDP,100.03,3009.85
2026-04-07T06:00:00Z,15,APXMIDP,98.63,2843.4
2026-04-07T05:30:00Z,14,APXMIDP,107.78,2460.8
2026-04-07T05:00:00Z,13,APXMIDP,105.82,2427.35
2026-04-07T04:30:00Z,12,APXMIDP,86.56,2204.85
2026-04-07T04:00:00Z,11,APXMIDP,78.03,1899.05
2026-04-07T03:30:00Z,10,APXMIDP,62.11,1652.5
2026-04-07T03:00:00Z,9,APXMIDP,66.48,1623.45
2026-04-07T02:30:00Z,8,APXMIDP,63.72,1805.85
2026-04-07T02:00:00Z,7,APXMIDP,66.05,1985.25
2026-04-07T01:30:00Z,6,APXMIDP,61.3,2193.2
2026-04-07T01:00:00Z,5,APXMIDP,55.21,1773.95
2026-04-07T00:30:00Z,4,APXMIDP,54.33,1671.5
2026-04-07T00:00:00Z,3,APXMIDP,59.11,1597.35
2026-04-06T23:30:00Z,2,APXMIDP,68.77,1130.1
2026-04-06T23:00:00Z,1,APXMIDP,75.07,1316.4
2026-04-06T22:30:00Z,48,APXMIDP,82.06,1163.65
2026-04-06T22:00:00Z,47,APXMIDP,83.55,1046.25
2026-04-06T21:30:00Z,46,APXMIDP,99.9,2101.3
2026-04-06T21:00:00Z,45,APXMIDP,105.65,2007.5
2026-04-06T20:30:00Z,44,APXMIDP,114.11,1958.05
2026-04-06T20:00:00Z,43,APXMIDP,119.27,2446.85
2026-04-06T19:30:00Z,42,APXMIDP,123.16,2539.9
2026-04-06T19:00:00Z,41,APXMIDP,123.87,2536.35
2026-04-06T18:30:00Z,40,APXMIDP,124.59,2789.7
2026-04-06T18:00:00Z,39,APXMIDP,118.8,2993.35
2026-04-06T17:30:00Z,38,APXMIDP,107.01,3511.65
2026-04-06T17:00:00Z,37,APXMIDP,101.47,3515.35
2026-04-06T16:30:00Z,36,APXMIDP,81.69,3064.8
2026-04-06T16:00:00Z,35,APXMIDP,59.36,3082.55
2026-04-06T15:30:00Z,34,APXMIDP,0.9,3176.5
2026-04-06T15:00:00Z,33,APXMIDP,-25.34,2729.45
2026-04-06T14:30:00Z,32,APXMIDP,-49.46,2307.3
2026-04-06T14:00:00Z,31,APXMIDP,-51.84,2153.45
2026-04-06T13:30:00Z,30,APXMIDP,-45.77,4324.4
2026-04-06T13:00:00Z,29,APXMIDP,-41.36,4345.5
2026-04-06T12:30:00Z,28,APXMIDP,-34.77,4260.4
2026-04-06T12:00:00Z,27,APXMIDP,-24.71,3963.0
2026-04-06T11:30:00Z,26,APXMIDP,8.55,2863.45
2026-04-06T11:00:00Z,25,APXMIDP,28.15,2876.7
2026-04-06T10:30:00Z,24,APXMIDP,47.06,2693.7
2026-04-06T10:00:00Z,23,APXMIDP,69.5,2908.6
2026-04-06T09:30:00Z,22,APXMIDP,102.29,2304.3
2026-04-06T09:00:00Z,21,APXMIDP,116.78,1986.05
2026-04-06T08:30:00Z,20,APXMIDP,116.44,1936.5
2026-04-06T08:00:00Z,19,APXMIDP,118.54,2296.7
2026-04-06T07:30:00Z,18,APXMIDP,118.55,2157.35
2026-04-06T07:00:00Z,17,APXMIDP,120.96,2180.9
2026-04-06T06:30:00Z,16,APXMIDP,125.46,2231.0
2026-04-06T06:00:00Z,15,APXMIDP,121.2,2011.45
2026-04-06T05:30:00Z,14,APXMIDP,118.89,2398.3
2026-04-06T05:00:00Z,13,APXMIDP,118.35,1727.95
2026-04-06T04:30:00Z,12,APXMIDP,111.73,1714.6
2026-04-06T04:00:00Z,11,APXMIDP,107.61,1658.95
2026-04-06T03:30:00Z,10,APXMIDP,106.5,1905.1
2026-04-06T03:00:00Z,9,APXMIDP,100.37,1125.25
2026-04-06T02:30:00Z,8,APXMIDP,105.25,1105.2
2026-04-06T02:00:00Z,7,APXMIDP,111.73,1177.5
2026-04-06T01:30:00Z,6,APXMIDP,116.0,1425.85
2026-04-06T01:00:00Z,5,APXMIDP,116.17,1383.65
2026-04-06T00:30:00Z,4,APXMIDP,114.11,1336.85
2026-04-06T00:00:00Z,3,APXMIDP,110.64,1244.95
2026-04-05T23:30:00Z,2,APXMIDP,109.37,1521.2
2026-04-05T23:00:00Z,1,APXMIDP,106.31,1658.95
2026-04-05T22:30:00Z,48,APXMIDP,110.13,1460.15
2026-04-05T22:00:00Z,47,APXMIDP,113.98,1405.75
2026-04-05T21:30:00Z,46,APXMIDP,112.48,1877.7
2026-04-05T21:00:00Z,45,APXMIDP,109.96,1983.25
2026-04-05T20:30:00Z,44,APXMIDP,109.1,1972.8
2026-04-05T20:00:00Z,43,APXMIDP,109.04,2309.8
2026-04-05T19:30:00Z,42,APXMIDP,111.35,2014.0
2026-04-05T19:00:00Z,41,APXMIDP,103.03,2119.35
2026-04-05T18:30:00Z,40,APXMIDP,90.02,2635.4
2026-04-05T18:00:00Z,39,APXMIDP,67.07,2936.6
2026-04-05T17:30:00Z,38,APXMIDP,42.45,3198.8
2026-04-05T17:00:00Z,37,APXMIDP,4.02,2261.05
2026-04-05T16:30:00Z,36,APXMIDP,15.6,2741.75
2026-04-05T16:00:00Z,35,APXMIDP,-13.37,2641.4
2026-04-05T15:30:00Z,34,APXMIDP,-12.24,2710.4
2026-04-05T15:00:00Z,33,APXMIDP,-21.86,2225.75
2026-04-05T14:30:00Z,32,APXMIDP,-36.27,1687.65
2026-04-05T14:00:00Z,31,APXMIDP,-51.86,1759.4
2026-04-05T13:30:00Z,30,APXMIDP,-55.88,2150.05
2026-04-05T13:00:00Z,29,APXMIDP,-58.54,2152.7
2026-04-05T12:30:00Z,28,APXMIDP,-56.49,1900.1
2026-04-05T12:00:00Z,27,APXMIDP,-55.09,1920.3
2026-04-05T11:30:00Z,26,APXMIDP,-44.75,1982.0
2026-04-05T11:00:00Z,25,APXMIDP,-40.39,2323.25
2026-04-05T10:30:00Z,24,APXMIDP,-24.23,2602.9
2026-04-05T10:00:00Z,23,APXMIDP,-16.83,2624.8
2026-04-05T09:30:00Z,22,APXMIDP,-0.09,2985.6
2026-04-05T09:00:00Z,21,APXMIDP,9.37,2755.65
2026-04-05T08:30:00Z,20,APXMIDP,6.83,2549.7
2026-04-05T08:00:00Z,19,APXMIDP,6.78,2360.8
2026-04-05T07:30:00Z,18,APXMIDP,15.6,2368.65
2026-04-05T07:00:00Z,17,APXMIDP,7.04,1964.2
2026-04-05T06:30:00Z,16,APXMIDP,5.16,2106.85
2026-04-05T06:00:00Z,15,APXMIDP,4.19,1993.1
2026-04-05T05:30:00Z,14,APXMIDP,8.69,2288.85
2026-04-05T05:00:00Z,13,APXMIDP,6.61,2097.2
2026-04-05T04:30:00Z,12,APXMIDP,11.33,2708.5
2026-04-05T04:00:00Z,11,APXMIDP,9.94,2455.25
2026-04-05T03:30:00Z,10,APXMIDP,17.26,2958.2
2026-04-05T03:00:00Z,9,APXMIDP,20.21,3172.55
2026-04-05T02:30:00Z,8,APXMIDP,21.02,2904.95
2026-04-05T02:00:00Z,7,APXMIDP,26.98,3113.1
2026-04-05T01:30:00Z,6,APXMIDP,37.31,2836.25
2026-04-05T01:00:00Z,5,APXMIDP,55.2,2900.65
2026-04-05T00:30:00Z,4,APXMIDP,42.42,3147.7
2026-04-05T00:00:00Z,3,APXMIDP,33.44,2619.65
2026-04-19T00:00:00Z,3,APXMIDP,94.27,1422.85
2026-04-18T23:30:00Z,2,APXMIDP,90.35,1504.45
2026-04-18T23:00:00Z,1,APXMIDP,91.1,1353.7
2026-04-18T22:30:00Z,48,APXMIDP,90.06,1347.2
2026-04-18T22:00:00Z,47,APXMIDP,95.92,1860.1
2026-04-18T21:30:00Z,46,APXMIDP,90.29,1611.6
2026-04-18T21:00:00Z,45,APXMIDP,96.21,1567.45
2026-04-18T20:30:00Z,44,APXMIDP,105.39,1576.95
2026-04-18T20:00:00Z,43,APXMIDP,108.1,1565.1
2026-04-18T19:30:00Z,42,APXMIDP,111.28,2217.4
2026-04-18T19:00:00Z,41,APXMIDP,109.36,2127.35
2026-04-18T18:30:00Z,40,APXMIDP,112.7,2425.25
2026-04-18T18:00:00Z,39,APXMIDP,108.38,2696.55
2026-04-18T17:30:00Z,38,APXMIDP,106.32,2775.65
2026-04-18T17:00:00Z,37,APXMIDP,99.51,2692.0
2026-04-18T16:30:00Z,36,APXMIDP,93.55,2435.85
2026-04-18T16:00:00Z,35,APXMIDP,91.13,2477.8
2026-04-18T15:30:00Z,34,APXMIDP,82.01,2443.6
2026-04-18T15:00:00Z,33,APXMIDP,80.04,2330.25
2026-04-18T14:30:00Z,32,APXMIDP,78.53,2867.0
2026-04-18T14:00:00Z,31,APXMIDP,78.86,2565.65
2026-04-18T13:30:00Z,30,APXMIDP,59.21,3037.25
2026-04-18T13:00:00Z,29,APXMIDP,52.33,2823.7
2026-04-18T12:30:00Z,28,APXMIDP,50.52,3027.75
2026-04-18T12:00:00Z,27,APXMIDP,48.03,3074.25
2026-04-18T11:30:00Z,26,APXMIDP,42.97,3290.6
2026-04-18T11:00:00Z,25,APXMIDP,38.52,3490.1
2026-04-18T10:30:00Z,24,APXMIDP,42.92,3531.85
2026-04-18T10:00:00Z,23,APXMIDP,42.17,3102.1
2026-04-18T09:30:00Z,22,APXMIDP,31.06,2517.2
2026-04-18T09:00:00Z,21,APXMIDP,38.83,2573.45
2026-04-18T08:30:00Z,20,APXMIDP,39.55,1867.55
2026-04-18T08:00:00Z,19,APXMIDP,56.54,2101.25
2026-04-18T07:30:00Z,18,APXMIDP,67.2,1981.6
2026-04-18T07:00:00Z,17,APXMIDP,64.49,1497.4
2026-04-18T06:30:00Z,16,APXMIDP,75.15,1568.5
2026-04-18T06:00:00Z,15,APXMIDP,69.14,1368.9
2026-04-18T05:30:00Z,14,APXMIDP,76.88,1825.8
2026-04-18T05:00:00Z,13,APXMIDP,67.57,1547.9
2026-04-18T04:30:00Z,12,APXMIDP,68.78,1356.3
2026-04-18T04:00:00Z,11,APXMIDP,66.55,1354.4
2026-04-18T03:30:00Z,10,APXMIDP,67.22,1514.65
2026-04-18T03:00:00Z,9,APXMIDP,66.36,1460.75
2026-04-18T02:30:00Z,8,APXMIDP,69.81,1565.9
2026-04-18T02:00:00Z,7,APXMIDP,74.61,1691.55
2026-04-18T01:30:00Z,6,APXMIDP,82.84,2029.2
2026-04-18T01:00:00Z,5,APXMIDP,85.16,2194.15
2026-04-18T00:30:00Z,4,APXMIDP,86.42,2234.35
2026-04-18T00:00:00Z,3,APXMIDP,88.89,2035.3
2026-04-17T23:30:00Z,2,APXMIDP,95.11,2251.65
2026-04-17T23:00:00Z,1,APXMIDP,97.47,2327.45
2026-04-17T22:30:00Z,48,APXMIDP,97.95,2283.95
2026-04-17T22:00:00Z,47,APXMIDP,97.05,2458.85
2026-04-17T21:30:00Z,46,APXMIDP,92.57,3307.8
2026-04-17T21:00:00Z,45,APXMIDP,94.6,3125.35
2026-04-17T20:30:00Z,44,APXMIDP,97.26,3201.75
2026-04-17T20:00:00Z,43,APXMIDP,100.19,3300.9
2026-04-17T19:30:00Z,42,APXMIDP,112.83,3561.15
2026-04-17T19:00:00Z,41,APXMIDP,109.42,3155.35
2026-04-17T18:30:00Z,40,APXMIDP,111.0,3511.25
2026-04-17T18:00:00Z,39,APXMIDP,107.87,2845.35
2026-04-17T17:30:00Z,38,APXMIDP,96.34,2571.45
2026-04-17T17:00:00Z,37,APXMIDP,85.95,2482.3
2026-04-17T16:30:00Z,36,APXMIDP,90.01,2372.95
2026-04-17T16:00:00Z,35,APXMIDP,87.08,2683.9
2026-04-17T15:30:00Z,34,APXMIDP,80.1,3383.85
2026-04-17T15:00:00Z,33,APXMIDP,72.17,3045.5
2026-04-17T14:30:00Z,32,APXMIDP,71.2,4611.9
2026-04-17T14:00:00Z,31,APXMIDP,71.28,4197.95
2026-04-17T13:30:00Z,30,APXMIDP,38.89,5685.45
2026-04-17T13:00:00Z,29,APXMIDP,36.99,5357.35
2026-04-17T12:30:00Z,28,APXMIDP,21.31,3360.1
2026-04-17T12:00:00Z,27,APXMIDP,23.82,3715.05
2026-04-17T11:30:00Z,26,APXMIDP,23.5,3522.75
2026-04-17T11:00:00Z,25,APXMIDP,24.43,3348.85
2026-04-17T10:30:00Z,24,APXMIDP,24.51,2804.35
2026-04-17T10:00:00Z,23,APXMIDP,30.16,2834.5
2026-04-17T09:30:00Z,22,APXMIDP,44.05,3042.8
2026-04-17T09:00:00Z,21,APXMIDP,51.35,3371.05
2026-04-17T08:30:00Z,20,APXMIDP,54.31,3241.85
2026-04-17T08:00:00Z,19,APXMIDP,52.87,3167.7
2026-04-17T07:30:00Z,18,APXMIDP,78.57,3377.15
2026-04-17T07:00:00Z,17,APXMIDP,87.96,2672.6
2026-04-17T06:30:00Z,16,APXMIDP,103.55,2882.55
2026-04-17T06:00:00Z,15,APXMIDP,91.79,2599.0
2026-04-17T05:30:00Z,14,APXMIDP,112.68,2223.45
2026-04-17T05:00:00Z,13,APXMIDP,103.09,1973.7
2026-04-17T04:30:00Z,12,APXMIDP,98.96,1848.5
2026-04-17T04:00:00Z,11,APXMIDP,94.68,1926.15
2026-04-17T03:30:00Z,10,APXMIDP,88.38,1879.15
2026-04-17T03:00:00Z,9,APXMIDP,87.58,1724.75
2026-04-17T02:30:00Z,8,APXMIDP,83.0,1489.7
2026-04-17T02:00:00Z,7,APXMIDP,85.82,1455.35
2026-04-17T01:30:00Z,6,APXMIDP,85.93,1745.4
2026-04-17T01:00:00Z,5,APXMIDP,90.38,1757.45
2026-04-17T00:30:00Z,4,APXMIDP,93.27,1852.65
2026-04-17T00:00:00Z,3,APXMIDP,98.77,2188.85
2026-04-16T23:30:00Z,2,APXMIDP,102.03,2322.05
2026-04-16T23:00:00Z,1,APXMIDP,102.18,2658.65
2026-04-16T22:30:00Z,48,APXMIDP,103.34,2821.25
2026-04-16T22:00:00Z,47,APXMIDP,99.93,3512.55
2026-04-16T21:30:00Z,46,APXMIDP,102.41,3710.2
2026-04-16T21:00:00Z,45,APXMIDP,99.89,2780.35
2026-04-16T20:30:00Z,44,APXMIDP,102.3,2267.25
2026-04-16T20:00:00Z,43,APXMIDP,109.03,2364.7
2026-04-16T19:30:00Z,42,APXMIDP,113.27,3218.95
2026-04-16T19:00:00Z,41,APXMIDP,110.83,2568.95
2026-04-16T18:30:00Z,40,APXMIDP,115.39,2936.3
2026-04-16T18:00:00Z,39,APXMIDP,108.46,2733.8
2026-04-16T17:30:00Z,38,APXMIDP,112.22,3432.9
2026-04-16T17:00:00Z,37,APXMIDP,102.45,3353.6
2026-04-16T16:30:00Z,36,APXMIDP,93.08,3298.3
2026-04-16T16:00:00Z,35,APXMIDP,86.68,3122.8
2026-04-16T15:30:00Z,34,APXMIDP,76.32,4159.2
2026-04-16T15:00:00Z,33,APXMIDP,85.72,4363.3
2026-04-16T14:30:00Z,32,APXMIDP,68.53,4324.15
2026-04-16T14:00:00Z,31,APXMIDP,71.36,4570.2
2026-04-16T13:30:00Z,30,APXMIDP,69.38,5046.05
2026-04-16T13:00:00Z,29,APXMIDP,73.38,5317.5
2026-04-16T12:30:00Z,28,APXMIDP,74.05,4627.5
2026-04-16T12:00:00Z,27,APXMIDP,83.29,4538.1
2026-04-16T11:30:00Z,26,APXMIDP,88.27,4621.45
2026-04-16T11:00:00Z,25,APXMIDP,88.92,4438.2
2026-04-16T10:30:00Z,24,APXMIDP,85.91,4556.65
2026-04-16T10:00:00Z,23,APXMIDP,80.47,3980.55
2026-04-16T09:30:00Z,22,APXMIDP,83.28,3775.75
2026-04-16T09:00:00Z,21,APXMIDP,79.49,3674.85
2026-04-16T08:30:00Z,20,APXMIDP,78.01,3010.7
2026-04-16T08:00:00Z,19,APXMIDP,97.08,3103.3
2026-04-16T07:30:00Z,18,APXMIDP,109.23,3544.55
2026-04-16T07:00:00Z,17,APXMIDP,108.89,3301.6
2026-04-16T06:30:00Z,16,APXMIDP,114.72,2686.2
2026-04-16T06:00:00Z,15,APXMIDP,111.42,2750.35
2026-04-16T05:30:00Z,14,APXMIDP,111.9,3118.5
2026-04-16T05:00:00Z,13,APXMIDP,108.64,2566.45
2026-04-16T04:30:00Z,12,APXMIDP,105.42,2914.45
2026-04-16T04:00:00Z,11,APXMIDP,99.19,2519.2
2026-04-16T03:30:00Z,10,APXMIDP,89.96,2200.8
2026-04-16T03:00:00Z,9,APXMIDP,89.97,2363.2
2026-04-16T02:30:00Z,8,APXMIDP,86.7,2221.4
2026-04-16T02:00:00Z,7,APXMIDP,87.05,2295.45
2026-04-16T01:30:00Z,6,APXMIDP,90.82,2218.2
2026-04-16T01:00:00Z,5,APXMIDP,92.14,2087.5
2026-04-16T00:30:00Z,4,APXMIDP,94.56,1818.8
2026-04-16T00:00:00Z,3,APXMIDP,92.56,1857.25
2026-04-15T23:30:00Z,2,APXMIDP,90.96,1734.7
2026-04-15T23:00:00Z,1,APXMIDP,92.28,1914.5
2026-04-15T22:30:00Z,48,APXMIDP,92.7,1799.05
2026-04-15T22:00:00Z,47,APXMIDP,101.19,2076.35
2026-04-15T21:30:00Z,46,APXMIDP,96.28,2602.45
2026-04-15T21:00:00Z,45,APXMIDP,101.91,2730.15
2026-04-15T20:30:00Z,44,APXMIDP,107.12,2431.45
2026-04-15T20:00:00Z,43,APXMIDP,110.03,3326.85
2026-04-15T19:30:00Z,42,APXMIDP,112.04,3218.45
2026-04-15T19:00:00Z,41,APXMIDP,111.23,3747.4
2026-04-15T18:30:00Z,40,APXMIDP,110.92,3631.4
2026-04-15T18:00:00Z,39,APXMIDP,103.6,3549.1
2026-04-15T17:30:00Z,38,APXMIDP,104.45,4536.8
2026-04-15T17:00:00Z,37,APXMIDP,103.1,4277.75
2026-04-15T16:30:00Z,36,APXMIDP,92.42,5122.7
2026-04-15T16:00:00Z,35,APXMIDP,103.93,4096.15
2026-04-15T15:30:00Z,34,APXMIDP,91.01,3988.8
2026-04-15T15:00:00Z,33,APXMIDP,89.43,4658.0
2026-04-15T14:30:00Z,32,APXMIDP,84.82,4341.6
2026-04-15T14:00:00Z,31,APXMIDP,83.41,3985.25
2026-04-15T13:30:00Z,30,APXMIDP,69.99,4079.35
2026-04-15T13:00:00Z,29,APXMIDP,64.45,4282.9
2026-04-15T12:30:00Z,28,APXMIDP,49.9,3872.5
2026-04-15T12:00:00Z,27,APXMIDP,45.49,4100.15
2026-04-15T11:30:00Z,26,APXMIDP,31.6,3448.55
2026-04-15T11:00:00Z,25,APXMIDP,34.96,3668.9
2026-04-15T10:30:00Z,24,APXMIDP,39.86,3357.25
2026-04-15T10:00:00Z,23,APXMIDP,44.34,3134.15
2026-04-15T09:30:00Z,22,APXMIDP,63.4,3989.55
2026-04-15T09:00:00Z,21,APXMIDP,69.66,3497.7
2026-04-15T08:30:00Z,20,APXMIDP,74.34,3106.15
2026-04-15T08:00:00Z,19,APXMIDP,88.15,3661.95
2026-04-15T07:30:00Z,18,APXMIDP,112.94,3115.15
2026-04-15T07:00:00Z,17,APXMIDP,110.88,3039.05
2026-04-15T06:30:00Z,16,APXMIDP,124.76,3362.15
2026-04-15T06:00:00Z,15,APXMIDP,119.8,2738.9
2026-04-15T05:30:00Z,14,APXMIDP,109.4,2394.55
2026-04-15T05:00:00Z,13,APXMIDP,101.54,2237.9
2026-04-15T04:30:00Z,12,APXMIDP,92.97,1913.55
2026-04-15T04:00:00Z,11,APXMIDP,82.43,2062.9
2026-04-15T03:30:00Z,10,APXMIDP,78.1,2598.8
2026-04-15T03:00:00Z,9,APXMIDP,80.51,2369.75
2026-04-15T02:30:00Z,8,APXMIDP,75.61,2728.7
2026-04-15T02:00:00Z,7,APXMIDP,75.72,2416.0
2026-04-15T01:30:00Z,6,APXMIDP,71.53,2328.55
2026-04-15T01:00:00Z,5,APXMIDP,70.15,2218.05
2026-04-15T00:30:00Z,4,APXMIDP,69.61,2052.95
2026-04-15T00:00:00Z,3,APXMIDP,67.23,1613.15
2026-04-14T23:30:00Z,2,APXMIDP,72.7,1873.8
2026-04-14T23:00:00Z,1,APXMIDP,79.27,1820.75
2026-04-14T22:30:00Z,48,APXMIDP,73.94,2237.05
2026-04-14T22:00:00Z,47,APXMIDP,83.48,2625.95
2026-04-14T21:30:00Z,46,APXMIDP,94.95,3996.15
2026-04-14T21:00:00Z,45,APXMIDP,97.72,3867.7
2026-04-14T20:30:00Z,44,APXMIDP,103.95,3835.65
2026-04-14T20:00:00Z,43,APXMIDP,113.29,3683.05
2026-04-14T19:30:00Z,42,APXMIDP,113.24,3480.85
2026-04-14T19:00:00Z,41,APXMIDP,116.47,3119.15
2026-04-14T18:30:00Z,40,APXMIDP,112.17,3582.5
2026-04-14T18:00:00Z,39,APXMIDP,113.91,3280.55
2026-04-14T17:30:00Z,38,APXMIDP,111.43,3902.0
2026-04-14T17:00:00Z,37,APXMIDP,105.95,4257.8
2026-04-14T16:30:00Z,36,APXMIDP,107.0,3485.85
2026-04-14T16:00:00Z,35,APXMIDP,101.89,2793.85
2026-04-14T15:30:00Z,34,APXMIDP,98.99,3751.75
2026-04-14T15:00:00Z,33,APXMIDP,97.28,3908.3
2026-04-14T14:30:00Z,32,APXMIDP,89.55,4116.15
2026-04-14T14:00:00Z,31,APXMIDP,85.23,3690.35
2026-04-14T13:30:00Z,30,APXMIDP,71.01,4613.8
2026-04-14T13:00:00Z,29,APXMIDP,72.65,4868.65
2026-04-14T12:30:00Z,28,APXMIDP,68.53,3958.8
2026-04-14T12:00:00Z,27,APXMIDP,72.42,3939.9
2026-04-14T11:30:00Z,26,APXMIDP,79.43,3272.45
2026-04-14T11:00:00Z,25,APXMIDP,80.38,3133.95
2026-04-14T10:30:00Z,24,APXMIDP,87.28,2979.0
2026-04-14T10:00:00Z,23,APXMIDP,90.23,3271.5
2026-04-14T09:30:00Z,22,APXMIDP,90.28,2337.6
2026-04-14T09:00:00Z,21,APXMIDP,96.61,2668.1
2026-04-14T08:30:00Z,20,APXMIDP,100.84,2912.45
2026-04-14T08:00:00Z,19,APXMIDP,102.97,2779.3
2026-04-14T07:30:00Z,18,APXMIDP,129.43,3114.6
2026-04-14T07:00:00Z,17,APXMIDP,128.89,2991.1
2026-04-14T06:30:00Z,16,APXMIDP,138.11,2962.05
2026-04-14T06:00:00Z,15,APXMIDP,133.72,2941.9
2026-04-14T05:30:00Z,14,APXMIDP,136.58,2179.7
2026-04-14T05:00:00Z,13,APXMIDP,131.57,2291.3
2026-04-14T04:30:00Z,12,APXMIDP,124.59,1638.75
2026-04-14T04:00:00Z,11,APXMIDP,119.48,1759.45
2026-04-14T03:30:00Z,10,APXMIDP,97.31,1635.55
2026-04-14T03:00:00Z,9,APXMIDP,100.13,1897.65
2026-04-14T02:30:00Z,8,APXMIDP,93.17,2263.0
2026-04-14T02:00:00Z,7,APXMIDP,94.88,2050.35
2026-04-14T01:30:00Z,6,APXMIDP,89.97,1629.25
2026-04-14T01:00:00Z,5,APXMIDP,92.09,1483.55
2026-04-14T00:30:00Z,4,APXMIDP,94.9,1723.2
2026-04-14T00:00:00Z,3,APXMIDP,96.07,1820.2
2026-04-13T23:30:00Z,2,APXMIDP,98.33,1794.8
2026-04-13T23:00:00Z,1,APXMIDP,99.34,1718.15
2026-04-13T22:30:00Z,48,APXMIDP,99.02,1828.6
2026-04-13T22:00:00Z,47,APXMIDP,96.9,1744.45
2026-04-13T21:30:00Z,46,APXMIDP,110.33,4117.4
2026-04-13T21:00:00Z,45,APXMIDP,105.85,3107.5
2026-04-13T20:30:00Z,44,APXMIDP,105.67,2785.35
2026-04-13T20:00:00Z,43,APXMIDP,118.67,2438.6
2026-04-13T19:30:00Z,42,APXMIDP,122.61,3391.25
2026-04-13T19:00:00Z,41,APXMIDP,124.2,3554.85
2026-04-13T18:30:00Z,40,APXMIDP,119.19,3107.25
2026-04-13T18:00:00Z,39,APXMIDP,117.11,2960.0
2026-04-13T17:30:00Z,38,APXMIDP,126.72,3668.1
2026-04-13T17:00:00Z,37,APXMIDP,121.62,3577.15
2026-04-13T16:30:00Z,36,APXMIDP,120.45,3502.3
2026-04-13T16:00:00Z,35,APXMIDP,118.25,3510.3
2026-04-13T15:30:00Z,34,APXMIDP,101.12,3026.65
2026-04-13T15:00:00Z,33,APXMIDP,93.54,2570.85
2026-04-13T14:30:00Z,32,APXMIDP,94.76,2872.35
2026-04-13T14:00:00Z,31,APXMIDP,94.11,2648.15
2026-04-13T13:30:00Z,30,APXMIDP,96.74,3824.05
2026-04-13T13:00:00Z,29,APXMIDP,100.3,3632.85
2026-04-13T12:30:00Z,28,APXMIDP,96.52,2898.1
2026-04-13T12:00:00Z,27,APXMIDP,98.08,2913.1
2026-04-13T11:30:00Z,26,APXMIDP,98.35,3031.15
2026-04-13T11:00:00Z,25,APXMIDP,97.74,3049.35
2026-04-13T10:30:00Z,24,APXMIDP,98.9,3914.7
2026-04-13T10:00:00Z,23,APXMIDP,97.3,3659.2
2026-04-13T09:30:00Z,22,APXMIDP,117.73,5541.45
2026-04-13T09:00:00Z,21,APXMIDP,121.73,5545.8
2026-04-13T08:30:00Z,20,APXMIDP,122.45,4061.95
2026-04-13T08:00:00Z,19,APXMIDP,145.29,4796.8
2026-04-13T07:30:00Z,18,APXMIDP,186.39,3866.4
2026-04-13T07:00:00Z,17,APXMIDP,184.05,3490.9
2026-04-13T06:30:00Z,16,APXMIDP,185.11,2861.1
2026-04-13T06:00:00Z,15,APXMIDP,159.28,2499.2
2026-04-13T05:30:00Z,14,APXMIDP,148.29,1826.75
2026-04-13T05:00:00Z,13,APXMIDP,136.4,1758.9
2026-04-13T04:30:00Z,12,APXMIDP,133.13,1165.7
2026-04-13T04:00:00Z,11,APXMIDP,129.2,1273.45
2026-04-13T03:30:00Z,10,APXMIDP,119.01,1305.45
2026-04-13T03:00:00Z,9,APXMIDP,119.86,1154.65
2026-04-13T02:30:00Z,8,APXMIDP,114.97,1580.75
2026-04-13T02:00:00Z,7,APXMIDP,112.48,1483.05
2026-04-13T01:30:00Z,6,APXMIDP,112.32,1642.35
2026-04-13T01:00:00Z,5,APXMIDP,107.45,1365.5
2026-04-13T00:30:00Z,4,APXMIDP,109.74,1326.9
2026-04-13T00:00:00Z,3,APXMIDP,103.41,1359.3
2026-04-12T23:30:00Z,2,APXMIDP,105.14,1623.75
2026-04-12T23:00:00Z,1,APXMIDP,107.0,1709.45
2026-04-12T22:30:00Z,48,APXMIDP,104.51,1858.9
2026-04-12T22:00:00Z,47,APXMIDP,107.48,1975.25
2026-04-12T21:30:00Z,46,APXMIDP,110.41,2579.1
2026-04-12T21:00:00Z,45,APXMIDP,118.2,2544.3
2026-04-12T20:30:00Z,44,APXMIDP,119.59,2863.5
2026-04-12T20:00:00Z,43,APXMIDP,132.64,2601.25
2026-04-12T19:30:00Z,42,APXMIDP,136.15,2926.6
2026-04-12T19:00:00Z,41,APXMIDP,135.04,2956.4
2026-04-12T18:30:00Z,40,APXMIDP,139.85,2599.7
2026-04-12T18:00:00Z,39,APXMIDP,133.01,3023.95
2026-04-12T17:30:00Z,38,APXMIDP,125.62,3439.8
2026-04-12T17:00:00Z,37,APXMIDP,115.51,3491.6
2026-04-12T16:30:00Z,36,APXMIDP,108.56,3194.35
2026-04-12T16:00:00Z,35,APXMIDP,99.48,2879.6
2026-04-12T15:30:00Z,34,APXMIDP,80.32,3897.2
2026-04-12T15:00:00Z,33,APXMIDP,52.94,3971.3
2026-04-12T14:30:00Z,32,APXMIDP,41.28,4464.9
2026-04-12T14:00:00Z,31,APXMIDP,30.28,4074.7
2026-04-12T13:30:00Z,30,APXMIDP,30.43,5007.85
2026-04-12T13:00:00Z,29,APXMIDP,24.7,4306.15
2026-04-12T12:30:00Z,28,APXMIDP,29.82,3574.75
2026-04-12T12:00:00Z,27,APXMIDP,41.35,4476.25
2026-04-12T11:30:00Z,26,APXMIDP,31.22,4019.8
2026-04-12T11:00:00Z,25,APXMIDP,31.25,3769.85
2026-04-12T10:30:00Z,24,APXMIDP,32.24,2963.85
2026-04-12T10:00:00Z,23,APXMIDP,28.63,2787.9
2026-04-12T09:30:00Z,22,APXMIDP,26.73,3521.35
2026-04-12T09:00:00Z,21,APXMIDP,25.13,3463.05
2026-04-12T08:30:00Z,20,APXMIDP,24.82,3511.6
2026-04-12T08:00:00Z,19,APXMIDP,34.15,3800.4
2026-04-12T07:30:00Z,18,APXMIDP,50.43,3589.75
2026-04-12T07:00:00Z,17,APXMIDP,50.61,2888.8
2026-04-12T06:30:00Z,16,APXMIDP,63.41,2814.1
2026-04-12T06:00:00Z,15,APXMIDP,52.73,2332.35
2026-04-12T05:30:00Z,14,APXMIDP,33.45,2219.1
2026-04-12T05:00:00Z,13,APXMIDP,29.02,2040.55
2026-04-12T04:30:00Z,12,APXMIDP,29.87,1867.45
2026-04-12T04:00:00Z,11,APXMIDP,25.94,2026.4
2026-04-12T03:30:00Z,10,APXMIDP,21.33,2542.8
2026-04-12T03:00:00Z,9,APXMIDP,21.28,2126.1
2026-04-12T02:30:00Z,8,APXMIDP,22.56,2342.45
2026-04-12T02:00:00Z,7,APXMIDP,20.72,2274.0
2026-04-12T01:30:00Z,6,APXMIDP,16.48,2499.7
2026-04-12T01:00:00Z,5,APXMIDP,13.53,2177.7
2026-04-12T00:30:00Z,4,APXMIDP,13.95,2404.75
2026-04-12T00:00:00Z,3,APXMIDP,13.35,2310.35
2026-04-26T00:00:00Z,3,APXMIDP,98.56,1283.7
2026-04-25T23:30:00Z,2,APXMIDP,96.72,998.85
2026-04-25T23:00:00Z,1,APXMIDP,95.81,928.25
2026-04-25T22:30:00Z,48,APXMIDP,92.13,963.15
2026-04-25T22:00:00Z,47,APXMIDP,99.65,1431.3
2026-04-25T21:30:00Z,46,APXMIDP,113.3,1577.2
2026-04-25T21:00:00Z,45,APXMIDP,115.55,2045.75
2026-04-25T20:30:00Z,44,APXMIDP,119.82,1401.05
2026-04-25T20:00:00Z,43,APXMIDP,123.65,1750.5
2026-04-25T19:30:00Z,42,APXMIDP,120.65,1987.85
2026-04-25T19:00:00Z,41,APXMIDP,125.04,1878.8
2026-04-25T18:30:00Z,40,APXMIDP,126.26,1983.35
2026-04-25T18:00:00Z,39,APXMIDP,122.71,2370.4
2026-04-25T17:30:00Z,38,APXMIDP,117.22,2241.5
2026-04-25T17:00:00Z,37,APXMIDP,107.46,1944.85
2026-04-25T16:30:00Z,36,APXMIDP,101.1,2064.5
2026-04-25T16:00:00Z,35,APXMIDP,95.64,2210.9
2026-04-25T15:30:00Z,34,APXMIDP,97.63,3423.5
2026-04-25T15:00:00Z,33,APXMIDP,98.59,3317.45
2026-04-25T14:30:00Z,32,APXMIDP,91.6,2996.5
2026-04-25T14:00:00Z,31,APXMIDP,108.13,3593.65
2026-04-25T13:30:00Z,30,APXMIDP,92.33,3988.05
2026-04-25T13:00:00Z,29,APXMIDP,91.66,3247.25
2026-04-25T12:30:00Z,28,APXMIDP,83.57,3059.95
2026-04-25T12:00:00Z,27,APXMIDP,86.21,3031.6
2026-04-25T11:30:00Z,26,APXMIDP,96.09,3003.5
2026-04-25T11:00:00Z,25,APXMIDP,98.23,3351.2
2026-04-25T10:30:00Z,24,APXMIDP,107.46,2655.3
2026-04-25T10:00:00Z,23,APXMIDP,101.36,2520.85
2026-04-25T09:30:00Z,22,APXMIDP,104.92,1876.85
2026-04-25T09:00:00Z,21,APXMIDP,99.06,1831.7
2026-04-25T08:30:00Z,20,APXMIDP,95.2,2270.25
2026-04-25T08:00:00Z,19,APXMIDP,100.74,2001.1
2026-04-25T07:30:00Z,18,APXMIDP,95.43,1737.9
2026-04-25T07:00:00Z,17,APXMIDP,94.92,1337.6
2026-04-25T06:30:00Z,16,APXMIDP,94.94,1320.95
2026-04-25T06:00:00Z,15,APXMIDP,96.81,1260.4
2026-04-25T05:30:00Z,14,APXMIDP,97.53,1263.7
2026-04-25T05:00:00Z,13,APXMIDP,94.4,1280.35
2026-04-25T04:30:00Z,12,APXMIDP,93.21,1084.15
2026-04-25T04:00:00Z,11,APXMIDP,88.46,1073.25
2026-04-25T03:30:00Z,10,APXMIDP,87.44,1227.2
2026-04-25T03:00:00Z,9,APXMIDP,87.83,1129.55
2026-04-25T02:30:00Z,8,APXMIDP,87.83,1033.3
2026-04-25T02:00:00Z,7,APXMIDP,91.66,873.35
2026-04-25T01:30:00Z,6,APXMIDP,104.64,1044.35
2026-04-25T01:00:00Z,5,APXMIDP,106.99,1139.7
2026-04-25T00:30:00Z,4,APXMIDP,115.87,1500.9
2026-04-25T00:00:00Z,3,APXMIDP,113.07,1511.7
2026-04-24T23:30:00Z,2,APXMIDP,105.36,1254.85
2026-04-24T23:00:00Z,1,APXMIDP,104.46,1054.9
2026-04-24T22:30:00Z,48,APXMIDP,103.9,1123.95
2026-04-24T22:00:00Z,47,APXMIDP,107.79,1235.65
2026-04-24T21:30:00Z,46,APXMIDP,113.65,2068.8
2026-04-24T21:00:00Z,45,APXMIDP,119.35,2852.75
2026-04-24T20:30:00Z,44,APXMIDP,122.97,2695.5
2026-04-24T20:00:00Z,43,APXMIDP,118.4,2531.15
2026-04-24T19:30:00Z,42,APXMIDP,124.89,3616.0
2026-04-24T19:00:00Z,41,APXMIDP,129.14,3431.6
2026-04-24T18:30:00Z,40,APXMIDP,126.44,3760.65
2026-04-24T18:00:00Z,39,APXMIDP,126.96,3754.75
2026-04-24T17:30:00Z,38,APXMIDP,123.56,3400.25
2026-04-24T17:00:00Z,37,APXMIDP,118.9,3222.75
2026-04-24T16:30:00Z,36,APXMIDP,107.41,3484.6
2026-04-24T16:00:00Z,35,APXMIDP,106.09,3289.7
2026-04-24T15:30:00Z,34,APXMIDP,107.11,3949.45
2026-04-24T15:00:00Z,33,APXMIDP,108.84,3421.9
2026-04-24T14:30:00Z,32,APXMIDP,100.51,3740.8
2026-04-24T14:00:00Z,31,APXMIDP,105.05,2966.3
2026-04-24T13:30:00Z,30,APXMIDP,99.48,4156.45
2026-04-24T13:00:00Z,29,APXMIDP,97.1,3926.7
2026-04-24T12:30:00Z,28,APXMIDP,90.67,3630.3
2026-04-24T12:00:00Z,27,APXMIDP,92.65,3333.0
2026-04-24T11:30:00Z,26,APXMIDP,95.84,3517.45
2026-04-24T11:00:00Z,25,APXMIDP,99.92,3255.6
2026-04-24T10:30:00Z,24,APXMIDP,99.08,2900.55
2026-04-24T10:00:00Z,23,APXMIDP,85.25,2184.35
2026-04-24T09:30:00Z,22,APXMIDP,96.88,2948.8
2026-04-24T09:00:00Z,21,APXMIDP,101.35,2466.1
2026-04-24T08:30:00Z,20,APXMIDP,101.89,2943.8
2026-04-24T08:00:00Z,19,APXMIDP,101.25,2779.4
2026-04-24T07:30:00Z,18,APXMIDP,113.21,2959.9
2026-04-24T07:00:00Z,17,APXMIDP,114.7,2595.6
2026-04-24T06:30:00Z,16,APXMIDP,113.03,2519.25
2026-04-24T06:00:00Z,15,APXMIDP,106.67,2781.3
2026-04-24T05:30:00Z,14,APXMIDP,112.16,2505.6
2026-04-24T05:00:00Z,13,APXMIDP,104.03,2508.0
2026-04-24T04:30:00Z,12,APXMIDP,96.91,1779.6
2026-04-24T04:00:00Z,11,APXMIDP,94.86,1737.65
2026-04-24T03:30:00Z,10,APXMIDP,86.48,1448.2
2026-04-24T03:00:00Z,9,APXMIDP,86.72,1432.55
2026-04-24T02:30:00Z,8,APXMIDP,86.16,1284.85
2026-04-24T02:00:00Z,7,APXMIDP,87.29,1342.2
2026-04-24T01:30:00Z,6,APXMIDP,89.81,1897.7
2026-04-24T01:00:00Z,5,APXMIDP,90.81,1899.25
2026-04-24T00:30:00Z,4,APXMIDP,91.0,1804.2
2026-04-24T00:00:00Z,3,APXMIDP,91.12,1812.1
2026-04-23T23:30:00Z,2,APXMIDP,96.7,1972.5
2026-04-23T23:00:00Z,1,APXMIDP,92.6,1982.0
2026-04-23T22:30:00Z,48,APXMIDP,92.49,1635.1
2026-04-23T22:00:00Z,47,APXMIDP,93.71,2112.65
2026-04-23T21:30:00Z,46,APXMIDP,113.53,2755.95
2026-04-23T21:00:00Z,45,APXMIDP,122.5,2773.55
2026-04-23T20:30:00Z,44,APXMIDP,125.44,2463.45
2026-04-23T20:00:00Z,43,APXMIDP,130.51,3150.7
2026-04-23T19:30:00Z,42,APXMIDP,133.15,3355.65
2026-04-23T19:00:00Z,41,APXMIDP,132.75,3564.55
2026-04-23T18:30:00Z,40,APXMIDP,132.02,4402.95
2026-04-23T18:00:00Z,39,APXMIDP,129.16,4089.25
2026-04-23T17:30:00Z,38,APXMIDP,122.73,4392.2
2026-04-23T17:00:00Z,37,APXMIDP,114.45,4005.75
2026-04-23T16:30:00Z,36,APXMIDP,112.25,3724.1
2026-04-23T16:00:00Z,35,APXMIDP,105.81,3179.95
2026-04-23T15:30:00Z,34,APXMIDP,104.14,3949.55
2026-04-23T15:00:00Z,33,APXMIDP,104.05,3310.5
2026-04-23T14:30:00Z,32,APXMIDP,93.6,3246.3
2026-04-23T14:00:00Z,31,APXMIDP,94.43,4104.05
2026-04-23T13:30:00Z,30,APXMIDP,87.93,4437.0
2026-04-23T13:00:00Z,29,APXMIDP,85.6,3779.75
2026-04-23T12:30:00Z,28,APXMIDP,85.81,3890.1
2026-04-23T12:00:00Z,27,APXMIDP,86.62,3886.5
2026-04-23T11:30:00Z,26,APXMIDP,89.22,2847.25
2026-04-23T11:00:00Z,25,APXMIDP,90.53,3286.5
2026-04-23T10:30:00Z,24,APXMIDP,92.2,3173.3
2026-04-23T10:00:00Z,23,APXMIDP,93.52,3286.4
2026-04-23T09:30:00Z,22,APXMIDP,107.3,4260.7
2026-04-23T09:00:00Z,21,APXMIDP,111.84,4365.0
2026-04-23T08:30:00Z,20,APXMIDP,117.82,3814.95
2026-04-23T08:00:00Z,19,APXMIDP,128.45,3515.95
2026-04-23T07:30:00Z,18,APXMIDP,130.35,3498.7
2026-04-23T07:00:00Z,17,APXMIDP,131.44,3332.8
2026-04-23T06:30:00Z,16,APXMIDP,121.89,2887.15
2026-04-23T06:00:00Z,15,APXMIDP,128.78,2090.1
2026-04-23T05:30:00Z,14,APXMIDP,124.53,2656.05
2026-04-23T05:00:00Z,13,APXMIDP,112.85,2091.1
2026-04-23T04:30:00Z,12,APXMIDP,105.09,1693.85
2026-04-23T04:00:00Z,11,APXMIDP,98.22,1696.25
2026-04-23T03:30:00Z,10,APXMIDP,90.74,1765.45
2026-04-23T03:00:00Z,9,APXMIDP,92.12,1752.05
2026-04-23T02:30:00Z,8,APXMIDP,88.17,1846.6
2026-04-23T02:00:00Z,7,APXMIDP,93.7,1751.6
2026-04-23T01:30:00Z,6,APXMIDP,89.85,1702.6
2026-04-23T01:00:00Z,5,APXMIDP,87.2,1769.9
2026-04-23T00:30:00Z,4,APXMIDP,88.94,1548.6
2026-04-23T00:00:00Z,3,APXMIDP,85.25,1466.85
2026-04-22T23:30:00Z,2,APXMIDP,88.19,1530.1
2026-04-22T23:00:00Z,1,APXMIDP,86.48,1458.3
2026-04-22T22:30:00Z,48,APXMIDP,87.64,1855.2
2026-04-22T22:00:00Z,47,APXMIDP,89.31,2010.65
2026-04-22T21:30:00Z,46,APXMIDP,95.87,3668.05
2026-04-22T21:00:00Z,45,APXMIDP,98.11,3462.7
2026-04-22T20:30:00Z,44,APXMIDP,102.81,3260.2
2026-04-22T20:00:00Z,43,APXMIDP,118.66,3191.55
2026-04-22T19:30:00Z,42,APXMIDP,124.84,3708.85
2026-04-22T19:00:00Z,41,APXMIDP,120.52,3715.85
2026-04-22T18:30:00Z,40,APXMIDP,126.9,3332.5
2026-04-22T18:00:00Z,39,APXMIDP,120.61,3827.0
2026-04-22T17:30:00Z,38,APXMIDP,111.57,4521.95
2026-04-22T17:00:00Z,37,APXMIDP,99.59,3941.5
2026-04-22T16:30:00Z,36,APXMIDP,84.8,3589.6
2026-04-22T16:00:00Z,35,APXMIDP,64.42,4653.95
2026-04-22T15:30:00Z,34,APXMIDP,57.3,4779.75
2026-04-22T15:00:00Z,33,APXMIDP,-8.49,4799.45
2026-04-22T14:30:00Z,32,APXMIDP,-21.03,5061.8
2026-04-22T14:00:00Z,31,APXMIDP,-26.17,4820.7
2026-04-22T13:30:00Z,30,APXMIDP,-27.46,4586.25
2026-04-22T13:00:00Z,29,APXMIDP,-19.88,4393.95
2026-04-22T12:30:00Z,28,APXMIDP,-24.27,3709.55
2026-04-22T12:00:00Z,27,APXMIDP,-21.57,3453.6
2026-04-22T11:30:00Z,26,APXMIDP,-22.53,2458.05
2026-04-22T11:00:00Z,25,APXMIDP,-18.21,2007.8
2026-04-22T10:30:00Z,24,APXMIDP,-12.13,1729.1
2026-04-22T10:00:00Z,23,APXMIDP,-10.26,2328.5
2026-04-22T09:30:00Z,22,APXMIDP,-2.2,2837.9
2026-04-22T09:00:00Z,21,APXMIDP,15.81,3688.15
2026-04-22T08:30:00Z,20,APXMIDP,30.61,3990.7
2026-04-22T08:00:00Z,19,APXMIDP,50.11,4046.65
2026-04-22T07:30:00Z,18,APXMIDP,72.87,3322.05
2026-04-22T07:00:00Z,17,APXMIDP,79.15,3361.0
2026-04-22T06:30:00Z,16,APXMIDP,101.66,2793.1
2026-04-22T06:00:00Z,15,APXMIDP,91.11,2849.9
2026-04-22T05:30:00Z,14,APXMIDP,109.04,2112.95
2026-04-22T05:00:00Z,13,APXMIDP,97.78,2346.9
2026-04-22T04:30:00Z,12,APXMIDP,86.91,2104.95
2026-04-22T04:00:00Z,11,APXMIDP,96.48,1611.75
2026-04-22T03:30:00Z,10,APXMIDP,76.16,1521.0
2026-04-22T03:00:00Z,9,APXMIDP,74.86,1312.45
2026-04-22T02:30:00Z,8,APXMIDP,74.06,1421.65
2026-04-22T02:00:00Z,7,APXMIDP,73.38,1510.4
2026-04-22T01:30:00Z,6,APXMIDP,74.9,1724.05
2026-04-22T01:00:00Z,5,APXMIDP,75.57,1600.2
2026-04-22T00:30:00Z,4,APXMIDP,74.99,1432.25
2026-04-22T00:00:00Z,3,APXMIDP,74.2,1238.55
2026-04-21T23:30:00Z,2,APXMIDP,76.39,1303.45
2026-04-21T23:00:00Z,1,APXMIDP,77.25,1474.8
2026-04-21T22:30:00Z,48,APXMIDP,77.78,1376.0
2026-04-21T22:00:00Z,47,APXMIDP,79.96,1736.75
2026-04-21T21:30:00Z,46,APXMIDP,97.73,2191.85
2026-04-21T21:00:00Z,45,APXMIDP,102.78,2014.7
2026-04-21T20:30:00Z,44,APXMIDP,119.89,1360.95
2026-04-21T20:00:00Z,43,APXMIDP,113.22,1630.65
2026-04-21T19:30:00Z,42,APXMIDP,112.34,2129.35
2026-04-21T19:00:00Z,41,APXMIDP,112.2,2375.45
2026-04-21T18:30:00Z,40,APXMIDP,114.84,2483.95
2026-04-21T18:00:00Z,39,APXMIDP,119.91,2956.05
2026-04-21T17:30:00Z,38,APXMIDP,100.57,3444.45
2026-04-21T17:00:00Z,37,APXMIDP,99.89,3347.4
2026-04-21T16:30:00Z,36,APXMIDP,98.88,3857.65
2026-04-21T16:00:00Z,35,APXMIDP,79.27,3819.55
2026-04-21T15:30:00Z,34,APXMIDP,74.55,4890.35
2026-04-21T15:00:00Z,33,APXMIDP,50.29,4995.25
2026-04-21T14:30:00Z,32,APXMIDP,23.49,5625.9
2026-04-21T14:00:00Z,31,APXMIDP,14.28,5440.45
2026-04-21T13:30:00Z,30,APXMIDP,15.26,4800.0
2026-04-21T13:00:00Z,29,APXMIDP,25.92,4877.85
2026-04-21T12:30:00Z,28,APXMIDP,38.92,4273.9
2026-04-21T12:00:00Z,27,APXMIDP,46.18,4230.1
2026-04-21T11:30:00Z,26,APXMIDP,55.8,5308.05
2026-04-21T11:00:00Z,25,APXMIDP,66.05,5383.5
2026-04-21T10:30:00Z,24,APXMIDP,78.88,5743.4
2026-04-21T10:00:00Z,23,APXMIDP,89.1,5847.55
2026-04-21T09:30:00Z,22,APXMIDP,96.0,5187.8
2026-04-21T09:00:00Z,21,APXMIDP,110.75,4603.85
2026-04-21T08:30:00Z,20,APXMIDP,110.2,3774.9
2026-04-21T08:00:00Z,19,APXMIDP,111.33,3790.65
2026-04-21T07:30:00Z,18,APXMIDP,115.56,3257.8
2026-04-21T07:00:00Z,17,APXMIDP,114.39,3471.75
2026-04-21T06:30:00Z,16,APXMIDP,115.61,3456.45
2026-04-21T06:00:00Z,15,APXMIDP,115.57,3354.9
2026-04-21T05:30:00Z,14,APXMIDP,117.91,3135.15
2026-04-21T05:00:00Z,13,APXMIDP,109.2,2927.15
2026-04-21T04:30:00Z,12,APXMIDP,110.58,2053.95
2026-04-21T04:00:00Z,11,APXMIDP,111.38,1968.45
2026-04-21T03:30:00Z,10,APXMIDP,87.14,2149.65
2026-04-21T03:00:00Z,9,APXMIDP,85.75,1844.15
2026-04-21T02:30:00Z,8,APXMIDP,81.61,2006.95
2026-04-21T02:00:00Z,7,APXMIDP,82.35,2127.05
2026-04-21T01:30:00Z,6,APXMIDP,82.24,2033.15
2026-04-21T01:00:00Z,5,APXMIDP,83.0,1993.65
2026-04-21T00:30:00Z,4,APXMIDP,82.87,1796.3
2026-04-21T00:00:00Z,3,APXMIDP,85.01,1692.1
2026-04-20T23:30:00Z,2,APXMIDP,85.63,1819.95
2026-04-20T23:00:00Z,1,APXMIDP,90.78,1642.7
2026-04-20T22:30:00Z,48,APXMIDP,88.2,1785.2
2026-04-20T22:00:00Z,47,APXMIDP,89.92,2002.9
2026-04-20T21:30:00Z,46,APXMIDP,104.6,2886.6
2026-04-20T21:00:00Z,45,APXMIDP,101.06,2427.95
2026-04-20T20:30:00Z,44,APXMIDP,104.47,2553.65
2026-04-20T20:00:00Z,43,APXMIDP,106.59,2674.4
2026-04-20T19:30:00Z,42,APXMIDP,109.51,2560.65
2026-04-20T19:00:00Z,41,APXMIDP,108.38,2634.05
2026-04-20T18:30:00Z,40,APXMIDP,107.51,3356.1
2026-04-20T18:00:00Z,39,APXMIDP,106.9,2853.25
2026-04-20T17:30:00Z,38,APXMIDP,100.39,3933.4
2026-04-20T17:00:00Z,37,APXMIDP,107.67,3198.55
2026-04-20T16:30:00Z,36,APXMIDP,98.27,3353.95
2026-04-20T16:00:00Z,35,APXMIDP,104.68,2954.6
2026-04-20T15:30:00Z,34,APXMIDP,97.36,3895.2
2026-04-20T15:00:00Z,33,APXMIDP,95.13,3507.35
2026-04-20T14:30:00Z,32,APXMIDP,98.48,3035.0
2026-04-20T14:00:00Z,31,APXMIDP,95.49,3077.1
2026-04-20T13:30:00Z,30,APXMIDP,87.55,3439.65
2026-04-20T13:00:00Z,29,APXMIDP,84.19,3272.15
2026-04-20T12:30:00Z,28,APXMIDP,82.19,2941.85
2026-04-20T12:00:00Z,27,APXMIDP,84.36,2769.95
2026-04-20T11:30:00Z,26,APXMIDP,85.6,2427.85
2026-04-20T11:00:00Z,25,APXMIDP,84.74,2367.2
2026-04-20T10:30:00Z,24,APXMIDP,82.61,2338.4
2026-04-20T10:00:00Z,23,APXMIDP,83.53,2483.0
2026-04-20T09:30:00Z,22,APXMIDP,87.16,2858.95
2026-04-20T09:00:00Z,21,APXMIDP,92.61,2804.3
2026-04-20T08:30:00Z,20,APXMIDP,99.35,2848.05
2026-04-20T08:00:00Z,19,APXMIDP,109.25,2768.25
2026-04-20T07:30:00Z,18,APXMIDP,119.22,2877.45
2026-04-20T07:00:00Z,17,APXMIDP,116.48,2445.4
2026-04-20T06:30:00Z,16,APXMIDP,125.41,2630.45
2026-04-20T06:00:00Z,15,APXMIDP,121.02,2292.6
2026-04-20T05:30:00Z,14,APXMIDP,111.27,2089.8
2026-04-20T05:00:00Z,13,APXMIDP,105.47,1631.85
2026-04-20T04:30:00Z,12,APXMIDP,96.23,1466.25
2026-04-20T04:00:00Z,11,APXMIDP,97.02,1341.95
2026-04-20T03:30:00Z,10,APXMIDP,81.45,1221.35
2026-04-20T03:00:00Z,9,APXMIDP,81.93,1091.6
2026-04-20T02:30:00Z,8,APXMIDP,81.65,1508.35
2026-04-20T02:00:00Z,7,APXMIDP,82.72,1281.85
2026-04-20T01:30:00Z,6,APXMIDP,81.99,1026.3
2026-04-20T01:00:00Z,5,APXMIDP,82.69,960.7
2026-04-20T00:30:00Z,4,APXMIDP,84.5,1363.95
2026-04-20T00:00:00Z,3,APXMIDP,84.74,1350.1
2026-04-19T23:30:00Z,2,APXMIDP,87.71,1329.15
2026-04-19T23:00:00Z,1,APXMIDP,89.23,1432.75
2026-04-19T22:30:00Z,48,APXMIDP,94.45,1386.8
2026-04-19T22:00:00Z,47,APXMIDP,99.4,1775.1
2026-04-19T21:30:00Z,46,APXMIDP,104.37,2448.5
2026-04-19T21:00:00Z,45,APXMIDP,114.61,1987.6
2026-04-19T20:30:00Z,44,APXMIDP,113.08,2236.2
2026-04-19T20:00:00Z,43,APXMIDP,117.57,2215.25
2026-04-19T19:30:00Z,42,APXMIDP,118.73,2448.8
2026-04-19T19:00:00Z,41,APXMIDP,119.64,2195.15
2026-04-19T18:30:00Z,40,APXMIDP,114.14,2421.5
2026-04-19T18:00:00Z,39,APXMIDP,116.04,2283.8
2026-04-19T17:30:00Z,38,APXMIDP,110.54,2576.95
2026-04-19T17:00:00Z,37,APXMIDP,103.34,2783.4
2026-04-19T16:30:00Z,36,APXMIDP,95.63,2708.85
2026-04-19T16:00:00Z,35,APXMIDP,94.39,2819.55
2026-04-19T15:30:00Z,34,APXMIDP,98.81,3344.1
2026-04-19T15:00:00Z,33,APXMIDP,94.76,2484.1
2026-04-19T14:30:00Z,32,APXMIDP,97.05,2559.95
2026-04-19T14:00:00Z,31,APXMIDP,98.94,2427.75
2026-04-19T13:30:00Z,30,APXMIDP,85.75,3675.2
2026-04-19T13:00:00Z,29,APXMIDP,83.91,3326.3
2026-04-19T12:30:00Z,28,APXMIDP,83.27,3216.85
2026-04-19T12:00:00Z,27,APXMIDP,80.75,3466.9
2026-04-19T11:30:00Z,26,APXMIDP,67.2,3237.5
2026-04-19T11:00:00Z,25,APXMIDP,62.07,3083.3
2026-04-19T10:30:00Z,24,APXMIDP,66.95,2960.85
2026-04-19T10:00:00Z,23,APXMIDP,48.53,2642.35
2026-04-19T09:30:00Z,22,APXMIDP,57.88,2566.1
2026-04-19T09:00:00Z,21,APXMIDP,64.73,2549.7
2026-04-19T08:30:00Z,20,APXMIDP,53.83,2174.5
2026-04-19T08:00:00Z,19,APXMIDP,76.91,1894.6
2026-04-19T07:30:00Z,18,APXMIDP,77.83,1814.15
2026-04-19T07:00:00Z,17,APXMIDP,91.19,1516.45
2026-04-19T06:30:00Z,16,APXMIDP,83.51,1880.0
2026-04-19T06:00:00Z,15,APXMIDP,88.37,1740.25
2026-04-19T05:30:00Z,14,APXMIDP,96.35,2579.2
2026-04-19T05:00:00Z,13,APXMIDP,94.62,2399.5
2026-04-19T04:30:00Z,12,APXMIDP,98.5,2164.45
2026-04-19T04:00:00Z,11,APXMIDP,95.55,2137.9
2026-04-19T03:30:00Z,10,APXMIDP,94.48,1660.25
2026-04-19T03:00:00Z,9,APXMIDP,93.82,1681.2
2026-04-19T02:30:00Z,8,APXMIDP,92.65,1361.3
2026-04-19T02:00:00Z,7,APXMIDP,94.35,1714.0
2026-04-19T01:30:00Z,6,APXMIDP,102.48,1568.45
2026-04-19T01:00:00Z,5,APXMIDP,102.72,1418.3
2026-04-19T00:30:00Z,4,APXMIDP,98.53,1389.65
2026-04-19T00:00:00Z,3,APXMIDP,94.27,1422.85
2026-05-03T00:00:00Z,3,APXMIDP,103.08,1687.0
2026-05-02T23:30:00Z,2,APXMIDP,106.92,1943.45
2026-05-02T23:00:00Z,1,APXMIDP,109.27,1902.0
2026-05-02T22:30:00Z,48,APXMIDP,110.76,1977.15
2026-05-02T22:00:00Z,47,APXMIDP,105.35,2093.85
2026-05-02T21:30:00Z,46,APXMIDP,106.98,2117.4
2026-05-02T21:00:00Z,45,APXMIDP,105.7,2082.2
2026-05-02T20:30:00Z,44,APXMIDP,119.08,2057.1
2026-05-02T20:00:00Z,43,APXMIDP,121.3,2096.85
2026-05-02T19:30:00Z,42,APXMIDP,141.07,2733.5
2026-05-02T19:00:00Z,41,APXMIDP,145.49,2842.4
2026-05-02T18:30:00Z,40,APXMIDP,151.14,2758.25
2026-05-02T18:00:00Z,39,APXMIDP,152.2,2731.35
2026-05-02T17:30:00Z,38,APXMIDP,143.88,2777.45
2026-05-02T17:00:00Z,37,APXMIDP,142.98,3211.6
2026-05-02T16:30:00Z,36,APXMIDP,135.82,2856.75
2026-05-02T16:00:00Z,35,APXMIDP,128.63,2583.95
2026-05-02T15:30:00Z,34,APXMIDP,95.76,3210.0
2026-05-02T15:00:00Z,33,APXMIDP,98.22,2363.6
2026-05-02T14:30:00Z,32,APXMIDP,88.73,2063.2
2026-05-02T14:00:00Z,31,APXMIDP,75.22,2180.6
2026-05-02T13:30:00Z,30,APXMIDP,63.77,3175.8
2026-05-02T13:00:00Z,29,APXMIDP,56.06,3039.7
2026-05-02T12:30:00Z,28,APXMIDP,67.99,2268.35
2026-05-02T12:00:00Z,27,APXMIDP,65.46,2726.75
2026-05-02T11:30:00Z,26,APXMIDP,63.77,2359.5
2026-05-02T11:00:00Z,25,APXMIDP,63.94,1965.15
2026-05-02T10:30:00Z,24,APXMIDP,67.6,2013.75
2026-05-02T10:00:00Z,23,APXMIDP,77.85,2034.75
2026-05-02T09:30:00Z,22,APXMIDP,79.78,1922.0
2026-05-02T09:00:00Z,21,APXMIDP,84.3,1880.4
2026-05-02T08:30:00Z,20,APXMIDP,84.28,1477.45
2026-05-02T08:00:00Z,19,APXMIDP,87.93,1556.1
2026-05-02T07:30:00Z,18,APXMIDP,97.01,1564.35
2026-05-02T07:00:00Z,17,APXMIDP,101.35,1442.1
2026-05-02T06:30:00Z,16,APXMIDP,101.21,1196.0
2026-05-02T06:00:00Z,15,APXMIDP,100.21,1202.35
2026-05-02T05:30:00Z,14,APXMIDP,96.92,1033.7
2026-05-02T05:00:00Z,13,APXMIDP,95.6,1051.4
2026-05-02T04:30:00Z,12,APXMIDP,99.95,1030.25
2026-05-02T04:00:00Z,11,APXMIDP,100.83,1114.55
2026-05-02T03:30:00Z,10,APXMIDP,99.94,990.35
2026-05-02T03:00:00Z,9,APXMIDP,98.28,945.25
2026-05-02T02:30:00Z,8,APXMIDP,97.3,1054.6
2026-05-02T02:00:00Z,7,APXMIDP,96.23,907.3
2026-05-02T01:30:00Z,6,APXMIDP,98.83,1253.7
2026-05-02T01:00:00Z,5,APXMIDP,99.84,1194.6
2026-05-02T00:30:00Z,4,APXMIDP,98.58,1443.65
2026-05-02T00:00:00Z,3,APXMIDP,101.48,1361.15
2026-05-01T23:30:00Z,2,APXMIDP,98.96,1815.1
2026-05-01T23:00:00Z,1,APXMIDP,100.78,1913.9
2026-05-01T22:30:00Z,48,APXMIDP,104.18,1884.0
2026-05-01T22:00:00Z,47,APXMIDP,102.1,2055.1
2026-05-01T21:30:00Z,46,APXMIDP,112.42,2732.05
2026-05-01T21:00:00Z,45,APXMIDP,116.82,2733.9
2026-05-01T20:30:00Z,44,APXMIDP,113.88,3166.35
2026-05-01T20:00:00Z,43,APXMIDP,134.45,3747.05
2026-05-01T19:30:00Z,42,APXMIDP,150.33,3648.25
2026-05-01T19:00:00Z,41,APXMIDP,149.39,3698.65
2026-05-01T18:30:00Z,40,APXMIDP,154.71,3578.75
2026-05-01T18:00:00Z,39,APXMIDP,145.83,3208.9
2026-05-01T17:30:00Z,38,APXMIDP,137.08,2546.95
2026-05-01T17:00:00Z,37,APXMIDP,134.01,2698.85
2026-05-01T16:30:00Z,36,APXMIDP,120.78,2598.25
2026-05-01T16:00:00Z,35,APXMIDP,115.15,2734.8
2026-05-01T15:30:00Z,34,APXMIDP,107.83,3075.35
2026-05-01T15:00:00Z,33,APXMIDP,108.76,2823.65
2026-05-01T14:30:00Z,32,APXMIDP,99.75,2712.0
2026-05-01T14:00:00Z,31,APXMIDP,99.13,3022.5
2026-05-01T13:30:00Z,30,APXMIDP,99.45,3558.1
2026-05-01T13:00:00Z,29,APXMIDP,96.36,3623.25
2026-05-01T12:30:00Z,28,APXMIDP,90.53,4413.45
2026-05-01T12:00:00Z,27,APXMIDP,94.21,4227.55
2026-05-01T11:30:00Z,26,APXMIDP,98.96,2891.2
2026-05-01T11:00:00Z,25,APXMIDP,96.83,2983.45
2026-05-01T10:30:00Z,24,APXMIDP,97.01,2618.25
2026-05-01T10:00:00Z,23,APXMIDP,109.5,2465.35
2026-05-01T09:30:00Z,22,APXMIDP,110.93,2828.1
2026-05-01T09:00:00Z,21,APXMIDP,119.74,2608.15
2026-05-01T08:30:00Z,20,APXMIDP,120.86,2922.5
2026-05-01T08:00:00Z,19,APXMIDP,118.97,3324.4
2026-05-01T07:30:00Z,18,APXMIDP,129.72,2658.4
2026-05-01T07:00:00Z,17,APXMIDP,123.02,2700.0
2026-05-01T06:30:00Z,16,APXMIDP,120.87,2683.55
2026-05-01T06:00:00Z,15,APXMIDP,127.73,2379.2
2026-05-01T05:30:00Z,14,APXMIDP,116.68,1781.05
2026-05-01T05:00:00Z,13,APXMIDP,96.17,1459.15
2026-05-01T04:30:00Z,12,APXMIDP,92.33,1577.4
2026-05-01T04:00:00Z,11,APXMIDP,77.06,1163.85
2026-05-01T03:30:00Z,10,APXMIDP,76.43,1491.7
2026-05-01T03:00:00Z,9,APXMIDP,74.82,1570.4
2026-05-01T02:30:00Z,8,APXMIDP,75.58,1320.25
2026-05-01T02:00:00Z,7,APXMIDP,75.04,1559.6
2026-05-01T01:30:00Z,6,APXMIDP,77.15,1579.3
2026-05-01T01:00:00Z,5,APXMIDP,77.31,1374.6
2026-05-01T00:30:00Z,4,APXMIDP,77.99,1607.25
2026-05-01T00:00:00Z,3,APXMIDP,81.59,1552.45
2026-04-30T23:30:00Z,2,APXMIDP,83.33,1492.95
2026-04-30T23:00:00Z,1,APXMIDP,76.38,1350.35
2026-04-30T22:30:00Z,48,APXMIDP,79.72,1040.2
2026-04-30T22:00:00Z,47,APXMIDP,89.16,1711.3
2026-04-30T21:30:00Z,46,APXMIDP,88.59,1968.6
2026-04-30T21:00:00Z,45,APXMIDP,96.54,1982.0
2026-04-30T20:30:00Z,44,APXMIDP,101.6,2204.3
2026-04-30T20:00:00Z,43,APXMIDP,114.16,2536.05
2026-04-30T19:30:00Z,42,APXMIDP,125.59,3127.5
2026-04-30T19:00:00Z,41,APXMIDP,122.33,3181.4
2026-04-30T18:30:00Z,40,APXMIDP,133.67,3320.25
2026-04-30T18:00:00Z,39,APXMIDP,129.47,3678.95
2026-04-30T17:30:00Z,38,APXMIDP,117.01,4117.7
2026-04-30T17:00:00Z,37,APXMIDP,108.99,3129.9
2026-04-30T16:30:00Z,36,APXMIDP,98.02,3835.15
2026-04-30T16:00:00Z,35,APXMIDP,53.49,3657.5
2026-04-30T15:30:00Z,34,APXMIDP,23.75,4163.9
2026-04-30T15:00:00Z,33,APXMIDP,-5.25,3222.35
2026-04-30T14:30:00Z,32,APXMIDP,-0.63,3868.35
2026-04-30T14:00:00Z,31,APXMIDP,-7.12,3811.85
2026-04-30T13:30:00Z,30,APXMIDP,-12.03,4675.9
2026-04-30T13:00:00Z,29,APXMIDP,-13.12,4546.6
2026-04-30T12:30:00Z,28,APXMIDP,-16.13,4185.15
2026-04-30T12:00:00Z,27,APXMIDP,-16.03,4486.9
2026-04-30T11:30:00Z,26,APXMIDP,-17.79,3413.3
2026-04-30T11:00:00Z,25,APXMIDP,-17.01,4002.45
2026-04-30T10:30:00Z,24,APXMIDP,-10.25,4488.4
2026-04-30T10:00:00Z,23,APXMIDP,-12.65,4066.8
2026-04-30T09:30:00Z,22,APXMIDP,-5.69,3713.65
2026-04-30T09:00:00Z,21,APXMIDP,-1.92,3453.45
2026-04-30T08:30:00Z,20,APXMIDP,4.93,2659.5
2026-04-30T08:00:00Z,19,APXMIDP,24.02,3313.2
2026-04-30T07:30:00Z,18,APXMIDP,33.63,3266.6
2026-04-30T07:00:00Z,17,APXMIDP,73.4,3331.85
2026-04-30T06:30:00Z,16,APXMIDP,95.04,3600.45
2026-04-30T06:00:00Z,15,APXMIDP,94.04,3624.55
2026-04-30T05:30:00Z,14,APXMIDP,96.85,2789.0
2026-04-30T05:00:00Z,13,APXMIDP,71.48,2453.6
2026-04-30T04:30:00Z,12,APXMIDP,65.83,1674.35
2026-04-30T04:00:00Z,11,APXMIDP,62.95,1608.95
2026-04-30T03:30:00Z,10,APXMIDP,54.83,1803.95
2026-04-30T03:00:00Z,9,APXMIDP,52.76,2213.0
2026-04-30T02:30:00Z,8,APXMIDP,56.38,2155.55
2026-04-30T02:00:00Z,7,APXMIDP,59.98,1873.55
2026-04-30T01:30:00Z,6,APXMIDP,67.43,1951.9
2026-04-30T01:00:00Z,5,APXMIDP,73.92,2005.95
2026-04-30T00:30:00Z,4,APXMIDP,78.65,1800.45
2026-04-30T00:00:00Z,3,APXMIDP,82.41,1826.45
2026-04-29T23:30:00Z,2,APXMIDP,84.41,1542.5
2026-04-29T23:00:00Z,1,APXMIDP,86.12,1573.55
2026-04-29T22:30:00Z,48,APXMIDP,81.95,1677.65
2026-04-29T22:00:00Z,47,APXMIDP,84.34,2323.15
2026-04-29T21:30:00Z,46,APXMIDP,93.39,2577.65
2026-04-29T21:00:00Z,45,APXMIDP,101.29,2194.85
2026-04-29T20:30:00Z,44,APXMIDP,102.51,2730.9
2026-04-29T20:00:00Z,43,APXMIDP,109.02,2696.25
2026-04-29T19:30:00Z,42,APXMIDP,117.32,2668.95
2026-04-29T19:00:00Z,41,APXMIDP,114.34,2374.3
2026-04-29T18:30:00Z,40,APXMIDP,126.95,2593.95
2026-04-29T18:00:00Z,39,APXMIDP,126.63,2918.9
2026-04-29T17:30:00Z,38,APXMIDP,108.06,3390.25
2026-04-29T17:00:00Z,37,APXMIDP,102.33,3594.45
2026-04-29T16:30:00Z,36,APXMIDP,103.2,3298.65
2026-04-29T16:00:00Z,35,APXMIDP,87.91,3532.5
2026-04-29T15:30:00Z,34,APXMIDP,67.84,4016.1
2026-04-29T15:00:00Z,33,APXMIDP,58.13,4783.55
2026-04-29T14:30:00Z,32,APXMIDP,52.32,4634.6
2026-04-29T14:00:00Z,31,APXMIDP,43.01,4599.55
2026-04-29T13:30:00Z,30,APXMIDP,36.34,7000.85
2026-04-29T13:00:00Z,29,APXMIDP,35.13,6777.6
2026-04-29T12:30:00Z,28,APXMIDP,24.72,6026.3
2026-04-29T12:00:00Z,27,APXMIDP,28.03,6566.45
2026-04-29T11:30:00Z,26,APXMIDP,27.66,6034.9
2026-04-29T11:00:00Z,25,APXMIDP,37.99,5953.9
2026-04-29T10:30:00Z,24,APXMIDP,34.69,5389.8
2026-04-29T10:00:00Z,23,APXMIDP,25.46,4819.45
2026-04-29T09:30:00Z,22,APXMIDP,38.79,4384.35
2026-04-29T09:00:00Z,21,APXMIDP,57.22,3862.0
2026-04-29T08:30:00Z,20,APXMIDP,63.4,2753.25
2026-04-29T08:00:00Z,19,APXMIDP,85.28,2941.8
2026-04-29T07:30:00Z,18,APXMIDP,100.26,2959.8
2026-04-29T07:00:00Z,17,APXMIDP,117.35,2421.05
2026-04-29T06:30:00Z,16,APXMIDP,118.76,2022.05
2026-04-29T06:00:00Z,15,APXMIDP,118.9,2186.95
2026-04-29T05:30:00Z,14,APXMIDP,115.38,1941.15
2026-04-29T05:00:00Z,13,APXMIDP,113.7,1876.75
2026-04-29T04:30:00Z,12,APXMIDP,110.02,1761.55
2026-04-29T04:00:00Z,11,APXMIDP,110.86,1465.55
2026-04-29T03:30:00Z,10,APXMIDP,95.56,1137.15
2026-04-29T03:00:00Z,9,APXMIDP,95.02,1325.1
2026-04-29T02:30:00Z,8,APXMIDP,95.85,1468.55
2026-04-29T02:00:00Z,7,APXMIDP,99.7,1302.4
2026-04-29T01:30:00Z,6,APXMIDP,108.15,770.2
2026-04-29T01:00:00Z,5,APXMIDP,111.08,601.6
2026-04-29T00:30:00Z,4,APXMIDP,94.76,617.85
2026-04-29T00:00:00Z,3,APXMIDP,79.49,269.85
2026-04-28T23:30:00Z,2,APXMIDP,81.7,404.55
2026-04-28T23:00:00Z,1,APXMIDP,84.29,423.55
2026-04-28T22:30:00Z,48,APXMIDP,81.17,587.3
2026-04-28T22:00:00Z,47,APXMIDP,84.23,845.2
2026-04-28T21:30:00Z,46,APXMIDP,89.28,1600.85
2026-04-28T21:00:00Z,45,APXMIDP,94.62,1386.4
2026-04-28T20:30:00Z,44,APXMIDP,101.56,1740.95
2026-04-28T20:00:00Z,43,APXMIDP,99.66,2465.55
2026-04-28T19:30:00Z,42,APXMIDP,100.07,2003.25
2026-04-28T19:00:00Z,41,APXMIDP,107.64,2249.0
2026-04-28T18:30:00Z,40,APXMIDP,103.28,2805.3
2026-04-28T18:00:00Z,39,APXMIDP,98.85,2488.15
2026-04-28T17:30:00Z,38,APXMIDP,100.11,3204.45
2026-04-28T17:00:00Z,37,APXMIDP,98.96,2951.85
2026-04-28T16:30:00Z,36,APXMIDP,91.21,2266.25
2026-04-28T16:00:00Z,35,APXMIDP,89.48,2645.95
2026-04-28T15:30:00Z,34,APXMIDP,94.95,4023.0
2026-04-28T15:00:00Z,33,APXMIDP,96.13,3923.4
2026-04-28T14:30:00Z,32,APXMIDP,98.57,2956.05
2026-04-28T14:00:00Z,31,APXMIDP,95.53,3600.65
2026-04-28T13:30:00Z,30,APXMIDP,98.32,4141.45
2026-04-28T13:00:00Z,29,APXMIDP,97.44,3679.15
2026-04-28T12:30:00Z,28,APXMIDP,98.31,3775.4
2026-04-28T12:00:00Z,27,APXMIDP,104.32,3916.75
2026-04-28T11:30:00Z,26,APXMIDP,113.15,4107.85
2026-04-28T11:00:00Z,25,APXMIDP,113.34,3937.5
2026-04-28T10:30:00Z,24,APXMIDP,112.58,4000.25
2026-04-28T10:00:00Z,23,APXMIDP,110.44,4030.05
2026-04-28T09:30:00Z,22,APXMIDP,110.29,3618.95
2026-04-28T09:00:00Z,21,APXMIDP,106.85,2959.65
2026-04-28T08:30:00Z,20,APXMIDP,103.65,3431.45
2026-04-28T08:00:00Z,19,APXMIDP,100.19,3156.15
2026-04-28T07:30:00Z,18,APXMIDP,106.29,2828.6
2026-04-28T07:00:00Z,17,APXMIDP,101.61,2692.9
2026-04-28T06:30:00Z,16,APXMIDP,92.38,2336.05
2026-04-28T06:00:00Z,15,APXMIDP,84.35,2516.3
2026-04-28T05:30:00Z,14,APXMIDP,84.71,1851.35
2026-04-28T05:00:00Z,13,APXMIDP,76.13,1764.05
2026-04-28T04:30:00Z,12,APXMIDP,77.07,1693.6
2026-04-28T04:00:00Z,11,APXMIDP,76.06,1640.9
2026-04-28T03:30:00Z,10,APXMIDP,75.53,1880.9
2026-04-28T03:00:00Z,9,APXMIDP,76.77,1821.5
2026-04-28T02:30:00Z,8,APXMIDP,78.62,2131.95
2026-04-28T02:00:00Z,7,APXMIDP,78.99,1882.35
2026-04-28T01:30:00Z,6,APXMIDP,83.25,2578.9
2026-04-28T01:00:00Z,5,APXMIDP,78.84,1823.6
2026-04-28T00:30:00Z,4,APXMIDP,82.79,2104.4
2026-04-28T00:00:00Z,3,APXMIDP,79.04,1549.7
2026-04-27T23:30:00Z,2,APXMIDP,87.12,1498.7
2026-04-27T23:00:00Z,1,APXMIDP,89.6,1390.1
2026-04-27T22:30:00Z,48,APXMIDP,93.16,1548.25
2026-04-27T22:00:00Z,47,APXMIDP,96.79,1660.05
2026-04-27T21:30:00Z,46,APXMIDP,96.45,3056.7
2026-04-27T21:00:00Z,45,APXMIDP,94.29,2372.05
2026-04-27T20:30:00Z,44,APXMIDP,95.83,2143.85
2026-04-27T20:00:00Z,43,APXMIDP,102.31,2184.05
2026-04-27T19:30:00Z,42,APXMIDP,115.52,2974.8
2026-04-27T19:00:00Z,41,APXMIDP,118.0,2708.9
2026-04-27T18:30:00Z,40,APXMIDP,132.88,3212.8
2026-04-27T18:00:00Z,39,APXMIDP,131.31,3163.5
2026-04-27T17:30:00Z,38,APXMIDP,135.9,2561.35
2026-04-27T17:00:00Z,37,APXMIDP,131.27,3147.45
2026-04-27T16:30:00Z,36,APXMIDP,116.14,2787.0
2026-04-27T16:00:00Z,35,APXMIDP,116.03,2860.6
2026-04-27T15:30:00Z,34,APXMIDP,93.0,3476.85
2026-04-27T15:00:00Z,33,APXMIDP,75.0,2688.05
2026-04-27T14:30:00Z,32,APXMIDP,72.67,2676.9
2026-04-27T14:00:00Z,31,APXMIDP,76.57,2467.35
2026-04-27T13:30:00Z,30,APXMIDP,78.56,3331.9
2026-04-27T13:00:00Z,29,APXMIDP,73.9,3640.45
2026-04-27T12:30:00Z,28,APXMIDP,76.47,3485.65
2026-04-27T12:00:00Z,27,APXMIDP,71.82,3199.9
2026-04-27T11:30:00Z,26,APXMIDP,78.59,2659.25
2026-04-27T11:00:00Z,25,APXMIDP,78.52,2683.7
2026-04-27T10:30:00Z,24,APXMIDP,78.51,2646.5
2026-04-27T10:00:00Z,23,APXMIDP,71.74,2630.6
2026-04-27T09:30:00Z,22,APXMIDP,81.14,2244.15
2026-04-27T09:00:00Z,21,APXMIDP,83.86,1794.2
2026-04-27T08:30:00Z,20,APXMIDP,84.0,1570.6
2026-04-27T08:00:00Z,19,APXMIDP,86.56,1223.9
2026-04-27T07:30:00Z,18,APXMIDP,96.11,1105.9
2026-04-27T07:00:00Z,17,APXMIDP,99.31,1310.0
2026-04-27T06:30:00Z,16,APXMIDP,107.16,1673.45
2026-04-27T06:00:00Z,15,APXMIDP,107.29,1550.25
2026-04-27T05:30:00Z,14,APXMIDP,113.84,1889.1
2026-04-27T05:00:00Z,13,APXMIDP,108.38,1549.0
2026-04-27T04:30:00Z,12,APXMIDP,114.13,1280.9
2026-04-27T04:00:00Z,11,APXMIDP,117.22,1162.55
2026-04-27T03:30:00Z,10,APXMIDP,88.71,1294.65
2026-04-27T03:00:00Z,9,APXMIDP,90.89,1181.1
2026-04-27T02:30:00Z,8,APXMIDP,87.68,1149.95
2026-04-27T02:00:00Z,7,APXMIDP,90.59,1130.35
2026-04-27T01:30:00Z,6,APXMIDP,87.67,1475.0
2026-04-27T01:00:00Z,5,APXMIDP,93.69,1447.3
2026-04-27T00:30:00Z,4,APXMIDP,93.05,1343.65
2026-04-27T00:00:00Z,3,APXMIDP,91.14,1184.25
2026-04-26T23:30:00Z,2,APXMIDP,95.18,1339.1
2026-04-26T23:00:00Z,1,APXMIDP,87.69,1409.9
2026-04-26T22:30:00Z,48,APXMIDP,96.87,1456.8
2026-04-26T22:00:00Z,47,APXMIDP,89.66,1038.3
2026-04-26T21:30:00Z,46,APXMIDP,93.09,2140.05
2026-04-26T21:00:00Z,45,APXMIDP,103.92,1582.35
2026-04-26T20:30:00Z,44,APXMIDP,102.05,1653.45
2026-04-26T20:00:00Z,43,APXMIDP,110.24,1433.45
2026-04-26T19:30:00Z,42,APXMIDP,119.68,2007.0
2026-04-26T19:00:00Z,41,APXMIDP,116.03,1980.15
2026-04-26T18:30:00Z,40,APXMIDP,123.52,2198.0
2026-04-26T18:00:00Z,39,APXMIDP,121.27,2403.25
2026-04-26T17:30:00Z,38,APXMIDP,122.71,2745.8
2026-04-26T17:00:00Z,37,APXMIDP,120.65,2589.2
2026-04-26T16:30:00Z,36,APXMIDP,102.09,2201.25
2026-04-26T16:00:00Z,35,APXMIDP,106.02,2379.9
2026-04-26T15:30:00Z,34,APXMIDP,96.7,2459.8
2026-04-26T15:00:00Z,33,APXMIDP,100.95,1939.25
2026-04-26T14:30:00Z,32,APXMIDP,101.02,2022.5
2026-04-26T14:00:00Z,31,APXMIDP,105.12,2312.65
2026-04-26T13:30:00Z,30,APXMIDP,91.12,2406.75
2026-04-26T13:00:00Z,29,APXMIDP,90.09,2241.7
2026-04-26T12:30:00Z,28,APXMIDP,85.94,2295.95
2026-04-26T12:00:00Z,27,APXMIDP,75.41,2586.4
2026-04-26T11:30:00Z,26,APXMIDP,80.72,2629.45
2026-04-26T11:00:00Z,25,APXMIDP,74.8,2150.05
2026-04-26T10:30:00Z,24,APXMIDP,84.0,1772.95
2026-04-26T10:00:00Z,23,APXMIDP,85.06,1831.0
2026-04-26T09:30:00Z,22,APXMIDP,87.15,1722.75
2026-04-26T09:00:00Z,21,APXMIDP,89.85,1452.5
2026-04-26T08:30:00Z,20,APXMIDP,93.97,1285.55
2026-04-26T08:00:00Z,19,APXMIDP,94.52,1290.3
2026-04-26T07:30:00Z,18,APXMIDP,91.63,1028.85
2026-04-26T07:00:00Z,17,APXMIDP,93.38,765.55
2026-04-26T06:30:00Z,16,APXMIDP,93.56,857.45
2026-04-26T06:00:00Z,15,APXMIDP,95.32,735.75
2026-04-26T05:30:00Z,14,APXMIDP,97.41,1166.1
2026-04-26T05:00:00Z,13,APXMIDP,97.67,1154.85
2026-04-26T04:30:00Z,12,APXMIDP,96.39,1053.65
2026-04-26T04:00:00Z,11,APXMIDP,96.95,1055.05
2026-04-26T03:30:00Z,10,APXMIDP,92.9,1164.7
2026-04-26T03:00:00Z,9,APXMIDP,92.4,1321.05
2026-04-26T02:30:00Z,8,APXMIDP,92.46,1083.1
2026-04-26T02:00:00Z,7,APXMIDP,94.2,1111.6
2026-04-26T01:30:00Z,6,APXMIDP,94.84,1239.5
2026-04-26T01:00:00Z,5,APXMIDP,104.31,1250.25
2026-04-26T00:30:00Z,4,APXMIDP,102.93,1129.5
2026-04-26T00:00:00Z,3,APXMIDP,98.56,1283.7
2026-05-05T19:30:00Z,42,APXMIDP,136.77,3683.3
2026-05-05T19:00:00Z,41,APXMIDP,140.9,3601.9
2026-05-05T18:30:00Z,40,APXMIDP,150.02,3577.3
2026-05-05T18:00:00Z,39,APXMIDP,145.24,3740.0
2026-05-05T17:30:00Z,38,APXMIDP,140.97,4124.3
2026-05-05T17:00:00Z,37,APXMIDP,138.19,4378.25
2026-05-05T16:30:00Z,36,APXMIDP,138.43,4149.4
2026-05-05T16:00:00Z,35,APXMIDP,130.41,3836.75
2026-05-05T15:30:00Z,34,APXMIDP,115.32,3320.85
2026-05-05T15:00:00Z,33,APXMIDP,120.72,2902.0
2026-05-05T14:30:00Z,32,APXMIDP,109.11,2854.35
2026-05-05T14:00:00Z,31,APXMIDP,111.37,2899.7
2026-05-05T13:30:00Z,30,APXMIDP,103.91,2989.3
2026-05-05T13:00:00Z,29,APXMIDP,98.4,3036.2
2026-05-05T12:30:00Z,28,APXMIDP,93.69,2819.55
2026-05-05T12:00:00Z,27,APXMIDP,94.27,2791.75
2026-05-05T11:30:00Z,26,APXMIDP,95.0,2961.5
2026-05-05T11:00:00Z,25,APXMIDP,97.25,2896.8
2026-05-05T10:30:00Z,24,APXMIDP,95.91,2739.75
2026-05-05T10:00:00Z,23,APXMIDP,95.83,2780.8
2026-05-05T09:30:00Z,22,APXMIDP,99.64,3050.0
2026-05-05T09:00:00Z,21,APXMIDP,100.97,2448.8
2026-05-05T08:30:00Z,20,APXMIDP,110.14,2472.0
2026-05-05T08:00:00Z,19,APXMIDP,110.49,2998.1
2026-05-05T07:30:00Z,18,APXMIDP,109.22,2256.95
2026-05-05T07:00:00Z,17,APXMIDP,116.72,2266.7
2026-05-05T06:30:00Z,16,APXMIDP,127.76,2701.6
2026-05-05T06:00:00Z,15,APXMIDP,123.03,2419.85
2026-05-05T05:30:00Z,14,APXMIDP,115.71,2420.3
2026-05-05T05:00:00Z,13,APXMIDP,117.02,2094.1
2026-05-05T04:30:00Z,12,APXMIDP,113.96,1624.5
2026-05-05T04:00:00Z,11,APXMIDP,105.08,1298.15
2026-05-05T03:30:00Z,10,APXMIDP,103.07,1547.75
2026-05-05T03:00:00Z,9,APXMIDP,101.12,1257.25
2026-05-05T02:30:00Z,8,APXMIDP,101.01,1072.6
2026-05-05T02:00:00Z,7,APXMIDP,103.19,1210.4
2026-05-05T01:30:00Z,6,APXMIDP,104.39,1078.15
2026-05-05T01:00:00Z,5,APXMIDP,105.15,1095.1
2026-05-05T00:30:00Z,4,APXMIDP,104.58,895.0
2026-05-05T00:00:00Z,3,APXMIDP,105.53,921.25
2026-05-04T23:30:00Z,2,APXMIDP,111.71,1174.2
2026-05-04T23:00:00Z,1,APXMIDP,115.13,1132.75
2026-05-04T22:30:00Z,48,APXMIDP,111.64,1215.05
2026-05-04T22:00:00Z,47,APXMIDP,118.7,1546.9
2026-05-04T21:30:00Z,46,APXMIDP,117.35,2861.2
2026-05-04T21:00:00Z,45,APXMIDP,117.59,2252.9
2026-05-04T20:30:00Z,44,APXMIDP,124.97,2227.25
2026-05-04T20:00:00Z,43,APXMIDP,135.93,2266.7
2026-05-04T19:30:00Z,42,APXMIDP,145.11,2761.55
2026-05-04T19:00:00Z,41,APXMIDP,143.35,2742.75
2026-05-04T18:30:00Z,40,APXMIDP,141.52,2613.25
2026-05-04T18:00:00Z,39,APXMIDP,142.64,2896.85
2026-05-04T17:30:00Z,38,APXMIDP,146.45,2982.45
2026-05-04T17:00:00Z,37,APXMIDP,145.29,3186.1
2026-05-04T16:30:00Z,36,APXMIDP,134.62,2933.65
2026-05-04T16:00:00Z,35,APXMIDP,129.65,2679.0
2026-05-04T15:30:00Z,34,APXMIDP,115.19,2705.25
2026-05-04T15:00:00Z,33,APXMIDP,115.35,1793.4
2026-05-04T14:30:00Z,32,APXMIDP,108.71,1994.65
2026-05-04T14:00:00Z,31,APXMIDP,107.53,1623.5
2026-05-04T13:30:00Z,30,APXMIDP,97.4,2160.45
2026-05-04T13:00:00Z,29,APXMIDP,92.11,2472.7
2026-05-04T12:30:00Z,28,APXMIDP,93.54,2493.25
2026-05-04T12:00:00Z,27,APXMIDP,92.1,2321.45
2026-05-04T11:30:00Z,26,APXMIDP,90.83,2084.75
2026-05-04T11:00:00Z,25,APXMIDP,97.54,2025.75
2026-05-04T10:30:00Z,24,APXMIDP,93.74,1761.55
2026-05-04T10:00:00Z,23,APXMIDP,92.65,1840.65
2026-05-04T09:30:00Z,22,APXMIDP,93.4,1963.35
2026-05-04T09:00:00Z,21,APXMIDP,92.94,2113.2
2026-05-04T08:30:00Z,20,APXMIDP,95.26,2045.4
2026-05-04T08:00:00Z,19,APXMIDP,95.18,1925.0
2026-05-04T07:30:00Z,18,APXMIDP,104.82,1803.95
2026-05-04T07:00:00Z,17,APXMIDP,99.39,1695.5
2026-05-04T06:30:00Z,16,APXMIDP,104.99,1505.25
2026-05-04T06:00:00Z,15,APXMIDP,102.24,1437.0
2026-05-04T05:30:00Z,14,APXMIDP,104.06,1416.05
2026-05-04T05:00:00Z,13,APXMIDP,105.19,1313.3
2026-05-04T04:30:00Z,12,APXMIDP,105.31,938.0
2026-05-04T04:00:00Z,11,APXMIDP,107.0,969.55
2026-05-04T03:30:00Z,10,APXMIDP,93.23,905.35
2026-05-04T03:00:00Z,9,APXMIDP,95.05,980.7
2026-05-04T02:30:00Z,8,APXMIDP,87.97,988.05
2026-05-04T02:00:00Z,7,APXMIDP,90.0,925.6
2026-05-04T01:30:00Z,6,APXMIDP,87.97,1297.85
2026-05-04T01:00:00Z,5,APXMIDP,88.92,1396.15
2026-05-04T00:30:00Z,4,APXMIDP,88.76,1407.45
2026-05-04T00:00:00Z,3,APXMIDP,89.72,1422.35
2026-05-03T23:30:00Z,2,APXMIDP,90.65,1632.05
2026-05-03T23:00:00Z,1,APXMIDP,92.52,1455.65
2026-05-03T22:30:00Z,48,APXMIDP,93.11,1478.75
2026-05-03T22:00:00Z,47,APXMIDP,97.35,1986.5
2026-05-03T21:30:00Z,46,APXMIDP,101.98,2670.8
2026-05-03T21:00:00Z,45,APXMIDP,106.42,2354.45
2026-05-03T20:30:00Z,44,APXMIDP,111.22,1987.65
2026-05-03T20:00:00Z,43,APXMIDP,119.63,2368.85
2026-05-03T19:30:00Z,42,APXMIDP,117.1,2637.7
2026-05-03T19:00:00Z,41,APXMIDP,115.18,2540.0
2026-05-03T18:30:00Z,40,APXMIDP,117.25,2721.45
2026-05-03T18:00:00Z,39,APXMIDP,114.44,2650.8
2026-05-03T17:30:00Z,38,APXMIDP,123.51,2567.9
2026-05-03T17:00:00Z,37,APXMIDP,124.27,2678.6
2026-05-03T16:30:00Z,36,APXMIDP,119.08,2469.65
2026-05-03T16:00:00Z,35,APXMIDP,104.11,2393.15
2026-05-03T15:30:00Z,34,APXMIDP,101.84,2440.5
2026-05-03T15:00:00Z,33,APXMIDP,99.04,2192.2
2026-05-03T14:30:00Z,32,APXMIDP,98.01,1930.8
2026-05-03T14:00:00Z,31,APXMIDP,98.72,1833.3
2026-05-03T13:30:00Z,30,APXMIDP,101.34,2414.65
2026-05-03T13:00:00Z,29,APXMIDP,103.63,2486.9
2026-05-03T12:30:00Z,28,APXMIDP,104.71,2595.15
2026-05-03T12:00:00Z,27,APXMIDP,107.1,2236.05
2026-05-03T11:30:00Z,26,APXMIDP,101.49,2098.8
2026-05-03T11:00:00Z,25,APXMIDP,98.69,1859.25
2026-05-03T10:30:00Z,24,APXMIDP,97.98,1541.9
2026-05-03T10:00:00Z,23,APXMIDP,98.94,1567.3
2026-05-03T09:30:00Z,22,APXMIDP,103.45,2173.5
2026-05-03T09:00:00Z,21,APXMIDP,103.94,1702.5
2026-05-03T08:30:00Z,20,APXMIDP,105.59,1549.1
2026-05-03T08:00:00Z,19,APXMIDP,104.77,1779.7
2026-05-03T07:30:00Z,18,APXMIDP,106.45,1579.25
2026-05-03T07:00:00Z,17,APXMIDP,104.03,1793.85
2026-05-03T06:30:00Z,16,APXMIDP,105.37,1530.8
2026-05-03T06:00:00Z,15,APXMIDP,102.16,1815.45
2026-05-03T05:30:00Z,14,APXMIDP,103.89,1532.35
2026-05-03T05:00:00Z,13,APXMIDP,104.14,1619.8
2026-05-03T04:30:00Z,12,APXMIDP,102.58,1459.5
2026-05-03T04:00:00Z,11,APXMIDP,102.87,1361.2
2026-05-03T03:30:00Z,10,APXMIDP,101.7,1404.55
2026-05-03T03:00:00Z,9,APXMIDP,103.29,1351.35
2026-05-03T02:30:00Z,8,APXMIDP,100.75,1206.45
2026-05-03T02:00:00Z,7,APXMIDP,103.3,1152.35
2026-05-03T01:30:00Z,6,APXMIDP,99.97,1438.3
2026-05-03T01:00:00Z,5,APXMIDP,99.35,1422.05
2026-05-03T00:30:00Z,4,APXMIDP,101.09,1778.4
2026-05-03T00:00:00Z,3,APXMIDP,103.08,1687.0
