SETTLEMENT_DATE,SETTLEMENT_PERIOD,ND,FORECAST_ACTUAL_INDICATOR,TSD,ENGLAND_WALES_DEMAND,EMBEDDED_WIND_GENERATION,EMBEDDED_WIND_CAPACITY,EMBEDDED_SOLAR_GENERATION,EMBEDDED_SOLAR_CAPACITY,NON_BM_STOR,PUMP_STORAGE_PUMPING,SCOTTISH_TRANSFER,IFA_FLOW,IFA2_FLOW,BRITNED_FLOW,MOYLE_FLOW,EAST_WEST_FLOW,NEMO_FLOW,NSL_FLOW,ELECLINK_FLOW,VIKING_FLOW,GREENLINK_FLOW
2026-04-01,1,24019,A,28762,21892,1112,6606,0,22126,0,9,2436,1009,580,-1004,-451,-406,-907,1239,598,-952,-514
2026-04-01,2,23774,A,28403,21738,1134,6606,0,22126,0,9,2538,998,579,-1014,-452,-255,-920,1217,601,-965,-514
2026-04-01,3,24112,A,28646,22125,1153,6606,0,22126,0,120,2548,1239,682,-1014,-451,-102,-821,1167,923,-1012,-514
2026-04-01,4,24114,A,28653,22306,1172,6606,0,22126,0,164,2889,1254,695,-1014,-452,-60,-818,1144,941,-1017,-514
2026-04-01,5,23803,A,28486,22078,1186,6606,0,22126,0,163,2959,1236,943,-1011,-437,-66,-916,921,875,-1076,-514
2026-04-01,6,23273,A,27912,21588,1199,6606,0,22126,0,163,3066,1236,959,-1010,-451,0,-920,864,870,-1081,-514
2026-04-01,7,22957,A,27400,21343,1216,6606,0,22126,0,40,3238,1355,968,-1015,-367,0,-920,491,861,-1087,-514
2026-04-01,8,22665,A,27030,21102,1233,6606,0,22126,0,6,3255,1363,967,-1015,-322,0,-920,448,862,-1088,-514
2026-04-01,9,22356,A,26818,20762,1227,6606,0,22126,0,6,3126,1155,918,-1015,-320,0,-1018,492,918,-1089,-514
2026-04-01,10,22165,A,26576,20550,1221,6606,0,22126,0,6,3054,1135,900,-1016,-264,0,-1022,527,909,-1091,-512
2026-04-01,11,22267,A,26469,20632,1242,6606,0,22126,0,10,3244,569,370,-1015,-126,-11,-1022,901,469,-1091,-427
2026-04-01,12,22903,A,27137,21175,1262,6606,0,22126,0,9,3137,526,334,-1014,-151,-105,-1022,977,439,-1091,-342
2026-04-01,13,24792,A,28736,22861,1279,6606,0,22126,0,14,3157,361,373,-1014,-53,-19,-1022,1350,368,-1093,-229
2026-04-01,14,26288,A,30386,24230,1295,6606,1,22126,0,17,3142,351,363,-1015,-139,0,-1010,1397,367,-1085,-332
2026-04-01,15,28270,A,31324,25980,1311,6606,94,22126,0,6,3170,525,-107,-920,-135,0,-313,1397,489,-713,-360
2026-04-01,16,29317,A,32452,26878,1327,6606,427,22126,0,6,3199,547,-122,-812,-272,0,-273,1397,504,-666,-484
2026-04-01,17,31513,A,33013,28993,1373,6606,895,22126,0,9,3107,1030,498,349,-402,0,-75,1397,745,125,-514
2026-04-01,18,31713,A,33179,29219,1419,6606,1370,22126,0,9,3231,1072,544,398,-376,0,-67,1397,765,196,-514
2026-04-01,19,32273,A,33516,29783,1473,6606,1804,22126,0,15,3445,1388,668,972,-227,0,244,1397,919,846,-501
2026-04-01,20,31844,A,33005,29418,1526,6606,2216,22126,0,11,3617,1413,680,1003,-147,0,263,1397,930,895,-503
2026-04-01,21,31547,A,32867,29029,1636,6606,2671,22126,0,14,3407,1496,799,1003,-283,0,840,1397,993,984,-523
2026-04-01,22,31128,A,32433,28651,1746,6606,3161,22126,0,10,3356,1502,810,1002,-281,0,868,1394,997,991,-514
2026-04-01,23,30627,A,31883,28249,1828,6606,3595,22126,0,12,3291,1498,922,1001,-230,0,1011,1363,997,991,-514
2026-04-01,24,30142,A,31732,27800,1909,6606,3936,22126,0,201,3287,1498,929,1001,-375,0,1016,1361,998,991,-514
2026-04-01,25,30038,A,31830,27562,1975,6606,4248,22126,0,327,3168,1502,904,1003,-435,-16,1016,1393,998,991,-514
2026-04-01,26,29607,A,31569,27171,2041,6606,4193,22126,0,377,3263,1502,904,1003,-451,-120,1016,1378,997,991,-514
2026-04-01,27,29308,A,31294,26930,2101,6606,4464,22126,0,482,3674,1502,928,1002,-452,-38,1016,1147,998,991,-514
2026-04-01,28,28833,A,31151,26633,2160,6606,4400,22126,0,814,3747,1503,930,1005,-452,-38,1016,1089,997,991,-514
2026-04-01,29,28596,A,30751,26433,2181,6606,3962,22126,0,693,3568,1502,930,1003,-450,-56,997,715,997,991,-456
2026-04-01,30,28572,A,30857,26334,2202,6606,3821,22126,0,918,3856,1502,930,1003,-359,0,996,676,996,991,-508
2026-04-01,31,28909,A,30823,26644,2197,6606,3361,22126,0,696,3922,1502,930,1003,-220,0,996,770,951,991,-498
2026-04-01,32,29709,A,31022,27438,2192,6606,2822,22126,0,350,3877,1502,928,877,-83,-10,975,811,950,937,-370
2026-04-01,33,29691,A,30982,27400,2207,6606,2666,22126,0,17,3543,1504,857,-318,0,55,140,1185,990,-237,-219
2026-04-01,34,30708,A,32036,28369,2222,6606,2111,22126,0,13,3162,1504,856,-356,-38,11,70,1243,993,-347,-74
2026-04-01,35,31794,A,34084,29460,2179,6606,1632,22126,0,9,3056,1506,979,-591,37,0,-728,1380,997,-462,35
2026-04-01,36,32882,A,35337,30491,2136,6606,1043,22126,0,12,2876,1494,976,-602,-9,0,-775,1397,987,-489,-68
2026-04-01,37,32280,A,36096,29747,2123,6606,602,22126,0,14,2681,704,551,-997,-121,0,-908,1397,644,-1056,-220
2026-04-01,38,32716,A,36836,30279,2109,6606,208,22126,0,8,2732,655,523,-1014,-198,-27,-913,1397,627,-1089,-371
2026-04-01,39,33294,A,37687,30755,2099,6606,27,22126,0,7,2683,1154,552,-966,-283,-165,-1018,1397,817,-990,-464
2026-04-01,40,32794,A,37319,30218,2088,6606,0,22126,0,5,2388,1193,563,-964,-297,-316,-1021,1397,833,-971,-451
2026-04-01,41,32647,A,36769,30075,2090,6606,0,22126,0,12,2196,1394,898,-920,-429,-466,-739,1397,969,-543,-513
2026-04-01,42,31979,A,36137,29376,2092,6606,0,22126,0,9,1913,1404,914,-918,-451,-528,-728,1397,969,-510,-514
2026-04-01,43,30958,A,35146,28331,1979,6606,0,22126,0,11,1890,1138,650,-1000,-451,-528,-836,1397,677,-348,-514
2026-04-01,44,29619,A,33806,27000,1866,6606,0,22126,0,11,2135,1117,628,-1004,-451,-527,-839,1397,656,-341,-514
2026-04-01,45,28347,A,32673,25838,1726,6606,0,22126,0,9,2293,858,472,-928,-452,-527,-886,1397,587,-510,-514
2026-04-01,46,26951,A,31276,24557,1585,6606,0,22126,0,9,1908,840,459,-925,-451,-527,-886,1387,579,-513,-514
2026-04-01,47,25609,A,29252,23347,1527,6606,0,22126,0,9,2123,772,396,-909,-451,-527,-524,1261,419,-209,-514
2026-04-01,48,24202,A,27808,22008,1469,6606,0,22126,0,9,1569,768,391,-909,-452,-527,-509,1216,407,-186,-514
2026-04-02,1,24063,A,27390,21798,1448,6606,0,22126,0,9,1091,760,377,-766,-452,-527,-419,843,336,-140,-514
2026-04-02,2,23736,A,27047,21442,1426,6606,0,22126,0,7,1036,760,375,-761,-451,-528,-416,785,332,-134,-514
2026-04-02,3,23807,A,26852,21476,1443,6606,0,22126,0,7,1143,881,358,-634,-452,-528,-383,637,372,-27,-514
2026-04-02,4,24262,A,27310,22026,1459,6606,0,22126,0,26,871,898,364,-630,-452,-527,-382,598,380,-17,-514
2026-04-02,5,23950,A,27481,21709,1428,6606,0,22126,0,355,655,1411,603,-683,-452,-527,-455,338,541,-45,-514
2026-04-02,6,23602,A,27394,21381,1396,6606,0,22126,0,605,479,1451,624,-685,-452,-527,-457,304,553,-52,-514
2026-04-02,7,23634,A,27514,21424,1371,6606,0,22126,0,710,547,1446,801,-598,-452,-527,-396,288,600,-183,-514
2026-04-02,8,23119,A,27028,20846,1345,6606,0,22126,0,715,63,1439,805,-597,-452,-527,-400,303,600,-204,-514
2026-04-02,9,22442,A,27369,20250,1271,6606,0,22126,0,372,-20,988,537,-996,-452,-528,-967,510,498,-598,-514
2026-04-02,10,22326,A,27488,20111,1197,6606,0,22126,0,533,-221,950,513,-1014,-451,-527,-995,566,486,-628,-514
2026-04-02,11,22358,A,27442,20150,1121,6606,0,22126,0,313,-169,536,309,-1014,-452,-528,-1021,938,279,-742,-514
2026-04-02,12,23177,A,27965,20835,1044,6606,0,22126,0,29,-629,499,290,-1008,-452,-527,-1022,1012,255,-736,-514
2026-04-02,13,25467,A,29640,22963,987,6606,0,22126,0,10,-324,-87,99,-711,-451,-528,-1022,1354,-144,-206,-514
2026-04-02,14,26888,A,31012,24268,930,6606,9,22126,0,12,-257,-147,81,-651,-452,-528,-997,1397,-168,-155,-514
2026-04-02,15,29536,A,32288,26655,873,6606,423,22126,0,10,-377,-390,-126,144,-451,-527,-105,1397,-129,406,-514
2026-04-02,16,30223,A,32792,27196,815,6606,1467,22126,0,9,-458,-324,-112,159,-452,-528,-40,1397,-90,459,-514
2026-04-02,17,31457,A,33461,28216,756,6606,2734,22126,0,11,-1032,1121,820,543,-451,-528,562,1397,904,930,-514
2026-04-02,18,30862,A,32866,27613,697,6606,3890,22126,0,9,-1214,1338,886,527,-452,-529,593,1397,972,964,-514
2026-04-02,19,30122,A,32291,26873,623,6606,5319,22126,0,9,-1272,1490,927,-167,-451,-528,924,1397,995,987,-514
2026-04-02,20,29324,A,31470,26211,549,6606,6378,22126,0,9,-1246,1502,929,-180,-435,-508,937,1397,996,989,-514
2026-04-02,21,28276,A,29979,25294,482,6606,7152,22126,0,9,-1095,1502,929,540,-306,-374,989,1397,996,989,-514
2026-04-02,22,27399,A,28762,24430,414,6606,8054,22126,0,9,-924,1502,929,633,-158,-221,992,1397,997,989,-475
2026-04-02,23,26580,A,27813,23704,388,6606,8947,22126,0,9,-708,1502,929,666,-142,-69,1016,1397,997,989,-513
2026-04-02,24,25943,A,26970,23209,362,6606,9472,22126,0,9,-227,1499,929,667,-31,0,1016,1397,997,988,-487
2026-04-02,25,25285,A,26330,22621,359,6606,10806,22126,0,10,-20,1227,919,574,-36,0,1017,1397,998,989,-499
2026-04-02,26,24180,A,25377,21574,355,6606,11461,22126,0,52,196,1210,919,570,-139,0,1016,1397,997,988,-506
2026-04-02,27,23317,A,25065,20739,396,6606,12181,22126,0,643,165,1484,929,619,-111,0,1002,1397,997,988,-494
2026-04-02,28,22559,A,24460,20073,436,6606,12376,22126,0,873,713,1503,930,621,-26,0,1001,1397,997,999,-502
2026-04-02,29,22063,A,24044,19579,527,6606,12468,22126,0,930,835,1447,920,972,-137,0,780,1397,983,1396,-414
2026-04-02,30,21432,A,23444,18996,617,6606,11833,22126,0,928,1265,1444,920,1001,-84,0,772,1394,982,1416,-500
2026-04-02,31,21466,A,23487,19023,764,6606,11033,22126,0,984,1910,1500,929,588,-54,0,969,1363,996,1125,-483
2026-04-02,32,22086,A,23980,19732,910,6606,9682,22126,0,976,2669,1503,930,538,-76,0,975,1333,996,1101,-342
2026-04-02,33,22982,A,24931,20753,1087,6606,7974,22126,0,948,3721,1504,930,-311,0,0,729,1006,997,991,-190
2026-04-02,34,24821,A,25999,22588,1264,6606,6482,22126,0,241,3740,1496,931,-348,-46,0,690,993,997,981,-43
2026-04-02,35,26796,A,28226,24504,1398,6606,4693,22126,0,11,4225,1136,978,-609,-6,0,-267,1352,984,1082,-37
2026-04-02,36,28566,A,30154,26246,1531,6606,3224,22126,0,11,4145,1100,975,-620,-44,0,-334,1397,974,1096,-79
2026-04-02,37,29479,A,31245,27227,1614,6606,1881,22126,0,5,4097,648,712,-852,-2,0,-407,1397,650,1309,22
2026-04-02,38,30420,A,32194,28131,1697,6606,740,22126,0,3,3411,617,697,-862,0,0,-409,1397,619,1313,109
2026-04-02,39,31411,A,32974,29123,1802,6606,124,22126,0,85,3206,886,781,-865,0,0,-113,1397,273,928,162
2026-04-02,40,32223,A,33790,30039,1907,6606,0,22126,0,99,3681,911,789,-866,18,0,-102,1397,263,894,199
2026-04-02,41,31978,A,33559,29738,2132,6606,0,22126,0,168,3232,1264,888,-909,0,0,-4,1397,660,722,200
2026-04-02,42,31367,A,33032,29215,2356,6606,0,22126,0,255,3051,1285,880,-910,0,0,0,1368,671,713,200
2026-04-02,43,30022,A,31924,28058,2519,6606,0,22126,0,314,3578,694,366,-884,0,0,-204,997,196,856,200
2026-04-02,44,28492,A,30406,26526,2681,6606,0,22126,0,319,3256,643,324,-883,51,0,-212,922,163,848,200
2026-04-02,45,26664,A,28793,24815,2832,6606,0,22126,0,226,3537,143,108,-1008,198,0,-395,548,56,148,200
2026-04-02,46,25721,A,27812,23953,2982,6606,0,22126,0,170,3392,104,90,-1013,190,0,-408,480,52,90,200
2026-04-02,47,23844,A,26773,22384,3049,6606,0,22126,0,168,3662,90,-43,-989,108,-45,-992,199,169,-192,200
2026-04-02,48,22947,A,25962,21552,3116,6606,0,22126,0,228,3540,84,-54,-987,4,-3,-1021,135,170,-222,200
2026-04-03,1,22391,A,26086,21001,3179,6606,0,22126,0,167,3698,-94,-98,-1013,0,0,-1022,-244,-49,-508,200
2026-04-03,2,22101,A,25972,20719,3241,6606,0,22126,0,172,3837,-140,-101,-1015,0,0,-1022,-320,-63,-538,200
2026-04-03,3,22023,A,26481,20714,3332,6606,0,22126,0,172,3914,77,-81,-1014,0,0,-1022,-703,-34,-932,200
2026-04-03,4,21881,A,26438,20696,3422,6606,0,22126,0,170,4195,104,-82,-1014,57,0,-1022,-782,-28,-959,153
2026-04-03,5,21531,A,26394,20399,3538,6606,0,22126,0,28,4363,258,-167,-1015,5,0,-1022,-1172,85,-959,22
2026-04-03,6,20750,A,25749,19687,3653,6606,0,22126,0,12,4447,269,-177,-1015,-10,0,-1022,-1236,89,-960,-67
2026-04-03,7,20219,A,25736,19229,3799,6606,0,22126,0,10,4585,154,-307,-1015,-8,0,-1022,-1429,-16,-997,-213
2026-04-03,8,19644,A,25360,18652,3944,6606,0,22126,0,14,4374,152,-314,-1015,-7,0,-1022,-1453,-31,-1002,-358
2026-04-03,9,19561,A,25483,18522,4061,6606,0,22126,0,15,4345,594,-221,-1014,-16,0,-1022,-1453,-255,-957,-469
2026-04-03,10,19072,A,25085,18065,4178,6606,0,22126,0,115,4243,586,-225,-1014,-113,0,-1022,-1434,-273,-951,-366
2026-04-03,11,18940,A,25520,17907,4209,6606,0,22126,0,194,4353,-563,-584,-1013,-22,0,-1007,-1197,-425,-844,-231
2026-04-03,12,18780,A,25531,17538,4240,6606,0,22126,0,174,3876,-704,-617,-1014,-15,0,-1006,-1136,-443,-825,-317
2026-04-03,13,19949,A,26411,18448,4232,6606,0,22126,0,159,3469,-869,-921,-724,-145,-44,-767,-745,-711,-413,-464
2026-04-03,14,20361,A,27009,18689,4224,6606,2,22126,0,159,3140,-885,-938,-707,-243,-187,-758,-667,-727,-371,-506
2026-04-03,15,21796,A,27652,19935,4138,6606,106,22126,0,158,3074,-1150,-788,-193,-391,-339,-853,-285,-687,119,-512
2026-04-03,16,22492,A,28389,20478,4052,6606,455,22126,0,158,3037,-1118,-758,-172,-451,-485,-857,-237,-647,173,-514
2026-04-03,17,24247,A,27419,21880,3857,6606,832,22126,0,166,2066,124,-56,-177,-451,-468,-624,-216,364,935,-514
2026-04-03,18,24612,A,27653,22078,3661,6606,1239,22126,0,18,2187,298,1,-177,-451,-523,-614,-244,443,987,-514
2026-04-03,19,25659,A,28496,22860,3550,6606,1749,22126,0,11,1709,1387,325,673,-451,-528,-209,-625,816,987,-513
2026-04-03,20,25720,A,28611,22753,3438,6606,2567,22126,0,14,1312,1467,352,819,-451,-527,-182,-703,843,987,-514
2026-04-03,21,25693,A,29286,22742,3432,6606,3262,22126,0,509,1265,1502,515,929,-451,-527,486,-1092,987,987,-514
2026-04-03,22,25640,A,29367,22698,3426,6606,3591,22126,0,587,1430,1504,529,933,-451,-528,521,-1147,997,987,-514
2026-04-03,23,25452,A,29069,22468,3516,6606,4229,22126,0,585,1371,1502,619,1003,-383,-474,646,-1229,996,987,-446
2026-04-03,24,25295,A,28797,22320,3606,6606,4091,22126,0,645,1349,1502,633,1003,-308,-517,651,-1239,996,987,-293
2026-04-03,25,25137,A,28687,22206,3686,6606,4396,22126,0,716,1125,1501,910,1004,-426,-527,973,-1239,996,987,-142
2026-04-03,26,24780,A,28411,21893,3766,6606,4422,22126,0,913,1006,1502,929,1003,-452,-527,985,-1239,997,987,4
2026-04-03,27,24677,A,28389,21797,3837,6606,4666,22126,0,994,1631,1502,929,1003,-452,-527,703,-1239,997,987,121
2026-04-03,28,24323,A,28030,21569,3908,6606,4616,22126,0,989,2015,1502,929,1003,-452,-527,693,-1239,997,987,134
2026-04-03,29,24052,A,27759,21422,4053,6606,4760,22126,0,989,2203,1502,930,1002,-451,-528,985,-1239,997,961,46
2026-04-03,30,23725,A,27432,21249,4197,6606,4350,22126,0,989,2845,1502,929,984,-451,-509,995,-1222,997,944,-36
2026-04-03,31,23195,A,26503,21107,4335,6606,4967,22126,0,981,3576,1503,930,157,-451,-379,686,-997,996,413,20
2026-04-03,32,22815,A,26118,21002,4473,6606,4462,22126,0,1127,3154,1503,930,102,-451,-286,674,-939,997,356,13
2026-04-03,33,22759,A,26819,21089,4577,6606,3836,22126,0,1198,3036,1503,929,-803,-452,-136,479,-553,996,-361,-57
2026-04-03,34,23578,A,27833,21833,4680,6606,3614,22126,0,1264,3126,1503,931,-1014,-452,-30,471,-475,996,-414,-106
2026-04-03,35,24956,A,28549,23014,4683,6606,2964,22126,0,752,2825,1479,988,-988,-452,-122,177,-98,997,-560,-121
2026-04-03,36,25991,A,29184,24060,4686,6606,2330,22126,0,319,2966,1477,991,-988,-449,-216,163,-21,996,-560,-140
2026-04-03,37,26775,A,29691,24906,4574,6606,1541,22126,0,308,2935,1404,967,-937,-367,-270,-227,355,997,-166,-141
2026-04-03,38,26935,A,30083,25037,4461,6606,727,22126,0,308,2954,1399,966,-929,-415,-420,-243,431,996,-122,-211
2026-04-03,39,28335,A,31275,26358,4238,6606,172,22126,0,309,3216,1477,990,-417,-417,-525,-401,805,996,473,-371
2026-04-03,40,28428,A,31493,26468,4015,6606,2,22126,0,307,3292,1481,990,-386,-452,-528,-399,880,989,522,-493
2026-04-03,41,28583,A,30991,26521,3944,6606,0,22126,0,307,3150,1210,919,-107,-452,-528,187,1253,736,826,-514
2026-04-03,42,28139,A,30484,26026,3873,6606,0,22126,0,247,2895,1181,912,-104,-452,-528,219,1301,719,847,-514
2026-04-03,43,27416,A,29736,25428,3656,6606,0,22126,0,154,3048,654,831,-171,-452,-529,647,1314,710,813,-514
2026-04-03,44,27079,A,29402,25010,3438,6606,0,22126,0,154,3050,608,810,-174,-452,-529,665,1286,705,814,-514
2026-04-03,45,25623,A,27777,23672,3260,6606,0,22126,0,160,3020,350,264,525,-452,-529,833,912,551,977,-513
2026-04-03,46,24685,A,26909,22845,3082,6606,0,22126,0,229,3231,336,238,611,-452,-529,837,836,547,990,-514
2026-04-03,47,23256,A,26008,21683,2887,6606,0,22126,0,758,3432,738,662,260,-452,-528,455,464,718,990,-514
2026-04-03,48,22778,A,25855,21087,2692,6606,0,22126,0,1084,3809,777,697,246,-452,-528,441,388,733,990,-513
2026-04-04,1,22755,A,25884,21094,2557,6606,0,22126,0,1136,4008,1315,878,416,-452,-528,756,12,842,980,-513
2026-04-04,2,22648,A,25841,20941,2422,6606,0,22126,0,1135,4206,1359,892,423,-452,-528,768,-65,853,979,-513
2026-04-04,3,22711,A,26282,21098,2320,6606,0,22126,0,1135,4082,1494,986,721,-452,-528,970,-443,988,986,-513
2026-04-04,4,22896,A,26469,21302,2218,6606,0,22126,0,1073,4085,1502,992,729,-452,-528,977,-507,997,986,-513
2026-04-04,5,22336,A,26194,20828,2130,6606,0,22126,0,1143,4210,1503,992,218,-452,-528,996,-722,997,986,-513
2026-04-04,6,21628,A,25453,20230,2041,6606,0,22126,0,1113,4308,1504,992,192,-452,-527,997,-719,997,986,-514
2026-04-04,7,21332,A,24580,19964,1893,6606,0,22126,0,792,4355,1505,992,-125,-452,-528,997,-337,997,986,-514
2026-04-04,8,20848,A,23968,19427,1745,6606,0,22126,0,716,3981,1504,992,-152,-452,-527,997,-260,996,986,-513
2026-04-04,9,20445,A,23604,18965,1626,6606,0,22126,0,208,3499,1505,992,-958,-452,-528,997,118,996,987,-513
2026-04-04,10,20046,A,23221,18529,1506,6606,0,22126,0,168,3221,1505,992,-1013,-452,-528,996,194,997,990,-514
2026-04-04,11,20231,A,23243,18634,1395,6606,0,22126,0,172,2775,1506,992,-846,-452,-528,621,568,997,980,-514
2026-04-04,12,20407,A,23222,18644,1283,6606,0,22126,0,24,2626,1506,992,-839,-452,-486,606,644,997,979,-514
2026-04-04,13,21318,A,24160,19399,1182,6606,0,22126,0,9,2675,1506,992,-860,-452,-507,608,1017,997,986,-514
2026-04-04,14,22029,A,24698,19999,1081,6606,37,22126,0,1,2342,1505,990,-861,-434,-374,609,1085,996,986,-499
2026-04-04,15,22906,A,24822,20763,1002,6606,423,22126,0,0,2394,1480,934,-488,-303,-222,982,1363,997,986,-403
2026-04-04,16,23750,A,25387,21542,923,6606,957,22126,0,0,2405,1479,930,-425,-153,-69,997,1397,996,987,-490
2026-04-04,17,24682,A,25640,22316,884,6606,1659,22126,0,0,2121,1502,930,509,-20,0,997,1397,997,986,-438
2026-04-04,18,25072,A,25891,22606,845,6606,2204,22126,0,0,1918,1504,930,618,0,0,997,1397,997,987,-319
2026-04-04,19,25559,A,26390,22945,937,6606,2860,22126,0,0,1841,1503,930,1002,-44,0,1016,1397,997,991,-287
2026-04-04,20,25161,A,25765,22580,1028,6606,3299,22126,0,0,1721,1503,930,1003,-2,0,1017,1368,997,993,-102
2026-04-04,21,25049,A,25631,22443,1218,6606,4276,22126,0,0,1727,1503,930,1003,0,0,1017,994,997,993,-82
2026-04-04,22,24832,A,25340,22158,1407,6606,5250,22126,0,0,1559,1503,914,1003,0,0,1016,918,997,993,-8
2026-04-04,23,24098,A,24621,21428,1691,6606,5541,22126,0,10,1880,1503,9,1003,-13,0,1016,545,997,993,69
2026-04-04,24,23643,A,24160,21038,1974,6606,5755,22126,0,12,2414,1504,-5,1004,28,0,1016,469,997,993,135
2026-04-04,25,23194,A,23779,20469,2363,6606,5263,22126,0,12,2062,1503,-5,1003,-68,0,1016,96,997,993,63
2026-04-04,26,22546,A,23279,19781,2752,6606,5175,22126,0,11,2030,1503,-5,1003,-150,64,1016,19,997,993,-67
2026-04-04,27,22303,A,23761,19411,3146,6606,5954,22126,0,80,1494,1503,-5,1000,-296,75,784,-360,997,992,-217
2026-04-04,28,22044,A,24276,19162,3540,6606,6622,22126,0,463,1298,1504,-5,999,-430,-30,761,-436,997,989,-368
2026-04-04,29,21405,A,24110,18624,3815,6606,6311,22126,0,513,1124,1506,-5,954,-451,64,40,-820,997,989,-416
2026-04-04,30,21381,A,24355,18607,4089,6606,5960,22126,0,661,1093,1502,-4,948,-432,84,0,-893,996,986,-484
2026-04-04,31,21117,A,24418,18433,4283,6606,5473,22126,0,658,1787,1320,-4,473,-303,104,-241,-1201,969,847,-394
2026-04-04,32,21738,A,25089,19099,4476,6606,4361,22126,0,640,2272,1305,-4,432,-220,103,-263,-1239,967,800,-485
2026-04-04,33,22260,A,26678,19825,4708,6606,3235,22126,0,118,3634,1376,-4,-802,-94,100,-980,-1239,995,-225,-456
2026-04-04,34,23710,A,28204,21419,4939,6606,2407,22126,0,17,4125,1382,-1,-1020,-54,17,-1021,-1239,997,-328,-314
2026-04-04,35,25261,A,30461,22933,5131,6606,1902,22126,0,13,4185,1500,26,-1014,0,0,-1021,-1239,997,-1044,-369
2026-04-04,36,26265,A,31786,23913,5322,6606,1282,22126,0,155,3892,1508,-5,-1014,-74,0,-1021,-1239,997,-1089,-424
2026-04-04,37,26961,A,32674,24755,5413,6606,774,22126,0,196,4132,1507,-4,-1015,-203,0,-1022,-1240,997,-1090,-443
2026-04-04,38,27012,A,32855,24942,5504,6606,388,22126,0,310,4060,1507,-4,-1015,-230,0,-1021,-1239,997,-1084,-440
2026-04-04,39,27369,A,32759,25439,5576,6606,69,22126,0,311,4005,1507,-4,-862,-377,0,-807,-1239,994,-872,-418
2026-04-04,40,27215,A,32576,25405,5648,6606,0,22126,0,312,4238,1507,35,-849,-421,0,-799,-1239,995,-845,-396
2026-04-04,41,27469,A,32032,25529,5675,6606,0,22126,0,318,4097,1507,948,-243,-450,0,-1014,-1239,997,-398,-401
2026-04-04,42,26498,A,30984,24751,5702,6606,0,22126,0,298,3651,1508,993,-211,-450,0,-1022,-1239,997,-371,-395
2026-04-04,43,25539,A,30298,23990,5678,6606,0,22126,0,60,4403,1507,993,-528,-450,0,-1022,-1239,997,-525,-435
2026-04-04,44,24697,A,29461,23163,5654,6606,0,22126,0,10,4224,1502,989,-542,-450,0,-1022,-1239,991,-516,-485
2026-04-04,45,23879,A,28419,22299,5604,6606,0,22126,0,11,4309,1160,852,-823,-450,0,-1022,-1239,759,174,-495
2026-04-04,46,22720,A,27287,21182,5554,6606,0,22126,0,11,3927,1064,830,-834,-450,-8,-1012,-1239,734,205,-513
2026-04-04,47,21346,A,25726,19897,5559,6606,0,22126,0,6,4179,-321,380,-574,-436,-86,-351,-1239,377,-353,-514
2026-04-04,48,20122,A,24736,18593,5563,6606,0,22126,0,8,3492,-512,348,-563,-397,-183,-314,-1240,353,-384,-513
2026-04-05,1,19837,A,23429,18308,5513,6606,0,22126,0,10,2862,-293,310,-213,-361,-332,100,-1240,294,-129,-514
2026-04-05,2,19726,A,23449,18121,5463,6606,0,22126,0,53,3281,-276,310,-197,-360,-478,118,-1241,292,-104,-514
2026-04-05,3,19569,A,23509,17956,5489,6606,0,22126,0,800,3679,11,403,393,-360,-526,369,-1240,364,134,-514
2026-04-05,4,19954,A,23898,18572,5514,6606,0,22126,0,892,4055,22,408,446,-360,-438,376,-1240,368,150,-514
2026-04-05,5,19431,A,23387,18137,5478,6606,0,22126,0,890,4104,97,338,452,-360,-411,-41,-1240,319,83,-514
2026-04-05,6,18862,A,22859,17715,5442,6606,0,22126,0,885,3779,96,335,452,-360,-439,-59,-1240,317,78,-514
2026-04-05,7,18393,A,22561,17265,5355,6606,0,22126,0,1000,4137,-54,396,378,-340,-520,66,-1240,348,61,-514
2026-04-05,8,17825,A,21950,16802,5268,6606,0,22126,0,1001,4271,-62,398,375,-340,-468,68,-1240,347,64,-514
2026-04-05,9,17663,A,22431,16648,5139,6606,0,22126,0,994,4316,-368,318,613,-340,-451,-361,-1240,215,214,-514
2026-04-05,10,17342,A,22104,16311,5010,6606,0,22126,0,997,3764,-409,312,580,-340,-382,-379,-1241,207,222,-514
2026-04-05,11,17138,A,22071,16044,4830,6606,0,22126,0,991,3491,-660,303,-96,-340,-370,-222,-1241,215,75,-513
2026-04-05,12,17235,A,22090,16079,4650,6606,0,22126,0,987,3508,-670,306,-104,-340,-283,-216,-1241,221,62,-514
2026-04-05,13,18066,A,22420,16863,4611,6606,0,22126,0,987,3417,-204,447,181,-340,-332,-236,-1241,372,0,-514
2026-04-05,14,18395,A,22668,17191,4572,6606,70,22126,0,972,3617,-160,459,196,-340,-310,-237,-1241,387,0,-513
2026-04-05,15,19263,A,23250,17970,4444,6606,627,22126,0,981,3933,352,537,378,-340,-362,-50,-1240,569,52,-514
2026-04-05,16,19614,A,23666,18324,4316,6606,1540,22126,0,975,4301,424,547,385,-366,-414,-43,-1240,590,64,-514
2026-04-05,17,19909,A,24041,18447,4304,6606,2773,22126,0,974,4131,1147,698,502,-404,-501,147,-1239,888,192,-514
2026-04-05,18,19305,A,23470,17802,4292,6606,4375,22126,0,961,3954,1210,708,506,-444,-507,154,-1239,910,208,-514
2026-04-05,19,19726,A,23890,18026,4337,6606,5253,22126,0,974,3637,1390,693,700,-451,-529,363,-1239,992,469,-471
2026-04-05,20,19178,A,23351,17517,4381,6606,6313,22126,0,961,3624,1404,696,708,-451,-530,371,-1239,996,481,-492
2026-04-05,21,18921,A,23118,17321,4479,6606,7231,22126,0,965,3850,1446,810,810,-451,-529,465,-1239,997,240,-513
2026-04-05,22,18353,A,22543,16668,4576,6606,8620,22126,0,956,3260,1439,813,813,-452,-529,468,-1239,994,224,-514
2026-04-05,23,17932,A,22016,16194,4676,6606,9152,22126,0,944,3032,693,632,948,-413,-474,696,-1239,900,270,-514
2026-04-05,24,17507,A,21673,15652,4776,6606,11271,22126,0,944,2986,641,625,948,-452,-518,705,-1239,897,261,-513
2026-04-05,25,17328,A,19838,15520,4821,6606,11798,22126,0,1006,3164,1061,819,444,-452,-530,1004,-1240,990,-215,-514
2026-04-05,26,17528,A,22250,15756,4865,6606,11649,22126,0,1239,3406,1090,833,424,-452,-529,1016,-1239,995,-250,-513
2026-04-05,27,17226,A,22053,15660,4928,6606,12365,22126,0,1258,3400,1003,876,945,-452,-529,1016,-1240,941,-334,-514
2026-04-05,28,16666,A,21475,15182,4990,6606,11978,22126,0,1235,2824,995,874,966,-452,-528,1016,-1239,939,-341,-514
2026-04-05,29,16415,A,21235,14885,4948,6606,11476,22126,0,1243,2705,938,675,453,-452,-528,988,-1239,948,-344,-514
2026-04-05,30,16290,A,21100,14629,4906,6606,10489,22126,0,1235,2288,929,662,427,-451,-528,985,-1239,942,-343,-514
2026-04-05,31,16472,A,20984,14833,4875,6606,9444,22126,0,1012,2555,586,706,583,-452,-528,676,-1239,744,-267,-514
2026-04-05,32,16637,A,21095,15076,4844,6606,9025,22126,0,968,2912,565,701,565,-451,-528,664,-1240,726,-258,-513
2026-04-05,33,17230,A,21471,15777,4722,6606,8172,22126,0,892,3316,1149,422,104,-452,-528,447,-1240,544,-115,-514
2026-04-05,34,18871,A,22407,17343,4599,6606,6736,22126,0,228,3555,1194,414,102,-452,-527,439,-1222,539,-94,-513
2026-04-05,35,20662,A,23907,18979,4394,6606,5455,22126,0,162,3272,1349,815,-96,-452,-528,230,-993,745,173,-514
2026-04-05,36,21960,A,25155,20226,4189,6606,3979,22126,0,163,3415,1360,843,-104,-452,-528,222,-934,762,215,-514
2026-04-05,37,23912,A,27278,22161,3909,6606,2841,22126,0,167,3366,1366,893,-657,-452,-528,289,-548,872,940,-514
2026-04-05,38,24872,A,28105,23080,3629,6606,1580,22126,0,17,3551,1367,898,-752,-452,-529,302,-469,882,997,-514
2026-04-05,39,26483,A,29435,24615,3244,6606,444,22126,0,8,3484,1495,986,-859,-452,-529,962,-91,990,1255,-513
2026-04-05,40,27393,A,30227,25458,2859,6606,14,22126,0,4,3223,1504,992,-860,-452,-528,997,-14,996,1271,-476
2026-04-05,41,28246,A,31142,26160,2663,6606,0,22126,0,6,3363,1504,992,-897,-452,-528,921,361,997,1214,-513
2026-04-05,42,28112,A,31010,25998,2467,6606,0,22126,0,6,3445,1504,992,-898,-452,-528,918,437,996,1213,-514
2026-04-05,43,27560,A,30377,25444,2281,6606,0,22126,0,1,3229,1505,992,-833,-452,-528,662,809,997,1344,-503
2026-04-05,44,26997,A,29797,24881,2094,6606,0,22126,0,1,3004,1505,992,-830,-452,-528,653,885,997,1345,-489
2026-04-05,45,26190,A,28984,24185,1994,6606,0,22126,0,4,2950,1504,970,-877,-452,-522,969,1259,997,1014,-439
2026-04-05,46,24970,A,27731,23026,1894,6606,0,22126,0,9,2883,1505,969,-878,-452,-518,982,1311,996,991,-404
2026-04-05,47,23842,A,26567,21915,1781,6606,0,22126,0,10,2555,1505,991,-1003,-383,-451,997,1387,997,991,-378
2026-04-05,48,23037,A,25639,21145,1668,6606,0,22126,0,10,2539,1505,992,-996,-307,-299,998,1397,997,991,-490
2026-04-06,1,23324,A,25248,21297,1650,6606,0,22126,0,6,2213,1505,992,-360,-398,-146,998,1397,997,991,-514
2026-04-06,2,22919,A,24680,20915,1632,6606,0,22126,0,7,2016,1504,992,-322,-402,-16,998,1397,997,991,-514
2026-04-06,3,22538,A,24040,20623,1599,6606,0,22126,0,11,1958,1504,992,-106,-375,0,998,1397,997,991,-510
2026-04-06,4,22965,A,24241,21019,1565,6606,0,22126,0,11,2123,1504,992,-104,-237,0,998,1397,997,991,-424
2026-04-06,5,22522,A,24056,20663,1491,6606,0,22126,0,11,2166,1504,992,-546,-111,0,998,1397,997,991,-366
2026-04-06,6,22002,A,23490,20201,1416,6606,0,22126,0,11,2155,1504,992,-608,-143,0,998,1397,997,991,-226
2026-04-06,7,21830,A,23128,20046,1353,6606,0,22126,0,11,2310,1504,992,-686,-23,0,998,1397,997,991,-78
2026-04-06,8,21627,A,22827,19860,1290,6606,0,22126,0,11,2392,1505,992,-689,0,0,998,1397,997,991,28
2026-04-06,9,21386,A,22689,19585,1239,6606,0,22126,0,11,2352,1505,992,-792,60,0,998,1397,997,991,100
2026-04-06,10,21215,A,22522,19402,1188,6606,0,22126,0,11,2187,1505,992,-796,66,0,998,1397,998,991,100
2026-04-06,11,21649,A,22967,19724,1135,6606,0,22126,0,11,2581,1505,992,-807,181,0,992,1397,997,991,100
2026-04-06,12,21607,A,22926,19569,1082,6606,0,22126,0,11,2390,1505,992,-808,200,0,992,1397,998,991,100
2026-04-06,13,22614,A,23749,20441,1079,6606,0,22126,0,7,2390,1505,992,-628,200,39,998,1397,997,991,100
2026-04-06,14,23287,A,24375,21028,1076,6606,64,22126,0,8,2609,1505,990,-580,200,83,998,1397,997,991,100
2026-04-06,15,24120,A,24628,21751,1030,6606,542,22126,0,8,2320,1504,934,570,200,104,997,1397,997,991,100
2026-04-06,16,24747,A,25255,22187,984,6606,1525,22126,0,8,2797,1504,930,686,200,104,998,1397,997,991,100
2026-04-06,17,24926,A,25434,22220,917,6606,2762,22126,0,8,2397,1504,930,1002,200,104,997,1397,997,991,100
2026-04-06,18,24223,A,24728,21352,849,6606,4244,22126,0,5,2121,1505,930,1004,200,104,997,1397,997,991,100
2026-04-06,19,23559,A,24063,20656,817,6606,5921,22126,0,4,1974,1504,930,1002,200,104,1016,1397,997,991,100
2026-04-06,20,22158,A,22662,19270,785,6606,7561,22126,0,4,1737,1504,930,1003,200,104,1017,1397,997,991,100
2026-04-06,21,20751,A,21254,17894,839,6606,9315,22126,0,3,1489,1504,930,1002,200,103,1017,1397,997,991,100
2026-04-06,22,19027,A,19699,16219,893,6606,11070,22126,0,172,1221,1504,930,1004,200,70,1016,1397,997,991,100
2026-04-06,23,17898,A,19228,15151,991,6606,12137,22126,0,830,933,1504,930,1004,200,96,1016,1397,997,991,100
2026-04-06,24,16764,A,18229,14148,1089,6606,13166,22126,0,965,428,1504,930,1003,200,16,1016,1397,997,985,100
2026-04-06,25,16164,A,17717,13623,1180,6606,13820,22126,0,1053,-24,1504,930,1003,200,0,1016,1397,997,764,100
2026-04-06,26,15731,A,17446,13169,1271,6606,14147,22126,0,1215,-494,1504,930,1003,200,0,1016,1397,997,746,77
2026-04-06,27,15411,A,17167,12864,1355,6606,14122,22126,0,1256,-766,1504,930,1003,200,0,1016,1397,997,639,100
2026-04-06,28,14976,A,16737,12494,1439,6606,14003,22126,0,1261,-989,1504,930,1003,200,0,1016,1397,997,620,100
2026-04-06,29,14785,A,16520,12499,1493,6606,13595,22126,0,1235,-1033,1505,930,1003,200,49,997,1397,997,190,100
2026-04-06,30,14966,A,16704,12630,1546,6606,12923,22126,0,1238,-1047,1505,930,1002,199,87,994,1397,997,152,100
2026-04-06,31,15101,A,16980,12830,1611,6606,12012,22126,0,1227,-440,1506,930,499,200,104,604,1397,998,-152,100
2026-04-06,32,16211,A,18045,14040,1676,6606,10762,22126,0,1176,980,1499,930,421,200,99,588,1397,998,-158,100
2026-04-06,33,17677,A,19264,15511,1683,6606,9257,22126,0,1087,1730,1135,930,745,200,104,568,1397,998,366,100
2026-04-06,34,19700,A,21129,17391,1689,6606,7826,22126,0,929,2323,1112,932,758,200,87,569,1397,998,417,100
2026-04-06,35,22349,A,23071,19886,1687,6606,6132,22126,0,222,2632,1474,988,459,200,18,979,1397,997,951,100
2026-04-06,36,24603,A,25186,22006,1684,6606,4771,22126,0,83,3298,1504,992,412,165,98,996,1397,998,999,100
2026-04-06,37,25983,A,27034,23406,1662,6606,3263,22126,0,8,3221,1504,992,-543,32,23,996,1397,997,1398,100
2026-04-06,38,27069,A,28212,24431,1640,6606,1671,22126,0,5,3182,1504,992,-638,7,0,997,1397,997,1426,100
2026-04-06,39,28202,A,29666,25522,1716,6606,466,22126,0,6,3212,1504,992,-951,-7,0,997,1397,997,1426,100
2026-04-06,40,29157,A,30627,26359,1791,6606,19,22126,0,6,3190,1504,992,-964,0,0,997,1397,997,1426,100
2026-04-06,41,29644,A,30872,26831,1912,6606,0,22126,0,6,3343,1503,992,-722,14,0,997,1397,996,1426,100
2026-04-06,42,29133,A,30314,26309,2033,6606,0,22126,0,6,3458,1503,992,-675,0,0,997,1397,996,1420,73
2026-04-06,43,28334,A,28952,25681,2124,6606,0,22126,0,6,3308,1503,992,-106,0,0,997,1397,996,1180,-6
2026-04-06,44,27114,A,27762,24597,2215,6606,0,22126,0,11,3160,1503,992,-104,0,0,997,1397,997,1157,-33
2026-04-06,45,25691,A,26329,23346,2290,6606,0,22126,0,10,3052,1504,992,-128,0,0,997,1397,997,958,62
2026-04-06,46,24225,A,24866,22019,2365,6606,0,22126,0,12,2812,1504,992,-129,0,0,995,1374,997,926,100
2026-04-06,47,22859,A,23715,20970,2386,6606,0,22126,0,13,2987,1506,992,-343,0,0,575,1082,997,263,100
2026-04-06,48,21929,A,22790,20156,2406,6606,0,22126,0,13,2975,1506,992,-348,0,0,560,1032,997,217,100
2026-04-07,1,21748,A,22367,19889,2414,6606,0,22126,0,13,2805,1505,992,-106,0,0,979,860,997,240,100
2026-04-07,2,22003,A,22620,20049,2422,6606,0,22126,0,13,2983,1504,992,-104,0,0,997,850,997,244,100
2026-04-07,3,21867,A,22623,19937,2399,6606,0,22126,0,12,3039,1504,992,-244,0,0,997,983,997,303,100
2026-04-07,4,22407,A,23178,20491,2375,6606,0,22126,0,16,3014,1504,992,-255,0,0,991,986,997,308,100
2026-04-07,5,21788,A,22794,19901,2339,6606,0,22126,0,13,2859,1506,992,-493,0,0,453,827,997,321,67
2026-04-07,6,20983,A,22241,19136,2303,6606,0,22126,0,255,2734,1506,992,-503,0,0,426,790,997,319,65
2026-04-07,7,20410,A,22264,18619,2250,6606,0,22126,0,541,2940,1507,992,-813,0,0,48,566,997,179,3
2026-04-07,8,20024,A,21967,18237,2196,6606,0,22126,0,619,2996,1507,992,-824,0,0,33,535,997,148,54
2026-04-07,9,19923,A,22338,18147,2146,6606,0,22126,0,555,2892,1507,992,-805,0,0,107,502,997,-555,100
2026-04-07,10,19954,A,22669,18155,2096,6606,0,22126,0,796,2822,1507,992,-805,0,0,110,527,997,-614,100
2026-04-07,11,20281,A,23715,18449,2070,6606,0,22126,0,739,2952,1507,992,-1006,0,0,-142,901,997,-1047,100
2026-04-07,12,21171,A,24061,19191,2044,6606,0,22126,0,156,2699,1507,992,-1014,18,0,-154,976,997,-1066,100
2026-04-07,13,22841,A,25635,20711,2093,6606,0,22126,0,8,2396,1508,992,-1014,25,0,-587,1350,997,-685,100
2026-04-07,14,24391,A,26940,22153,2142,6606,109,22126,0,9,2472,1508,990,-886,147,0,-591,1374,997,-563,100
2026-04-07,15,26594,A,27095,24088,2160,6606,970,22126,0,1,2414,1506,933,325,82,11,146,1087,997,835,72
2026-04-07,16,26823,A,27402,24321,2178,6606,2391,22126,0,0,2892,1506,929,372,-38,0,203,1022,997,990,-41
2026-04-07,17,27460,A,28370,24684,2101,6606,3948,22126,0,0,2958,1503,929,971,-184,-45,953,649,996,990,-181
2026-04-07,18,26593,A,27611,23726,2023,6606,5519,22126,0,0,3057,1504,929,1003,-188,-4,997,574,997,990,-326
2026-04-07,19,25510,A,26555,22611,1939,6606,7092,22126,0,4,3092,1503,929,1002,-101,0,1016,200,997,990,-440
2026-04-07,20,23956,A,25260,21053,1855,6606,8650,22126,0,50,2880,1500,929,1003,-235,-69,1017,124,993,991,-450
2026-04-07,21,22171,A,24491,19460,1932,6606,10079,22126,0,447,3036,1317,930,1002,-387,-220,988,-253,858,990,-513
2026-04-07,22,20651,A,23768,18046,2009,6606,11364,22126,0,952,2810,1295,921,1003,-451,-371,966,-330,853,976,-513
2026-04-07,23,19007,A,22650,16624,2184,6606,12513,22126,0,958,3042,932,591,1003,-451,-507,129,-713,989,434,-514
2026-04-07,24,18182,A,21924,15905,2358,6606,13511,22126,0,956,2972,903,575,1002,-451,-529,82,-792,998,394,-514
2026-04-07,25,17594,A,21714,15439,2546,6606,14203,22126,0,947,2385,1038,816,685,-451,-528,633,-1181,997,287,-513
2026-04-07,26,17400,A,21687,15262,2733,6606,14415,22126,0,1062,1991,1052,833,671,-451,-529,659,-1231,998,258,-514
2026-04-07,27,16914,A,21719,14942,2887,6606,14379,22126,0,1075,1906,1359,833,306,-451,-528,408,-1238,997,-499,-514
2026-04-07,28,16771,A,21643,14876,3041,6606,14144,22126,0,1079,1957,1371,833,285,-452,-528,398,-1239,997,-561,-513
2026-04-07,29,16387,A,21979,14636,3121,6606,13671,22126,0,1067,2668,575,833,-374,-451,-527,110,-1239,998,-920,-514
2026-04-07,30,16367,A,22053,14558,3200,6606,12732,22126,0,1062,2981,509,828,-460,-452,-527,99,-1223,995,-948,-514
2026-04-07,31,16778,A,22936,14959,3269,6606,11625,22126,0,1060,3430,209,660,-1011,-452,-527,71,-1013,903,-1082,-513
2026-04-07,32,17615,A,23728,15761,3338,6606,10300,22126,0,1058,3976,213,655,-1015,-452,-527,63,-956,899,-1091,-514
2026-04-07,33,19413,A,25102,17490,3271,6606,8944,22126,0,598,3910,1242,912,-917,-451,-527,-522,-569,991,-1091,-514
2026-04-07,34,21242,A,26378,19288,3203,6606,7130,22126,0,108,3835,1338,932,-913,-452,-527,-544,-492,997,-1086,-514
2026-04-07,35,23605,A,27359,21467,3090,6606,5490,22126,0,11,3666,1493,988,-757,-451,-527,49,-112,997,-882,-514
2026-04-07,36,25575,A,29243,23413,2977,6606,3754,22126,0,16,3704,1505,992,-752,-451,-527,79,-35,997,-873,-514
2026-04-07,37,27323,A,31411,25160,2923,6606,2323,22126,0,12,3564,1504,992,-1006,-452,-528,118,339,996,-1076,-514
2026-04-07,38,28342,A,32452,26106,2868,6606,1113,22126,0,12,3346,1504,992,-1015,-452,-527,113,414,997,-1090,-514
2026-04-07,39,29241,A,33766,26904,2851,6606,326,22126,0,1,2636,1506,992,-1014,-451,-529,-426,788,997,-1090,-514
2026-04-07,40,29435,A,33950,27089,2833,6606,19,22126,0,0,2458,1506,992,-1002,-451,-530,-446,864,996,-1072,-514
2026-04-07,41,30160,A,32848,27756,2722,6606,0,22126,0,3,2159,1504,992,-292,-452,-529,120,1236,996,-398,-514
2026-04-07,42,29569,A,32156,27240,2610,6606,0,22126,0,0,2008,1504,992,-249,-451,-529,147,1272,996,-344,-514
2026-04-07,43,28881,A,31099,26667,2475,6606,0,22126,0,11,2146,1504,992,-146,-451,-528,280,1139,997,-68,-514
2026-04-07,44,27495,A,29689,25325,2340,6606,0,22126,0,9,2094,1504,992,-142,-452,-528,285,1093,997,-49,-514
2026-04-07,45,25861,A,28065,23743,2267,6606,0,22126,0,5,2041,1505,992,-158,-451,-527,143,720,997,-49,-514
2026-04-07,46,24868,A,27092,22807,2194,6606,0,22126,0,5,2070,1505,992,-168,-452,-527,138,644,997,-58,-514
2026-04-07,47,23253,A,26448,21334,2103,6606,0,22126,0,10,2291,1506,992,-793,-451,-526,-21,271,996,-380,-514
2026-04-07,48,22869,A,26109,20972,2012,6606,0,22126,0,6,2186,1506,993,-823,-452,-527,-22,210,997,-396,-514
2026-04-08,1,22580,A,25086,20639,1894,6606,0,22126,0,7,2229,1504,992,-335,-451,-526,452,20,997,-173,-514
2026-04-08,2,22761,A,25212,20894,1775,6606,0,22126,0,7,2429,1505,992,-304,-451,-527,474,-5,997,-143,-514
2026-04-08,3,23024,A,25028,21069,1687,6606,0,22126,0,7,2284,1504,992,340,-451,-527,650,-5,997,380,-514
2026-04-08,4,22882,A,24885,20982,1598,6606,0,22126,0,6,2248,1505,993,381,-451,-527,657,-5,997,422,-514
2026-04-08,5,22908,A,24913,21084,1485,6606,0,22126,0,8,2393,1504,992,502,-451,-527,910,-5,997,618,-514
2026-04-08,6,22011,A,24015,20076,1372,6606,0,22126,0,8,2111,1504,992,506,-451,-526,920,-5,997,620,-514
2026-04-08,7,21506,A,23618,19640,1270,6606,0,22126,0,115,1900,1504,993,401,-451,-527,994,-5,997,177,-514
2026-04-08,8,21011,A,23137,19165,1167,6606,0,22126,0,129,1705,1504,993,383,-451,-527,995,-5,997,126,-514
2026-04-08,9,20762,A,23779,18918,1076,6606,0,22126,0,130,2079,1505,992,-390,-451,-527,602,-5,997,-500,-514
2026-04-08,10,20782,A,23869,18844,984,6606,0,22126,0,121,1744,1505,992,-444,-451,-510,553,0,997,-547,-514
2026-04-08,11,21100,A,25011,19121,911,6606,0,22126,0,8,1573,1507,993,-870,-451,-413,-445,44,997,-710,-514
2026-04-08,12,22006,A,26119,19915,838,6606,0,22126,0,10,1235,1507,992,-888,-451,-501,-520,79,997,-729,-514
2026-04-08,13,23593,A,28358,21434,764,6606,0,22126,0,10,1193,1507,992,-974,-451,-431,-935,451,998,-950,-514
2026-04-08,14,24746,A,29249,22561,690,6606,135,22126,0,8,1384,1490,991,-859,-451,-458,-879,527,998,-834,-514
2026-04-08,15,26937,A,28934,24417,631,6606,924,22126,0,8,471,574,925,777,-451,-524,464,901,998,790,-514
2026-04-08,16,27751,A,29751,24672,571,6606,2156,22126,0,8,117,497,920,978,-451,-527,591,977,998,989,-514
2026-04-08,17,27966,A,29967,24884,485,6606,3503,22126,0,8,-181,500,929,1002,-451,-528,980,1350,998,989,-514
2026-04-08,18,26865,A,28866,23980,398,6606,5039,22126,0,8,-510,500,930,1003,-451,-528,997,1397,998,989,-514
2026-04-08,19,25715,A,27719,22788,342,6606,6582,22126,0,11,-664,500,929,1004,-451,-528,1016,1397,999,989,-514
2026-04-08,20,24562,A,26563,21669,285,6606,7998,22126,0,9,-607,500,929,1003,-451,-527,1017,1397,998,989,-514
2026-04-08,21,23062,A,25063,20242,268,6606,9323,22126,0,9,-718,500,929,1002,-451,-527,1016,1397,998,989,-514
2026-04-08,22,21778,A,23779,19057,250,6606,10465,22126,0,9,-499,500,929,1003,-451,-527,1016,1397,998,989,-514
2026-04-08,23,20999,A,23000,18288,286,6606,11433,22126,0,9,-388,499,930,1003,-451,-527,1016,1397,998,989,-514
2026-04-08,24,20401,A,22402,17715,321,6606,12202,22126,0,9,-252,499,930,1003,-451,-527,1016,1397,997,989,-514
2026-04-08,25,20168,A,22170,17538,364,6606,12760,22126,0,9,-530,499,930,1003,-451,-528,1016,1397,997,989,-514
2026-04-08,26,19709,A,21793,17160,407,6606,13062,22126,0,111,-244,500,930,1003,-451,-508,1016,1397,998,989,-514
2026-04-08,27,19103,A,21015,16609,429,6606,13186,22126,0,123,-167,499,930,1004,-440,-378,1016,1397,998,989,-471
2026-04-08,28,18764,A,20653,16425,450,6606,12947,22126,0,126,-33,499,930,1004,-451,-300,1016,1397,998,989,-512
2026-04-08,29,18556,A,20359,16269,508,6606,12502,22126,0,124,41,499,930,1003,-451,-215,997,1397,998,989,-513
2026-04-08,30,18600,A,20303,16329,565,6606,11850,22126,0,123,100,499,930,1002,-452,-193,996,1397,998,989,-435
2026-04-08,31,19379,A,21067,17128,619,6606,10984,22126,0,121,491,499,930,1003,-451,-175,996,1397,998,989,-441
2026-04-08,32,20297,A,21880,18056,672,6606,9784,22126,0,120,837,499,930,1003,-451,-67,996,1368,998,992,-445
2026-04-08,33,21375,A,22840,19120,683,6606,8521,22126,0,14,819,499,930,1003,-451,-32,996,994,997,993,-468
2026-04-08,34,23214,A,24537,20863,693,6606,7041,22126,0,8,704,499,931,999,-430,-5,990,977,998,955,-380
2026-04-08,35,25140,A,26710,22654,730,6606,5512,22126,0,10,1287,500,988,535,-451,-115,468,1350,998,-34,-460
2026-04-08,36,27061,A,28845,24478,766,6606,3956,22126,0,12,1573,500,992,486,-452,-259,443,1397,998,-116,-445
2026-04-08,37,28211,A,30739,25664,762,6606,2535,22126,0,9,1972,500,992,-560,-452,-410,173,1397,998,-206,-391
2026-04-08,38,29301,A,31899,26647,758,6606,1344,22126,0,6,2246,500,992,-661,-452,-400,162,1397,997,-164,-415
2026-04-08,39,30050,A,32776,27251,775,6606,407,22126,0,3,1980,500,991,-1000,-451,-354,312,1397,997,897,-418
2026-04-08,40,31162,A,33789,28434,791,6606,19,22126,0,2,2287,500,992,-886,-451,-351,326,1397,998,1003,-437
2026-04-08,41,31493,A,33386,28805,868,6606,0,22126,0,5,2121,499,992,105,-452,-423,945,1397,998,1398,-513
2026-04-08,42,30632,A,32536,27955,944,6606,0,22126,0,5,1844,499,991,115,-451,-450,977,1397,998,1416,-498
2026-04-08,43,29565,A,31330,27062,989,6606,0,22126,0,9,1803,498,983,490,-391,-467,877,1397,987,1036,-398
2026-04-08,44,28311,A,30072,26009,1034,6606,0,22126,0,9,1672,498,983,482,-447,-317,874,1397,986,1002,-488
2026-04-08,45,26538,A,28212,24431,1089,6606,0,22126,0,8,1716,492,979,3,-450,-202,874,1397,997,720,-514
2026-04-08,46,25018,A,26440,22975,1144,6606,0,22126,0,8,1811,491,979,0,-356,-53,874,1397,998,700,-505
2026-04-08,47,23956,A,25291,22078,1135,6606,0,22126,0,8,2167,499,991,376,-340,0,693,1397,998,751,-487
2026-04-08,48,23012,A,24176,21227,1125,6606,0,22126,0,8,2344,499,992,421,-241,0,687,1381,998,755,-415
2026-04-09,1,22866,A,24043,21063,1129,6606,0,22126,0,6,2343,500,992,440,-171,0,785,1175,998,735,-500
2026-04-09,2,22583,A,23636,20783,1133,6606,0,22126,0,7,2591,500,992,440,-46,0,788,1158,998,736,-500
2026-04-09,3,22426,A,23330,20717,1160,6606,0,22126,0,7,2544,499,992,609,0,0,810,1266,997,863,-397
2026-04-09,4,22584,A,23522,20954,1186,6606,0,22126,0,7,2777,500,992,615,0,0,811,1264,998,865,-431
2026-04-09,5,21982,A,23034,20388,1193,6606,0,22126,0,7,2538,499,991,674,-31,0,708,1064,998,592,-514
2026-04-09,6,21343,A,22456,19763,1200,6606,0,22126,0,7,2589,500,992,674,-92,0,705,1010,998,563,-514
2026-04-09,7,20938,A,21992,19358,1179,6606,0,22126,0,7,2798,500,992,341,-33,0,625,638,998,184,-514
2026-04-09,8,20333,A,21300,18841,1158,6606,0,22126,0,7,2899,500,992,319,0,0,619,585,997,157,-460
2026-04-09,9,20042,A,21285,18525,1187,6606,0,22126,0,7,3070,501,992,-263,0,0,167,508,997,120,-473
2026-04-09,10,19826,A,21083,18291,1216,6606,0,22126,0,9,3011,501,992,-296,0,0,143,527,998,120,-452
2026-04-09,11,19975,A,22084,18360,1257,6606,0,22126,0,9,2929,502,992,-860,0,0,-349,901,998,226,-391
2026-04-09,12,20748,A,22965,19142,1298,6606,0,22126,0,14,3102,502,991,-888,0,0,-371,976,998,234,-444
2026-04-09,13,22225,A,24314,20499,1321,6606,0,22126,0,14,3138,502,991,-834,0,0,-313,1350,998,248,-428
2026-04-09,14,23839,A,25987,21956,1343,6606,170,22126,0,13,3027,502,990,-750,-69,0,-308,1397,998,267,-508
2026-04-09,15,25718,A,26939,23560,1375,6606,814,22126,0,16,2833,500,934,400,-191,0,132,1397,998,903,-514
2026-04-09,16,26427,A,27712,24080,1407,6606,1514,22126,0,13,2244,500,929,456,-258,0,167,1397,998,948,-514
2026-04-09,17,27277,A,28798,24761,1399,6606,2338,22126,0,163,1359,499,929,861,-344,0,930,1397,998,985,-514
2026-04-09,18,27129,A,28429,24513,1390,6606,3344,22126,0,62,1362,499,929,878,-224,0,974,1397,998,989,-514
2026-04-09,19,26777,A,27874,24046,1386,6606,4262,22126,0,11,1977,499,929,998,-74,0,1015,1397,997,992,-512
2026-04-09,20,26458,A,27399,23737,1381,6606,4796,22126,0,11,2757,499,929,1002,0,0,1017,1397,998,992,-430
2026-04-09,21,26177,A,27163,23498,1492,6606,5628,22126,0,11,2875,499,929,1003,-31,0,1017,1397,998,992,-444
2026-04-09,22,25813,A,26779,23148,1602,6606,5983,22126,0,10,2243,499,929,1003,-144,0,1016,1397,997,992,-312
2026-04-09,23,25562,A,26455,22982,1711,6606,5993,22126,0,10,2240,499,930,1003,-163,0,1016,1397,998,992,-220
2026-04-09,24,25560,A,26232,23044,1819,6606,6069,22126,0,10,2856,499,930,1004,-82,0,1016,1397,998,990,-80
2026-04-09,25,25643,A,26153,23175,2074,6606,5744,22126,0,10,2886,499,930,1003,23,0,1016,1397,998,989,38
2026-04-09,26,25416,A,25926,23052,2328,6606,5735,22126,0,10,2811,499,930,1003,27,63,1016,1393,998,989,98
2026-04-09,27,25235,A,25745,23117,2633,6606,5798,22126,0,10,2724,499,930,1003,13,104,1016,1346,998,989,100
2026-04-09,28,24933,A,25445,23075,2938,6606,5454,22126,0,12,3123,499,930,1003,0,104,1016,1311,997,989,100
2026-04-09,29,25048,A,25785,23354,3267,6606,5158,22126,0,237,2973,499,930,1003,0,104,885,938,997,989,100
2026-04-09,30,25047,A,26309,23352,3595,6606,4934,22126,0,762,2736,499,930,996,19,103,863,862,998,989,100
2026-04-09,31,24793,A,25701,23222,3770,6606,4160,22126,0,405,2759,500,930,401,-3,103,72,490,998,989,100
2026-04-09,32,25071,A,25924,23526,3945,6606,3791,22126,0,352,3036,500,930,369,-1,103,19,413,998,1000,100
2026-04-09,33,25049,A,26211,23557,4065,6606,3642,22126,0,140,3352,502,930,504,65,104,-522,38,998,1396,100
2026-04-09,34,25344,A,26414,23835,4185,6606,3385,22126,0,6,3543,502,932,483,16,104,-548,-16,998,1423,100
2026-04-09,35,25900,A,27009,24360,4195,6606,2866,22126,0,6,3421,501,988,-179,0,39,-318,-106,997,1423,100
2026-04-09,36,26436,A,27571,24883,4204,6606,2764,22126,0,6,3496,501,992,-230,29,0,-312,-87,997,1422,100
2026-04-09,37,26968,A,28984,25293,4155,6606,2457,22126,0,6,3257,502,992,-778,2,0,-732,289,997,1382,57
2026-04-09,38,27501,A,29670,25766,4105,6606,1438,22126,0,6,3034,502,992,-779,-69,-68,-747,353,997,1378,71
2026-04-09,39,28672,A,30466,26974,3964,6606,528,22126,0,5,3027,500,992,-461,-221,-220,-326,571,997,1416,-61
2026-04-09,40,28954,A,31123,27283,3823,6606,50,22126,0,5,3033,500,992,-430,-372,-355,-299,588,997,1419,-208
2026-04-09,41,29596,A,31258,27955,3748,6606,0,22126,0,5,3199,499,992,727,-422,-378,321,453,997,1423,-357
2026-04-09,42,29174,A,30999,27428,3672,6606,0,22126,0,5,3230,500,992,891,-451,-378,354,417,996,1425,-491
2026-04-09,43,28211,A,30069,26594,3666,6606,0,22126,0,13,3275,499,992,237,-451,-379,767,186,997,1426,-515
2026-04-09,44,27073,A,28950,25544,3659,6606,0,22126,0,16,3287,499,992,198,-452,-378,770,127,997,1427,-531
2026-04-09,45,25662,A,28282,24291,3606,6606,0,22126,0,78,3581,500,992,-514,-385,-379,41,-250,997,1426,-514
2026-04-09,46,24478,A,28008,23211,3553,6606,0,22126,0,813,3791,500,992,-598,-331,-447,0,-327,997,1416,-514
2026-04-09,47,22972,A,27444,21895,3521,6606,0,22126,0,989,4139,500,992,-834,-331,-530,-66,-708,997,1014,-514
2026-04-09,48,22110,A,26672,21021,3489,6606,0,22126,0,988,3672,501,992,-844,-331,-531,-68,-787,997,987,-513
2026-04-10,1,22135,A,27015,20745,3479,6606,0,22126,0,853,3517,500,992,-974,-331,-531,46,-1177,997,1019,-514
2026-04-10,2,21997,A,27050,20661,3468,6606,0,22126,0,974,3948,500,992,-979,-331,-531,51,-1224,997,1028,-514
2026-04-10,3,22097,A,27127,20703,3421,6606,0,22126,0,983,3728,500,992,-976,-331,-531,265,-1195,997,1219,-514
2026-04-10,4,21825,A,26927,20515,3374,6606,0,22126,0,1072,3458,499,992,-976,-331,-531,273,-1179,997,1234,-513
2026-04-10,5,21760,A,26879,20558,3227,6606,0,22126,0,1245,3475,500,992,-977,-331,-531,323,-1021,996,1184,-514
2026-04-10,6,21068,A,26205,19849,3079,6606,0,22126,0,1272,3352,499,992,-976,-331,-531,325,-992,996,1171,-535
2026-04-10,7,20711,A,25693,19499,2893,6606,0,22126,0,1278,3188,500,992,-946,-331,-531,295,-882,997,925,-514
2026-04-10,8,20437,A,25404,19205,2706,6606,0,22126,0,1264,2997,499,989,-945,-375,-531,294,-838,996,899,-514
2026-04-10,9,20412,A,24826,19161,2471,6606,0,22126,0,1262,2831,453,878,-703,-452,-531,258,-453,952,621,-513
2026-04-10,10,20451,A,24772,19137,2236,6606,0,22126,0,1255,2737,451,874,-694,-452,-531,256,-375,950,583,-514
2026-04-10,11,20841,A,24789,19361,2015,6606,0,22126,0,910,2398,496,985,-971,-452,-530,440,2,994,-70,-515
2026-04-10,12,21706,A,25226,20053,1793,6606,0,22126,0,444,2335,500,992,-978,-452,-530,422,79,997,-102,-514
2026-04-10,13,23626,A,26739,21738,1606,6606,0,22126,0,170,2270,502,992,-500,-452,-507,-470,451,998,383,-514
2026-04-10,14,25360,A,28209,23198,1418,6606,108,22126,0,35,2088,501,990,-455,-452,-392,-501,527,998,438,-514
2026-04-10,15,27776,A,29696,25413,1230,6606,617,22126,0,5,1617,499,934,94,-452,-449,432,901,998,1182,-514
2026-04-10,16,28614,A,30462,26052,1041,6606,1469,22126,0,5,1415,500,930,102,-452,-377,494,976,998,1237,-514
2026-04-10,17,29378,A,31164,26711,923,6606,2385,22126,0,5,1614,500,930,416,-452,-315,188,1350,998,1411,-514
2026-04-10,18,28919,A,30528,26168,805,6606,3721,22126,0,5,1152,500,930,451,-437,-171,176,1397,998,1424,-496
2026-04-10,19,28174,A,29550,25309,710,6606,5381,22126,0,5,1127,500,930,694,-310,-161,-35,1397,998,1427,-365
2026-04-10,20,27070,A,28020,24077,615,6606,6766,22126,0,5,1204,500,930,705,-160,-35,-37,1397,999,1420,-213
2026-04-10,21,26246,A,26843,23241,620,6606,7911,22126,0,5,1060,499,930,991,-23,59,519,1397,998,1273,-69
2026-04-10,22,25471,A,25976,22508,625,6606,8640,22126,0,5,974,500,930,1003,9,12,545,1397,999,1251,60
2026-04-10,23,24872,A,25379,21974,602,6606,9449,22126,0,7,1139,499,930,1003,0,64,575,1397,999,813,100
2026-04-10,24,23845,A,24355,20997,579,6606,10039,22126,0,10,998,500,930,1003,0,104,577,1397,999,784,100
2026-04-10,25,23091,A,23599,20402,648,6606,10823,22126,0,8,1071,499,930,1002,0,104,869,1397,999,827,100
2026-04-10,26,22133,A,22641,19676,716,6606,11596,22126,0,8,1181,499,930,1003,0,104,881,1397,998,831,100
2026-04-10,27,21205,A,21722,18825,792,6606,11759,22126,0,17,1147,499,930,1003,69,104,888,1397,998,831,100
2026-04-10,28,20598,A,21285,18253,868,6606,11512,22126,0,187,1286,499,930,1003,157,104,889,1368,998,831,100
2026-04-10,29,20662,A,21475,18336,1063,6606,10660,22126,0,313,1658,499,930,1003,182,103,992,994,998,851,100
2026-04-10,30,21382,A,22497,19031,1258,6606,9329,22126,0,615,2167,499,930,1003,233,104,991,918,998,850,100
2026-04-10,31,21738,A,22905,19695,1484,6606,8038,22126,0,667,2915,500,930,944,200,104,453,545,998,724,100
2026-04-10,32,22913,A,23747,20989,1710,6606,6341,22126,0,334,3617,500,930,829,215,104,429,507,998,700,100
2026-04-10,33,23998,A,24519,22184,1927,6606,4890,22126,0,21,4212,499,930,4,173,104,834,620,998,171,100
2026-04-10,34,25804,A,26308,24023,2143,6606,3427,22126,0,4,4486,499,932,0,159,103,850,622,998,84,100
2026-04-10,35,26629,A,28888,24888,2275,6606,2629,22126,0,1,4698,500,988,-759,82,104,587,465,998,-999,100
2026-04-10,36,27344,A,29882,25670,2407,6606,1976,22126,0,0,4593,500,992,-944,0,74,499,417,998,-1094,100
2026-04-10,37,27870,A,31393,26160,2543,6606,1382,22126,0,0,4646,503,992,-1012,-32,0,-885,43,998,-1094,100
2026-04-10,38,28323,A,31987,26543,2679,6606,722,22126,0,0,4772,519,992,-1015,0,0,-1021,-34,998,-1094,100
2026-04-10,39,28899,A,32944,27090,2817,6606,215,22126,0,4,4753,1432,992,-1015,0,0,-1021,-411,997,-1094,98
2026-04-10,40,29145,A,33256,27404,2954,6606,16,22126,0,5,4834,1509,992,-1014,0,0,-1022,-476,996,-1094,68
2026-04-10,41,28960,A,33295,27258,3120,6606,0,22126,0,5,4878,1470,992,-1014,-1,0,-959,-694,978,-1094,-68
2026-04-10,42,28581,A,33169,26852,3285,6606,0,22126,0,7,4600,1467,992,-1014,-46,0,-957,-752,976,-1094,-218
2026-04-10,43,28026,A,32906,26300,3509,6606,0,22126,0,9,4453,1467,992,-1022,0,0,-815,-1142,996,-1094,-298
2026-04-10,44,26372,A,31357,24791,3732,6606,0,22126,0,9,4519,1460,987,-1015,0,0,-810,-1209,994,-1094,-348
2026-04-10,45,24941,A,30076,23542,3918,6606,0,22126,0,9,4608,965,814,-1013,-17,0,-860,-1424,875,-1094,-218
2026-04-10,46,23963,A,29179,22557,4104,6606,0,22126,0,10,4549,919,790,-1014,0,0,-862,-1451,849,-1094,-285
2026-04-10,47,22301,A,27934,21023,4289,6606,0,22126,0,81,4522,573,353,-1015,-68,0,-1016,-1452,231,-1094,-407
2026-04-10,48,21225,A,27240,20272,4473,6606,0,22126,0,255,4388,534,323,-1014,-168,0,-1022,-1452,196,-1094,-510
2026-04-11,1,20963,A,27066,19928,4613,6606,0,22126,0,322,4390,-1,319,-1016,-183,0,-1022,-1452,317,-1094,-513
2026-04-11,2,20510,A,26959,19363,4752,6606,0,22126,0,593,3908,-37,313,-1016,-282,63,-1022,-1453,322,-1092,-454
2026-04-11,3,20429,A,26951,19428,4839,6606,0,22126,0,966,4251,-15,102,-1014,-159,81,-1022,-1453,211,-1090,-303
2026-04-11,4,20697,A,27256,19785,4926,6606,0,22126,0,1252,4625,-14,90,-1015,-23,1,-1022,-1453,204,-1090,-190
2026-04-11,5,20277,A,29139,19334,4926,6606,0,22126,0,1190,4327,191,164,-1014,0,0,-1022,-1453,230,-1090,-213
2026-04-11,6,19508,A,27898,18543,4925,6606,0,22126,0,1044,4377,221,182,-1015,0,0,-1022,-1453,233,-1090,-178
2026-04-11,7,18872,A,27968,17952,4816,6606,0,22126,0,1292,4122,364,639,-1015,-40,-64,-1022,-1453,279,-1090,-36
2026-04-11,8,18623,A,27872,17737,4707,6606,0,22126,0,1304,4049,376,662,-1015,-42,-215,-1022,-1453,282,-1090,62
2026-04-11,9,18397,A,27760,17464,4638,6606,0,22126,0,1306,4207,456,375,-1014,16,-366,-1022,-1453,286,-1090,100
2026-04-11,10,18024,A,27486,17070,4569,6606,0,22126,0,1293,4143,462,359,-1014,112,-504,-1022,-1453,290,-1090,100
2026-04-11,11,18306,A,27597,17296,4411,6606,0,22126,0,1246,4033,443,479,-1015,23,-473,-1022,-1453,440,-1090,100
2026-04-11,12,18327,A,27625,17244,4252,6606,0,22126,0,1236,3811,449,492,-1014,0,-525,-1022,-1439,450,-1090,84
2026-04-11,13,19337,A,28095,18066,4133,6606,0,22126,0,1091,3271,812,626,-1015,-68,-530,-1020,-1262,501,-1090,100
2026-04-11,14,20005,A,28555,18572,4013,6606,17,22126,0,1020,3610,840,637,-1015,-96,-530,-1020,-1239,505,-1090,100
2026-04-11,15,20945,A,27361,19383,3874,6606,98,22126,0,931,3895,547,692,-1014,-94,-531,-1017,-1239,552,-1090,100
2026-04-11,16,22151,A,27879,20579,3734,6606,369,22126,0,396,4253,531,699,-1005,-3,-490,-1007,-1239,558,-1088,99
2026-04-11,17,24105,A,28471,22238,3708,6606,837,22126,0,325,3951,1101,821,-365,-77,-514,-348,-1239,655,-998,29
2026-04-11,18,24500,A,28767,22417,3682,6606,1476,22126,0,321,3846,1144,827,-321,-229,-417,-300,-1239,665,-940,62
2026-04-11,19,25246,A,28842,23034,3777,6606,2429,22126,0,967,4314,1024,745,775,-381,-507,411,-1239,769,144,-2
2026-04-11,20,24858,A,28795,22650,3872,6606,3617,22126,0,1234,4889,1014,742,972,-405,-530,451,-1239,776,233,-29
2026-04-11,21,24471,A,28648,22368,3962,6606,4580,22126,0,1203,4703,888,825,1002,-424,-531,464,-1239,780,-114,-166
2026-04-11,22,23672,A,28018,21778,4051,6606,5592,22126,0,1214,4848,874,816,1003,-408,-530,466,-1239,782,-139,-316
2026-04-11,23,22677,A,27077,20805,4177,6606,6938,22126,0,1116,4719,456,265,1003,-451,-462,335,-1239,854,-169,-463
2026-04-11,24,21913,A,26301,20061,4303,6606,8053,22126,0,1122,4470,424,229,1002,-452,-382,330,-1239,859,-179,-514
2026-04-11,25,20809,A,27584,19178,4449,6606,9056,22126,0,1043,4389,404,310,1004,-451,-505,535,-1239,840,-438,-513
2026-04-11,26,19579,A,26623,18139,4595,6606,10311,22126,0,1118,4296,398,315,1003,-451,-530,539,-1239,830,-456,-514
2026-04-11,27,18221,A,23074,16968,4725,6606,10232,22126,0,1104,4048,-58,302,1003,-452,-530,107,-1239,514,-456,-514
2026-04-11,28,17578,A,22454,16432,4854,6606,10773,22126,0,1092,4137,-89,299,1001,-452,-530,87,-1239,488,-460,-514
2026-04-11,29,16580,A,21852,15412,4932,6606,10485,22126,0,841,4000,-292,224,597,-451,-530,-296,-1239,271,-610,-513
2026-04-11,30,16067,A,21610,14845,5009,6606,9929,22126,0,1088,4004,-308,208,543,-452,-519,-314,-1239,254,-609,-514
2026-04-11,31,16094,A,21476,14954,5068,6606,9791,22126,0,642,4085,-571,-181,3,-452,-395,-778,-1239,85,-110,-514
2026-04-11,32,16799,A,21635,15636,5126,6606,8735,22126,0,287,4254,-584,-187,0,-406,-244,-798,-1239,83,-78,-513
2026-04-11,33,17618,A,22512,16500,5165,6606,6933,22126,0,11,4123,-87,557,-805,-429,-159,-994,-1239,388,-175,-495
2026-04-11,34,18987,A,23889,17834,5203,6606,6652,22126,0,7,4068,-9,618,-1015,-299,-265,-1001,-1239,423,-205,-362
2026-04-11,35,21408,A,26747,20107,5218,6606,5049,22126,0,2,3899,1206,950,-1014,-148,-167,-1021,-1239,925,-1038,-210
2026-04-11,36,23048,A,27995,21663,5233,6606,3851,22126,0,1,4139,1360,972,-1014,-6,-28,-1022,-1239,958,-1077,-60
2026-04-11,37,24752,A,29090,23393,5158,6606,2699,22126,0,1,4320,832,954,-1015,-21,-53,-1022,-1239,996,-442,-45
2026-04-11,38,26431,A,30777,25053,5082,6606,1504,22126,0,0,4380,789,951,-1014,0,-4,-1022,-1239,997,-399,-168
2026-04-11,39,27449,A,31794,26037,5071,6606,427,22126,0,0,4339,883,868,-1015,0,0,-1022,-1239,945,-439,-130
2026-04-11,40,27851,A,32201,26401,5059,6606,25,22126,0,0,4425,892,860,-1014,0,0,-1022,-1239,936,-432,-143
2026-04-11,41,28083,A,32194,26467,5136,6606,0,22126,0,0,4219,910,795,-1015,-52,0,-1022,-1239,744,-30,-253
2026-04-11,42,27689,A,31828,25988,5213,6606,0,22126,0,1,4045,910,783,-1015,-4,0,-1022,-1239,725,-12,-346
2026-04-11,43,26443,A,31020,24933,5276,6606,0,22126,0,1,4437,844,495,-1014,0,0,-1022,-1240,481,-379,-421
2026-04-11,44,25499,A,30070,23919,5339,6606,0,22126,0,3,4232,832,468,-1014,0,0,-1022,-1239,463,-409,-384
2026-04-11,45,23963,A,28705,22490,5347,6606,0,22126,0,8,4332,237,232,-1014,0,0,-1022,-1239,379,-643,-316
2026-04-11,46,22647,A,27366,21300,5355,6606,0,22126,0,8,4073,184,202,-1015,0,0,-1022,-1253,362,-670,-251
2026-04-11,47,21163,A,27168,19860,5357,6606,0,22126,0,71,4331,-302,-286,-1014,0,0,-1022,-1430,-39,-1067,-274
2026-04-11,48,20559,A,27101,19346,5358,6606,0,22126,0,450,4122,-356,-324,-1014,0,0,-1022,-1453,-79,-1095,-249
2026-04-12,1,20244,A,27130,19004,5316,6606,0,22126,0,218,3978,-276,-479,-1014,0,0,-1022,-1453,-558,-1091,-275
2026-04-12,2,20130,A,26778,18870,5273,6606,0,22126,0,69,4152,-268,-488,-1014,0,0,-1022,-1453,-581,-1091,-162
2026-04-12,3,19847,A,26076,18654,5208,6606,0,22126,0,71,4142,-195,-442,-1016,0,0,-1022,-1453,-315,-1094,-121
2026-04-12,4,20018,A,26133,18928,5143,6606,0,22126,0,71,4277,-194,-440,-1015,0,0,-1022,-1453,-303,-1095,-22
2026-04-12,5,19654,A,26537,18586,5089,6606,0,22126,0,310,4268,-514,-456,-1014,0,0,-1022,-1453,-491,-1095,-28
2026-04-12,6,18849,A,25826,17861,5034,6606,0,22126,0,354,4165,-538,-454,-1014,0,0,-1022,-1453,-502,-1095,-45
2026-04-12,7,18234,A,25055,17388,5083,6606,0,22126,0,349,4387,-565,-363,-1015,0,0,-1022,-1453,-459,-1095,62
2026-04-12,8,18015,A,24828,17125,5132,6606,0,22126,0,348,4214,-565,-356,-1015,0,0,-1022,-1453,-459,-1095,100
2026-04-12,9,17772,A,24550,16949,5127,6606,0,22126,0,351,4098,-430,-350,-1014,0,0,-1022,-1453,-564,-1094,100
2026-04-12,10,17307,A,24097,16548,5121,6606,0,22126,0,352,3941,-424,-354,-1014,0,0,-1022,-1453,-576,-1095,100
2026-04-12,11,17047,A,24398,16313,4994,6606,0,22126,0,294,3862,-727,-511,-1014,0,0,-1022,-1453,-735,-1095,100
2026-04-12,12,16953,A,24209,16162,4867,6606,0,22126,0,289,3576,-744,-520,-887,0,0,-1022,-1453,-746,-1095,100
2026-04-12,13,17562,A,23533,16661,4760,6606,3,22126,0,292,3488,-393,-444,-3,0,0,-1022,-1453,-770,-1094,99
2026-04-12,14,17934,A,23865,17086,4652,6606,291,22126,0,292,3991,-367,-436,0,0,0,-1022,-1453,-770,-1091,52
2026-04-12,15,18478,A,24635,17548,4542,6606,1189,22126,0,290,3852,-763,-320,0,0,0,-1022,-1453,-718,-1091,99
2026-04-12,16,18604,A,24979,17475,4431,6606,2352,22126,0,511,3794,-784,-307,0,0,0,-1022,-1453,-707,-1091,100
2026-04-12,17,19138,A,24643,17884,4481,6606,3712,22126,0,583,3829,-253,-110,0,0,0,-1022,-1453,-493,-1091,100
2026-04-12,18,18649,A,24144,17462,4530,6606,4843,22126,0,637,3952,-216,-97,0,0,0,-1021,-1453,-480,-1091,73
2026-04-12,19,18545,A,24381,17473,4569,6606,5976,22126,0,587,3766,-847,-120,114,0,0,-686,-1453,-504,-1091,-48
2026-04-12,20,18695,A,24345,17642,4608,6606,6852,22126,0,385,3940,-896,-129,124,0,0,-674,-1453,-505,-1091,-17
2026-04-12,21,18718,A,25299,17580,4578,6606,7041,22126,0,656,3702,-870,-392,732,0,0,-1008,-1453,-481,-1091,-130
2026-04-12,22,18578,A,25219,17396,4547,6606,8337,22126,0,688,3751,-868,-403,783,0,0,-1022,-1453,-473,-1091,-143
2026-04-12,23,19258,A,25456,18088,4538,6606,8409,22126,0,688,3890,-888,-144,771,0,0,-1021,-1453,-274,-1091,-139
2026-04-12,24,19012,A,25167,17914,4529,6606,8843,22126,0,632,4061,-880,-115,702,43,0,-1022,-1453,-253,-1091,-209
2026-04-12,25,19400,A,24478,18328,4446,6606,9056,22126,0,574,3856,-80,326,3,1,0,-1022,-1453,58,-1091,-358
2026-04-12,26,19230,A,24402,18226,4363,6606,9676,22126,0,680,3961,-40,357,0,0,0,-1021,-1453,76,-1091,-387
2026-04-12,27,18941,A,24013,17836,4318,6606,9212,22126,0,688,3722,174,401,0,0,0,-1022,-1453,35,-1091,-318
2026-04-12,28,18851,A,23884,17744,4272,6606,9669,22126,0,673,3940,212,394,0,0,0,-1021,-1452,46,-1091,-296
2026-04-12,29,18967,A,24193,17853,4151,6606,9165,22126,0,821,3783,655,66,0,-51,0,-1021,-1453,456,-1091,-289
2026-04-12,30,19287,A,24458,18113,4030,6606,9035,22126,0,832,3792,682,51,0,-77,0,-1022,-1453,483,-1089,-198
2026-04-12,31,19650,A,24911,18428,3858,6606,8892,22126,0,837,3802,177,344,0,-145,0,-1022,-1453,488,-1088,-216
2026-04-12,32,20057,A,25232,18832,3686,6606,7958,22126,0,812,4094,176,380,0,-109,0,-1021,-1453,503,-1088,-192
2026-04-12,33,21498,A,27394,20181,3551,6606,6731,22126,0,487,3820,1374,952,-805,-245,0,-1021,-1453,968,-1091,-294
2026-04-12,34,22647,A,28303,21262,3416,6606,6225,22126,0,112,4192,1498,991,-1015,-244,0,-1022,-1421,997,-1095,-247
2026-04-12,35,24210,A,29377,22720,3174,6606,5345,22126,0,12,4224,1508,992,-1014,-324,0,-937,-1027,997,-1088,-265
2026-04-12,36,25619,A,30566,23980,2931,6606,3524,22126,0,7,4064,1507,989,-1015,-265,0,-934,-948,997,-1087,-191
2026-04-12,37,26756,A,31069,25077,2738,6606,2411,22126,0,9,4068,1368,877,-988,-145,36,-930,-560,997,-1090,-91
2026-04-12,38,27271,A,31776,25612,2545,6606,1455,22126,0,10,3686,1359,872,-987,-251,-65,-924,-482,998,-1081,-205
2026-04-12,39,28320,A,31757,26640,2339,6606,614,22126,0,7,3410,1497,984,-762,-399,-214,-378,-104,997,-718,-355
2026-04-12,40,28432,A,32001,26810,2133,6606,73,22126,0,3,3333,1507,992,-749,-450,-358,-346,-27,997,-677,-459
2026-04-12,41,28937,A,31093,27270,2047,6606,0,22126,0,7,2912,1506,992,-267,-449,-361,241,348,997,-101,-471
2026-04-12,42,29051,A,31308,27176,1961,6606,0,22126,0,7,2718,1506,991,-243,-450,-487,270,423,997,-57,-513
2026-04-12,43,28412,A,30776,26497,1860,6606,0,22126,0,7,2828,1507,981,-365,-450,-528,154,797,997,58,-514
2026-04-12,44,27762,A,30130,25871,1758,6606,0,22126,0,7,2825,1507,980,-370,-450,-527,150,826,998,63,-514
2026-04-12,45,26263,A,28743,24473,1644,6606,0,22126,0,10,2778,1507,969,-376,-450,-527,162,602,997,-103,-514
2026-04-12,46,25142,A,27637,23425,1529,6606,0,22126,0,10,2846,1501,961,-376,-450,-528,162,544,989,-117,-514
2026-04-12,47,23819,A,26472,22151,1482,6606,0,22126,0,11,2935,1174,736,-366,-450,-473,-152,170,695,-187,-514
2026-04-12,48,22982,A,25644,21332,1435,6606,0,22126,0,12,2934,1152,727,-366,-400,-514,-164,119,681,-192,-514
2026-04-13,1,22764,A,25605,21005,1420,6606,0,22126,0,12,2683,1468,974,-595,-380,-424,-224,59,822,-192,-514
2026-04-13,2,22689,A,25450,20866,1404,6606,0,22126,0,12,2588,1493,991,-604,-380,-335,-225,81,836,-191,-514
2026-04-13,3,22842,A,25330,21035,1378,6606,0,22126,0,12,2805,1506,992,-592,-380,-324,129,453,988,-166,-514
2026-04-13,4,22845,A,25175,21243,1351,6606,0,22126,0,12,3014,1507,992,-591,-380,-173,143,529,998,-161,-513
2026-04-13,5,22831,A,24994,21171,1304,6606,0,22126,0,12,2735,1506,992,-599,-380,-144,325,903,997,-14,-514
2026-04-13,6,22142,A,24221,20479,1256,6606,0,22126,0,12,2633,1505,992,-599,-380,-69,331,968,997,-5,-514
2026-04-13,7,22158,A,24196,20411,1181,6606,0,22126,0,11,2514,1506,992,-431,-380,-82,327,1203,997,-120,-514
2026-04-13,8,21970,A,23955,20113,1106,6606,0,22126,0,13,2327,1506,992,-424,-380,-25,325,1219,997,-129,-514
2026-04-13,9,21887,A,24183,20031,1038,6606,0,22126,0,13,2481,1507,992,-628,-380,-59,24,1045,997,-202,-514
2026-04-13,10,21873,A,24141,19860,970,6606,0,22126,0,13,2256,1507,990,-637,-379,0,0,1047,995,-225,-514
2026-04-13,11,22252,A,26048,20138,920,6606,0,22126,0,9,2343,1460,935,-947,-318,0,-697,1342,909,-870,-455
2026-04-13,12,23186,A,27201,20937,869,6606,0,22126,0,5,2001,1457,931,-962,-402,0,-735,1380,902,-904,-507
2026-04-13,13,25207,A,28633,22835,816,6606,4,22126,0,3,1796,1418,936,-928,-330,0,-543,1396,847,-608,-514
2026-04-13,14,27067,A,30512,24483,762,6606,330,22126,0,3,1848,1406,929,-927,-312,-83,-536,1397,833,-570,-514
2026-04-13,15,28442,A,31399,25718,702,6606,1378,22126,0,2,1786,647,661,-636,-437,-235,-633,1397,500,94,-514
2026-04-13,16,28667,A,31721,25834,642,6606,2795,22126,0,2,1677,599,650,-606,-451,-346,-635,1397,489,140,-514
2026-04-13,17,29154,A,31789,26080,572,6606,4288,22126,0,5,1329,1290,888,-607,-452,-230,-327,1397,859,170,-514
2026-04-13,18,28213,A,30674,25102,502,6606,5836,22126,0,7,1090,1346,905,-597,-451,-77,-315,1397,885,175,-514
2026-04-13,19,28022,A,29858,24988,480,6606,7339,22126,0,7,1211,1106,949,-121,-452,0,-242,1397,960,264,-514
2026-04-13,20,27115,A,28943,24129,457,6606,8693,22126,0,12,1238,1080,950,-109,-452,0,-241,1397,954,270,-514
2026-04-13,21,25497,A,27732,22623,497,6606,9709,22126,0,12,1594,554,830,-106,-451,0,-653,1397,603,217,-513
2026-04-13,22,25118,A,27368,22357,536,6606,10396,22126,0,12,1799,513,822,-105,-452,0,-667,1397,587,211,-514
2026-04-13,23,25320,A,26990,22515,564,6606,10438,22126,0,12,1802,941,834,222,-451,0,-193,1397,776,134,-514
2026-04-13,24,25053,A,26697,22173,591,6606,10639,22126,0,12,1378,974,836,243,-452,0,-167,1397,787,127,-513
2026-04-13,25,25153,A,26474,22283,600,6606,10449,22126,0,11,1345,1002,888,463,-382,0,309,1397,752,66,-428
2026-04-13,26,24809,A,26022,21944,609,6606,10444,22126,0,6,1189,1007,892,471,-296,0,330,1397,750,55,-411
2026-04-13,27,24538,A,25861,21673,674,6606,10563,22126,0,6,1347,1267,941,363,-298,0,280,1397,783,-171,-348
2026-04-13,28,24497,A,25849,21716,738,6606,10374,22126,0,6,1533,1287,946,349,-294,0,265,1392,791,-192,-360
2026-04-13,29,23909,A,26082,21238,816,6606,10100,22126,0,6,1997,1494,989,-95,-211,0,-471,1325,986,-398,-492
2026-04-13,30,24167,A,26441,21475,893,6606,9128,22126,0,6,2001,1509,992,-104,-264,0,-513,1287,998,-400,-487
2026-04-13,31,24224,A,26310,21731,934,6606,7664,22126,0,6,2748,1509,992,-347,-344,0,-500,915,998,56,-389
2026-04-13,32,24726,A,26811,22410,974,6606,7440,22126,0,12,2800,1509,992,-370,-323,0,-499,880,998,85,-381
2026-04-13,33,25994,A,28309,23710,903,6606,6708,22126,0,10,2922,1508,992,-607,-438,-17,-323,1027,998,1,-420
2026-04-13,34,27084,A,29490,24644,832,6606,5421,22126,0,12,2897,1509,992,-617,-450,0,-317,1068,998,0,-510
2026-04-13,35,28121,A,30835,25544,781,6606,4714,22126,0,14,2470,1483,984,-693,-450,0,-543,1360,998,38,-514
2026-04-13,36,29469,A,32196,26884,730,6606,3632,22126,0,15,2535,1473,980,-696,-450,0,-552,1397,996,64,-514
2026-04-13,37,30715,A,33260,27779,703,6606,2348,22126,0,12,2452,977,833,-708,-450,0,-361,1397,961,774,-514
2026-04-13,38,31333,A,33854,28512,676,6606,1389,22126,0,8,2297,937,824,-708,-450,0,-341,1397,960,831,-514
2026-04-13,39,32648,A,34697,29714,663,6606,594,22126,0,7,1897,949,907,-578,-450,0,368,1397,949,1141,-514
2026-04-13,40,32793,A,34805,29626,649,6606,86,22126,0,6,1656,954,915,-541,-451,0,410,1397,950,1165,-514
2026-04-13,41,32880,A,34355,29813,658,6606,0,22126,0,7,1517,1355,969,-3,-451,0,864,1397,975,1232,-514
2026-04-13,42,32547,A,34020,29601,666,6606,0,22126,0,7,1344,1381,972,0,-452,0,884,1397,977,1237,-514
2026-04-13,43,31629,A,33101,28709,680,6606,0,22126,0,6,1338,1061,955,184,-452,0,601,1397,979,1243,-514
2026-04-13,44,30892,A,32364,28005,694,6606,0,22126,0,6,1336,1033,948,196,-452,0,587,1397,972,1236,-514
2026-04-13,45,28889,A,30663,26127,706,6606,0,22126,0,6,1275,950,739,-318,-452,0,143,1397,731,950,-498
2026-04-13,46,27014,A,28666,24342,718,6606,0,22126,0,7,891,946,716,-354,-422,0,124,1387,705,919,-369
2026-04-13,47,25418,A,27145,23113,744,6606,0,22126,0,7,1461,1260,441,-529,-336,0,160,1264,349,515,-355
2026-04-13,48,24934,A,26708,22664,769,6606,0,22126,0,7,1849,1285,423,-535,-242,0,162,1219,323,482,-490
2026-04-14,1,24475,A,26091,22112,755,6606,0,22126,0,7,2056,1288,456,-501,-94,0,-18,845,218,315,-496
2026-04-14,2,24162,A,25561,21801,740,6606,0,22126,0,7,2014,1288,463,-500,-1,0,-24,769,221,302,-367
2026-04-14,3,23945,A,25322,21617,734,6606,0,22126,0,7,1845,1291,675,-530,-36,0,67,396,564,243,-304
2026-04-14,4,24340,A,25566,22002,727,6606,0,22126,0,7,1685,1292,696,-531,0,0,70,328,589,237,-188
2026-04-14,5,24177,A,25451,21872,727,6606,0,22126,0,62,1316,1400,927,-473,0,0,38,68,706,194,-239
2026-04-14,6,23928,A,25093,21582,726,6606,0,22126,0,63,1024,1406,942,-471,0,0,37,33,716,183,-131
2026-04-14,7,22696,A,24281,20319,727,6606,0,22126,0,63,694,1332,907,-645,0,0,-162,-1,805,-96,-118
2026-04-14,8,22619,A,24142,20280,727,6606,0,22126,0,63,744,1325,896,-652,0,0,-170,8,803,-121,-17
2026-04-14,9,22470,A,24487,20162,741,6606,0,22126,0,55,995,1231,604,-826,0,0,-335,178,507,-301,26
2026-04-14,10,22595,A,24606,20288,754,6606,0,22126,0,3,980,1221,580,-832,0,0,-348,228,486,-328,35
2026-04-14,11,22338,A,25600,19994,761,6606,0,22126,0,12,1160,999,442,-952,0,0,-942,602,387,-856,100
2026-04-14,12,22950,A,26165,20574,768,6606,0,22126,0,15,1171,975,421,-841,27,0,-971,677,380,-888,100
2026-04-14,13,24754,A,26685,22314,821,6606,11,22126,0,8,1164,440,27,-3,72,0,-681,1050,370,-739,100
2026-04-14,14,26380,A,28280,23851,874,6606,377,22126,0,3,1242,404,20,0,29,0,-670,1112,372,-727,100
2026-04-14,15,28094,A,29864,25371,917,6606,1296,22126,0,7,1004,952,736,194,0,0,-595,1315,453,-668,30
2026-04-14,16,28619,A,30465,25731,959,6606,2370,22126,0,8,767,1005,790,209,-68,0,-562,1313,473,-641,-67
2026-04-14,17,29558,A,30499,26422,958,6606,3444,22126,0,8,193,1470,979,418,-220,0,397,961,966,141,-213
2026-04-14,18,29210,A,30414,26080,956,6606,4856,22126,0,13,266,1506,992,450,-333,0,463,888,997,210,-358
2026-04-14,19,28879,A,30222,25739,975,6606,6243,22126,0,13,399,1505,992,858,-340,0,727,515,998,739,-490
2026-04-14,20,27701,A,29007,24563,993,6606,7094,22126,0,10,546,1505,992,857,-283,0,737,439,998,780,-513
2026-04-14,21,26519,A,27789,23559,1152,6606,7808,22126,0,7,868,1506,992,998,-249,0,490,65,998,960,-514
2026-04-14,22,25780,A,27054,22904,1310,6606,8488,22126,0,7,1254,1504,992,1003,-254,0,480,17,997,967,-513
2026-04-14,23,24985,A,26337,22211,1489,6606,8814,22126,0,7,1653,1505,992,1003,-329,0,387,-2,997,762,-514
2026-04-14,24,24803,A,26160,22125,1668,6606,8808,22126,0,7,2351,1505,992,1003,-331,0,383,-5,998,751,-514
2026-04-14,25,25029,A,26468,22416,1877,6606,8669,22126,0,89,2635,1506,992,955,-331,0,335,-5,998,931,-514
2026-04-14,26,24741,A,26261,22216,2086,6606,8574,22126,0,165,2685,1505,992,953,-331,0,333,-11,998,943,-513
2026-04-14,27,24858,A,26470,22437,2218,6606,7681,22126,0,170,2879,1505,992,953,-331,0,287,-98,998,903,-513
2026-04-14,28,25030,A,26685,22756,2349,6606,6912,22126,0,172,2920,1505,992,953,-331,0,285,-138,998,875,-514
2026-04-14,29,24936,A,27099,22698,2395,6606,5927,22126,0,276,3117,1505,992,930,-331,0,222,-517,997,-26,-513
2026-04-14,30,25157,A,27459,22969,2440,6606,5535,22126,0,276,3075,1505,992,921,-331,0,219,-576,997,-105,-514
2026-04-14,31,25467,A,28276,23256,2449,6606,5094,22126,0,24,3278,1507,992,322,-331,0,-16,-714,997,-710,-514
2026-04-14,32,26623,A,29513,24375,2458,6606,4027,22126,0,5,3214,1506,992,288,-374,0,-25,-713,997,-760,-513
2026-04-14,33,27384,A,30544,25098,2396,6606,3398,22126,0,60,3192,1507,992,105,-451,0,-78,-487,998,-1070,-514
2026-04-14,34,28696,A,31945,26338,2333,6606,2746,22126,0,161,2957,1507,992,102,-452,0,-101,-429,998,-1092,-514
2026-04-14,35,30027,A,33759,27384,2310,6606,1954,22126,0,159,2780,1509,992,2,-451,0,-966,-51,998,-1091,-514
2026-04-14,36,31297,A,35040,28563,2287,6606,1266,22126,0,160,2935,1508,990,0,-451,0,-1021,-5,996,-1092,-514
2026-04-14,37,32331,A,35928,29629,2323,6606,693,22126,0,15,3094,1369,919,0,-451,0,-1021,-5,910,-1091,-514
2026-04-14,38,32338,A,35947,29713,2358,6606,292,22126,0,3,2939,1358,913,0,-452,0,-1022,-26,903,-1092,-514
2026-04-14,39,32503,A,37068,30033,2386,6606,75,22126,0,2,3171,1328,861,-805,-451,0,-902,-299,855,-1092,-514
2026-04-14,40,32355,A,37113,29910,2413,6606,4,22126,0,10,3088,1313,847,-1013,-390,0,-898,-341,843,-1092,-514
2026-04-14,41,31585,A,36766,29148,2553,6606,0,22126,0,157,3004,589,461,-1014,-441,0,-1018,-445,525,-1092,-514
2026-04-14,42,31176,A,36383,28654,2693,6606,0,22126,0,159,2942,526,423,-1014,-421,0,-1022,-487,502,-1091,-513
2026-04-14,43,30162,A,35695,27698,2753,6606,0,22126,0,162,3230,291,52,-1014,-355,0,-1022,-874,420,-1092,-514
2026-04-14,44,28487,A,34195,26175,2813,6606,0,22126,0,169,3454,280,30,-1015,-445,0,-1022,-952,411,-1092,-513
2026-04-14,45,26903,A,32990,24729,2799,6606,0,22126,0,168,3662,726,132,-1014,-432,0,-1022,-1345,293,-1092,-514
2026-04-14,46,25242,A,31238,23167,2784,6606,0,22126,0,169,3863,766,141,-1014,-301,0,-1022,-1398,292,-1092,-500
2026-04-14,47,23539,A,29478,21496,2783,6606,0,22126,0,167,3791,1085,197,-1013,-278,0,-1022,-1445,537,-1092,-422
2026-04-14,48,22677,A,28540,20759,2782,6606,0,22126,0,174,3839,1104,194,-1014,-302,0,-1022,-1451,545,-1092,-308
2026-04-15,1,22258,A,28206,20296,2821,6606,0,22126,0,282,3714,628,-45,-1015,-302,0,-1022,-1452,297,-1092,-238
2026-04-15,2,22289,A,28201,20342,2860,6606,0,22126,0,283,3668,589,-60,-1015,-288,0,-1022,-1452,285,-1092,-200
2026-04-15,3,22043,A,27902,20149,2918,6606,0,22126,0,285,3780,587,-7,-1014,-286,0,-1022,-1453,387,-1092,-200
2026-04-15,4,21932,A,28067,20179,2976,6606,0,22126,0,554,3869,588,0,-1015,-299,0,-1022,-1453,396,-1092,-200
2026-04-15,5,21665,A,27870,20025,3006,6606,0,22126,0,581,3862,702,109,-1015,-303,0,-1022,-1453,482,-1092,-239
2026-04-15,6,21039,A,27477,19441,3035,6606,0,22126,0,804,3632,706,111,-1015,-302,0,-1022,-1453,488,-1092,-250
2026-04-15,7,20590,A,27207,19054,3045,6606,0,22126,0,870,3830,377,-73,-1015,-302,0,-1022,-1453,481,-1092,-290
2026-04-15,8,20247,A,26888,18765,3054,6606,0,22126,0,872,3746,350,-85,-1015,-302,0,-1022,-1453,475,-1092,-300
2026-04-15,9,19847,A,26560,18463,3058,6606,0,22126,0,865,3762,317,-103,-1015,-302,0,-1022,-1453,297,-1092,-361
2026-04-15,10,19796,A,26537,18380,3062,6606,0,22126,0,851,3818,315,-105,-1016,-302,0,-1022,-1453,283,-1092,-400
2026-04-15,11,20193,A,26379,18844,3122,6606,0,22126,0,277,3925,263,-125,-1015,-302,0,-1022,-1453,161,-1092,-400
2026-04-15,12,20688,A,26761,19342,3182,6606,0,22126,0,167,4092,266,-123,-1013,-302,0,-1022,-1453,157,-1092,-401
2026-04-15,13,22597,A,28577,21087,3256,6606,1,22126,0,166,4062,764,-20,-1014,-318,0,-1022,-1453,315,-1092,-395
2026-04-15,14,24096,A,30261,22549,3330,6606,88,22126,0,161,4206,799,-16,-1015,-430,0,-1022,-1427,329,-1091,-503
2026-04-15,15,25994,A,31889,24374,3450,6606,435,22126,0,158,4454,433,-158,-1014,-452,0,-971,-1103,460,-1025,-514
2026-04-15,16,27214,A,32814,25433,3569,6606,835,22126,0,127,4392,424,-134,-890,-452,0,-916,-1073,483,-995,-513
2026-04-15,17,29177,A,31996,27152,3622,6606,1389,22126,0,28,4161,1414,866,-3,-452,0,275,-1221,964,-102,-513
2026-04-15,18,28851,A,31767,26820,3675,6606,1883,22126,0,165,4231,1506,942,0,-452,0,379,-1239,995,-46,-514
2026-04-15,19,29094,A,32093,26838,3757,6606,2798,22126,0,159,3684,1504,988,587,-452,0,903,-1239,996,-135,-514
2026-04-15,20,28050,A,31089,25849,3839,6606,3433,22126,0,169,3968,1504,992,694,-452,0,928,-1239,997,-165,-514
2026-04-15,21,27115,A,31291,24852,3922,6606,4127,22126,0,436,4151,1504,992,630,-452,0,975,-1239,997,-1035,-514
2026-04-15,22,26515,A,30914,24213,4005,6606,5218,22126,0,605,4231,1503,992,628,-452,0,977,-1239,996,-1090,-513
2026-04-15,23,26113,A,30096,23891,4131,6606,5919,22126,0,326,4129,1503,992,727,-452,0,1015,-1239,997,-953,-513
2026-04-15,24,25495,A,29842,23419,4256,6606,5174,22126,0,697,4040,1503,992,730,-452,0,1016,-1239,997,-945,-514
2026-04-15,25,25722,A,29857,23791,4260,6606,5753,22126,0,514,4001,1503,992,601,-452,0,1016,-1239,996,-985,-445
2026-04-15,26,25786,A,30035,23777,4264,6606,5948,22126,0,751,3753,1500,991,558,-451,0,981,-1239,996,-991,-317
2026-04-15,27,25605,A,30223,23609,4311,6606,5697,22126,0,775,4150,1199,976,-377,-361,0,-37,-1239,998,-1029,-300
2026-04-15,28,25421,A,29644,23473,4357,6606,5649,22126,0,308,4081,1177,976,-430,-308,0,-112,-1239,998,-1033,-293
2026-04-15,29,25460,A,30193,23353,4391,6606,4750,22126,0,378,3878,1438,991,-903,-166,0,-285,-1239,997,-1086,-176
2026-04-15,30,25813,A,30529,23633,4424,6606,4900,22126,0,502,3695,1457,992,-926,-120,0,-293,-1253,997,-1089,-33
2026-04-15,31,25590,A,30782,23595,4399,6606,4324,22126,0,545,4417,1505,992,-1011,-15,0,-667,-1429,997,-1025,63
2026-04-15,32,25904,A,30890,24075,4374,6606,4200,22126,0,318,4680,1509,992,-1014,14,0,-682,-1451,998,-1021,71
2026-04-15,33,25849,A,30328,24047,4290,6606,3683,22126,0,26,4470,1508,992,-996,3,0,-421,-1451,997,-1085,0
2026-04-15,34,26773,A,31302,24860,4205,6606,3660,22126,0,10,4442,1508,992,-997,-60,0,-417,-1452,997,-1093,0
2026-04-15,35,26895,A,31939,24926,4203,6606,3570,22126,0,10,4481,1509,992,-1014,1,0,-963,-1452,997,-1093,-12
2026-04-15,36,27996,A,33227,26031,4200,6606,2693,22126,0,5,4182,1509,991,-1014,-38,0,-988,-1452,997,-1093,-141
2026-04-15,37,28160,A,33528,26027,4107,6606,2202,22126,0,9,3863,1509,949,-1015,0,0,-1021,-1453,970,-1093,-277
2026-04-15,38,28860,A,34247,26605,4014,6606,1381,22126,0,7,3909,1508,946,-1014,0,0,-1022,-1450,968,-1093,-301
2026-04-15,39,29831,A,35182,27581,3883,6606,492,22126,0,2,4212,1444,931,-1016,0,0,-1022,-1418,949,-1093,-300
2026-04-15,40,29837,A,35151,27453,3751,6606,116,22126,0,2,3874,1438,920,-1014,0,0,-1022,-1383,947,-1093,-300
2026-04-15,41,29711,A,34631,27449,3712,6606,0,22126,0,2,3912,1319,555,-1014,0,0,-1022,-989,939,-1093,-300
2026-04-15,42,29451,A,34325,27182,3673,6606,0,22126,0,2,3670,1314,542,-1015,0,0,-1022,-942,940,-1093,-300
2026-04-15,43,29071,A,34042,26906,3694,6606,0,22126,0,2,3731,1494,963,-1014,-72,0,-1022,-974,994,-1093,-294
2026-04-15,44,27566,A,32481,25469,3714,6606,0,22126,0,11,3725,1509,982,-1015,-85,0,-1022,-1009,990,-1093,-180
2026-04-15,45,26036,A,31116,24156,3711,6606,0,22126,0,9,3977,1446,627,-1014,-1,0,-1022,-1402,730,-1093,-39
2026-04-15,46,24495,A,29599,22646,3708,6606,0,22126,0,15,3798,1400,592,-1015,0,0,-1022,-1452,697,-1100,35
2026-04-15,47,22599,A,28142,21011,3761,6606,0,22126,0,276,4264,194,185,-964,0,0,-1020,-1452,173,-1331,72
2026-04-15,48,21800,A,27378,20339,3814,6606,0,22126,0,296,3918,76,155,-962,0,0,-1020,-1453,138,-1347,116
2026-04-16,1,21428,A,27058,19949,3885,6606,0,22126,0,299,3577,-45,104,-965,0,0,-1022,-1452,17,-1347,62
2026-04-16,2,21364,A,27235,19721,3955,6606,0,22126,0,530,3655,-51,103,-965,24,0,-1022,-1453,16,-1350,174
2026-04-16,3,21084,A,27403,19508,3972,6606,0,22126,0,736,3701,-157,182,-1009,12,0,-1022,-1453,251,-1442,177
2026-04-16,4,21174,A,27505,19724,3989,6606,0,22126,0,744,4168,-152,194,-1011,96,0,-1022,-1453,259,-1449,83
2026-04-16,5,20933,A,27301,19609,4037,6606,0,22126,0,922,4128,526,409,-1013,11,0,-1022,-1453,24,-1448,-10
2026-04-16,6,20179,A,26685,18971,4084,6606,0,22126,0,943,4055,602,428,-1015,0,0,-1022,-1453,15,-1449,-124
2026-04-16,7,20130,A,26592,18888,3990,6606,0,22126,0,846,3877,688,614,-995,0,0,-1022,-1453,209,-1449,-197
2026-04-16,8,19829,A,26325,18618,3895,6606,0,22126,0,927,3794,694,622,-994,0,0,-1022,-1453,217,-1448,-152
2026-04-16,9,19367,A,26002,18047,3820,6606,0,22126,0,874,3553,628,464,-1014,-65,0,-1022,-1453,29,-1448,-259
2026-04-16,10,19276,A,25727,18063,3744,6606,0,22126,0,566,3818,610,438,-1015,-38,0,-1022,-1453,6,-1449,-408
2026-04-16,11,19555,A,26111,18544,3615,6606,0,22126,0,73,4103,-96,-94,-1013,0,0,-1022,-1453,-378,-1448,-479
2026-04-16,12,20182,A,27163,19015,3485,6606,0,22126,0,381,3795,-174,-124,-1014,-15,0,-1022,-1422,-392,-1449,-488
2026-04-16,13,22066,A,28260,20758,3300,6606,16,22126,0,580,3819,87,107,-1014,-144,0,-1022,-1027,-89,-1449,-369
2026-04-16,14,23535,A,29574,22173,3115,6606,328,22126,0,370,3546,123,129,-1013,-296,0,-1021,-948,-52,-1445,-394
2026-04-16,15,25720,A,30517,24267,2932,6606,1018,22126,0,123,3181,546,353,-696,-431,0,-673,-560,556,-1308,-506
2026-04-16,16,26620,A,31206,24914,2749,6606,2062,22126,0,15,3329,592,384,-629,-452,0,-649,-537,605,-1290,-514
2026-04-16,17,27390,A,30672,25525,2813,6606,3118,22126,0,14,3387,1435,953,572,-452,0,4,-856,974,-946,-514
2026-04-16,18,26642,A,29962,24653,2877,6606,4410,22126,0,18,3417,1507,992,678,-451,0,39,-926,997,-911,-514
2026-04-16,19,26113,A,29623,23987,2937,6606,5276,22126,0,272,3316,1506,992,895,-452,0,320,-1319,997,-454,-513
2026-04-16,20,25154,A,28836,23227,2997,6606,6383,22126,0,415,3631,1506,992,903,-451,0,331,-1374,997,-428,-514
2026-04-16,21,24095,A,28445,22291,2965,6606,7531,22126,0,779,3738,1506,992,999,-451,0,487,-1443,997,-663,-514
2026-04-16,22,23533,A,28027,21779,2932,6606,7975,22126,0,920,3767,1505,992,1003,-452,0,480,-1453,997,-655,-514
2026-04-16,23,23347,A,27617,21760,2853,6606,8101,22126,0,1110,3625,1507,992,1003,-452,0,-241,-1453,997,213,-514
2026-04-16,24,22891,A,27206,21310,2773,6606,8479,22126,0,1124,3499,1507,991,1003,-451,0,-280,-1453,998,289,-507
2026-04-16,25,22675,A,26615,21216,2683,6606,8961,22126,0,1051,3357,1507,991,1003,-452,0,-10,-1453,997,934,-474
2026-04-16,26,22490,A,26433,21002,2593,6606,9654,22126,0,1115,3142,1506,991,1003,-451,0,13,-1453,997,990,-424
2026-04-16,27,22424,A,26346,20853,2549,6606,9238,22126,0,1106,2961,1504,991,1003,-451,0,706,-1453,997,1378,-412
2026-04-16,28,22342,A,26292,20660,2505,6606,9050,22126,0,1115,2753,1504,991,1003,-451,0,743,-1453,997,1396,-431
2026-04-16,29,22026,A,25664,20425,2477,6606,8901,22126,0,989,2901,1504,991,893,-375,0,930,-1452,997,1063,-322
2026-04-16,30,21946,A,25528,20285,2448,6606,7774,22126,0,1053,3025,1503,991,885,-294,0,937,-1452,997,1000,-283
2026-04-16,31,22106,A,25234,20310,2376,6606,6994,22126,0,613,3255,1504,991,683,-297,0,994,-1452,997,-29,-237
2026-04-16,32,23451,A,26419,21722,2304,6606,6014,22126,0,345,3422,1503,992,674,-200,0,996,-1427,997,-132,-364
2026-04-16,33,24583,A,28053,22719,2214,6606,5008,22126,0,370,3452,1503,991,335,-252,0,996,-1104,996,-925,-319
2026-04-16,34,26552,A,29911,24570,2123,6606,4188,22126,0,11,3421,1503,991,318,-400,0,986,-1060,996,-980,-408
2026-04-16,35,27886,A,31389,25851,2070,6606,3242,22126,0,12,3496,1505,991,105,-451,0,352,-1013,997,-1083,-444
2026-04-16,36,29344,A,32782,27164,2017,6606,2594,22126,0,12,3541,1505,991,102,-429,0,317,-977,997,-1080,-440
2026-04-16,37,30280,A,33144,28109,1927,6606,1713,22126,0,11,3792,1507,992,-363,-301,0,-77,-591,997,-643,-378
2026-04-16,38,30645,A,33396,28292,1837,6606,949,22126,0,10,3547,1501,992,-410,-281,0,-93,-514,997,-634,-309
2026-04-16,39,31570,A,34959,29252,1759,6606,394,22126,0,1,3655,1148,982,-865,-144,0,-125,-149,987,-1400,-205
2026-04-16,40,31474,A,34829,29223,1680,6606,52,22126,0,3,3252,1119,979,-887,-8,0,-130,-97,981,-1450,-280
2026-04-16,41,31046,A,34916,28941,1689,6606,0,22126,0,3,3298,1246,840,-1010,0,0,-629,-15,816,-1403,-310
2026-04-16,42,30389,A,34239,28117,1697,6606,0,22126,0,3,3083,1254,833,-1014,-6,0,-652,-5,807,-1400,-270
2026-04-16,43,29601,A,33300,27435,1757,6606,0,22126,0,8,3447,1178,927,-972,-61,0,-584,-5,846,-1400,-169
2026-04-16,44,28522,A,32049,26428,1816,6606,0,22126,0,9,3453,1172,931,-972,55,0,-581,-34,846,-1401,-30
2026-04-16,45,27149,A,31166,25176,1898,6606,0,22126,0,9,3846,1213,862,-825,148,0,-827,-412,750,-1444,47
2026-04-16,46,25824,A,29844,23918,1979,6606,0,22126,0,9,4011,1216,852,-820,150,0,-837,-430,740,-1424,100
2026-04-16,47,24076,A,26729,22347,2060,6606,0,22126,0,9,4026,1320,682,-787,150,0,-723,-68,627,-566,100
2026-04-16,48,23033,A,25589,21574,2141,6606,0,22126,0,9,3898,1329,678,-785,150,0,-719,-33,628,-510,100
2026-04-17,1,23044,A,25873,21464,2166,6606,0,22126,0,8,3680,1488,947,-834,150,0,-851,-163,922,-473,100
2026-04-17,2,22832,A,25687,21220,2190,6606,0,22126,0,6,3911,1501,966,-836,150,0,-856,-186,941,-471,100
2026-04-17,3,22726,A,25524,21210,2301,6606,0,22126,0,5,4133,1508,957,-765,150,0,-731,-259,932,-538,97
2026-04-17,4,22622,A,25459,21227,2412,6606,0,22126,0,5,4169,1509,955,-762,150,0,-726,-287,932,-557,100
2026-04-17,5,22066,A,25514,20779,2489,6606,0,22126,0,5,4161,1493,906,-761,150,0,-571,-528,957,-1083,100
2026-04-17,6,21422,A,24973,20189,2566,6606,0,22126,0,8,4207,1491,900,-761,150,0,-568,-588,954,-1126,100
2026-04-17,7,20445,A,25344,19329,2642,6606,0,22126,0,9,3989,1389,812,-1000,150,0,-984,-975,769,-1431,100
2026-04-17,8,20059,A,25081,19035,2718,6606,0,22126,0,8,4024,1374,799,-1009,150,0,-1001,-1051,751,-1453,100
2026-04-17,9,19400,A,24801,18683,2794,6606,0,22126,0,7,4557,876,529,-1014,150,0,-1021,-1406,580,-1453,100
2026-04-17,10,19416,A,24863,18646,2869,6606,0,22126,0,7,4778,829,504,-1013,150,0,-1022,-1451,562,-1454,100
2026-04-17,11,19875,A,25322,18884,2960,6606,0,22126,0,6,4758,477,268,-1014,150,0,-1022,-1452,309,-1453,100
2026-04-17,12,20309,A,25743,19186,3051,6606,0,22126,0,6,4712,453,261,-1015,150,0,-1022,-1443,294,-1448,100
2026-04-17,13,21844,A,27164,20673,3098,6606,12,22126,0,6,4623,1036,589,-1014,150,0,-1022,-1331,349,-1447,100
2026-04-17,14,23104,A,28339,21801,3144,6606,260,22126,0,6,4748,1084,620,-1015,143,0,-1015,-1287,368,-1412,100
2026-04-17,15,25705,A,28772,24266,3226,6606,807,22126,0,6,4414,1479,956,-778,47,0,-432,-894,886,-457,99
2026-04-17,16,26598,A,29504,25004,3308,6606,1327,22126,0,6,4346,1509,980,-768,-53,0,-401,-815,921,-363,21
2026-04-17,17,27994,A,29547,26048,3378,6606,2078,22126,0,12,3779,1507,990,-525,-7,0,18,-430,993,316,-79
2026-04-17,18,27863,A,29329,26006,3447,6606,2779,22126,0,13,3970,1508,991,-489,0,0,50,-408,998,367,-56
2026-04-17,19,27787,A,29027,25825,3518,6606,3464,22126,0,11,3966,1505,991,407,0,0,780,-729,997,537,52
2026-04-17,20,27145,A,28711,25235,3589,6606,3915,22126,0,266,4356,1505,991,466,10,0,821,-800,997,564,100
2026-04-17,21,26373,A,28823,24521,3637,6606,4607,22126,0,760,4300,1506,992,978,0,0,633,-1190,998,1131,100
2026-04-17,22,25590,A,28272,23848,3685,6606,5230,22126,0,943,4668,1506,991,1003,9,0,627,-1239,998,1176,100
2026-04-17,23,24992,A,27727,23296,3728,6606,6052,22126,0,962,4881,1504,992,1003,-34,0,979,-1239,998,1380,100
2026-04-17,24,24919,A,27616,23310,3771,6606,6297,22126,0,958,5095,1504,991,1002,0,0,993,-1239,997,1394,100
2026-04-17,25,24620,A,27312,23015,3805,6606,6386,22126,0,953,4926,1504,991,1003,0,0,915,-1239,998,1398,100
2026-04-17,26,24582,A,27271,22992,3838,6606,6448,22126,0,950,4760,1504,991,1003,0,0,885,-1239,997,1395,100
2026-04-17,27,24267,A,26982,22776,3880,6606,6146,22126,0,937,4640,1507,991,1001,68,0,-39,-1239,998,1300,100
2026-04-17,28,24351,A,27132,22828,3922,6606,5362,22126,0,939,4561,1507,991,989,147,0,-103,-1239,998,1269,100
2026-04-17,29,23793,A,26934,22427,3984,6606,5249,22126,0,936,4493,1508,992,282,150,0,-466,-1239,997,402,100
2026-04-17,30,23719,A,26874,22357,4046,6606,5275,22126,0,935,4446,1508,992,236,150,0,-481,-1239,998,327,100
2026-04-17,31,23160,A,26666,21791,4001,6606,5081,22126,0,801,4368,1508,992,-475,150,0,-399,-1239,997,-92,100
2026-04-17,32,23470,A,26944,22071,3956,6606,4617,22126,0,632,4326,1508,992,-548,150,0,-396,-1253,997,-145,100
2026-04-17,33,23528,A,28029,22118,3941,6606,4608,22126,0,213,4226,1508,992,-865,127,0,-506,-1429,997,-988,100
2026-04-17,34,24380,A,28754,22866,3925,6606,4716,22126,0,9,3883,1508,992,-879,99,0,-512,-1420,998,-1054,100
2026-04-17,35,25185,A,30105,23618,3775,6606,3999,22126,0,12,3937,1509,991,-1067,106,0,-903,-1027,998,-1411,100
2026-04-17,36,26204,A,31088,24644,3625,6606,3047,22126,0,8,3948,1509,991,-1074,130,0,-919,-947,997,-1436,72
2026-04-17,37,26980,A,31610,25438,3415,6606,2212,22126,0,4,3700,1509,992,-1074,13,0,-1018,-560,997,-1445,-29
2026-04-17,38,27245,A,31996,25683,3204,6606,1431,22126,0,5,3479,1509,992,-1075,-68,0,-1022,-483,998,-1446,-152
2026-04-17,39,27558,A,32226,25960,3054,6606,672,22126,0,5,3280,1282,992,-1074,-219,0,-1021,-103,998,-1447,-299
2026-04-17,40,27955,A,32723,26143,2903,6606,141,22126,0,3,3354,1269,987,-1074,-300,0,-1016,-53,992,-1441,-381
2026-04-17,41,28228,A,32153,26292,2831,6606,0,22126,0,4,3165,1435,807,-917,-431,0,-453,-10,802,-1172,-438
2026-04-17,42,28227,A,32158,26175,2758,6606,0,22126,0,4,3129,1448,799,-902,-452,0,-426,-5,792,-1129,-513
2026-04-17,43,28571,A,31002,26568,2714,6606,0,22126,0,5,3123,1494,943,-259,-452,0,-448,-5,843,-248,-514
2026-04-17,44,27355,A,29728,25476,2670,6606,0,22126,0,5,3208,1494,949,-233,-451,0,-449,-27,846,-195,-513
2026-04-17,45,25934,A,29750,24028,2613,6606,0,22126,0,5,3242,1318,788,-898,-451,0,-656,-313,812,-480,-513
2026-04-17,46,24851,A,28821,22986,2555,6606,0,22126,0,6,3216,1305,781,-937,-451,0,-664,-378,814,-520,-514
2026-04-17,47,23412,A,28601,21695,2493,6606,0,22126,0,4,3419,1451,930,-854,-406,0,-917,-758,934,-1236,-514
2026-04-17,48,22523,A,27788,21027,2431,6606,0,22126,0,47,3156,1462,942,-851,-351,0,-923,-801,943,-1278,-514
2026-04-18,1,22185,A,26701,20679,2371,6606,0,22126,0,160,2951,1506,987,-762,-351,0,-442,-744,993,-1044,-513
2026-04-18,2,21956,A,26428,20412,2311,6606,0,22126,0,165,3086,1509,991,-759,-351,0,-421,-735,997,-1027,-514
2026-04-18,3,22055,A,26129,20378,2292,6606,0,22126,0,164,3098,1508,991,-713,-351,0,-174,-704,997,-954,-514
2026-04-18,4,22276,A,26335,20607,2273,6606,0,22126,0,163,3049,1508,991,-711,-351,0,-165,-704,997,-951,-514
2026-04-18,5,21599,A,25885,20098,2275,6606,0,22126,0,165,3134,1508,991,-817,-351,0,-140,-756,997,-1043,-514
2026-04-18,6,20882,A,25209,19571,2276,6606,0,22126,0,164,3325,1508,991,-821,-351,0,-139,-785,997,-1054,-513
2026-04-18,7,20669,A,25470,19375,2257,6606,0,22126,0,159,3309,1507,991,-913,-351,0,-70,-1081,997,-1214,-513
2026-04-18,8,19917,A,24773,18646,2238,6606,0,22126,0,163,3072,1508,991,-918,-351,0,-68,-1114,997,-1228,-514
2026-04-18,9,19577,A,24664,18368,2198,6606,0,22126,0,160,3053,1508,991,-1070,-351,0,-110,-1062,997,-1321,-513
2026-04-18,10,19390,A,24482,18179,2157,6606,0,22126,0,163,3285,1509,991,-1076,-351,0,-113,-1047,997,-1329,-513
2026-04-18,11,19380,A,24788,18140,2108,6606,0,22126,0,168,3270,1509,991,-1069,-351,0,-493,-938,997,-1375,-514
2026-04-18,12,19347,A,24733,18103,2058,6606,0,22126,0,173,3249,1509,991,-1068,-351,0,-508,-894,997,-1378,-514
2026-04-18,13,20237,A,25004,18926,2053,6606,39,22126,0,173,3083,1509,991,-902,-351,0,-503,-507,997,-1317,-514
2026-04-18,14,20704,A,25367,19291,2047,6606,513,22126,0,174,3138,1509,991,-896,-351,0,-503,-429,996,-1296,-514
2026-04-18,15,21487,A,25357,20008,1983,6606,1572,22126,0,173,2982,1509,990,-627,-351,0,-801,-52,997,-852,-514
2026-04-18,16,21383,A,25143,19884,1918,6606,2858,22126,0,170,2734,1510,991,-616,-397,0,-813,-31,997,-719,-514
2026-04-18,17,21568,A,24711,19952,1983,6606,4152,22126,0,173,2661,1509,990,-364,-452,0,-788,-353,998,763,-513
2026-04-18,18,20746,A,24005,19154,2048,6606,5487,22126,0,246,3163,1509,966,-343,-452,0,-787,-418,998,941,-513
2026-04-18,19,20299,A,23895,18591,2072,6606,6848,22126,0,486,3418,1508,59,811,-452,0,-915,-730,998,1370,-513
2026-04-18,20,19473,A,23534,17705,2095,6606,7982,22126,0,876,3730,1508,-1,1028,-452,0,-918,-800,998,1399,-514
2026-04-18,21,18784,A,23060,17047,2134,6606,9143,22126,0,1105,3815,1507,-1,577,-452,0,-515,-1190,998,1399,-513
2026-04-18,22,18433,A,22708,16717,2173,6606,9315,22126,0,1071,3645,1508,-1,523,-452,0,-499,-1239,998,1393,-513
2026-04-18,23,17649,A,22097,15967,2178,6606,10241,22126,0,958,3874,1508,-2,3,-452,0,-783,-1239,998,1161,-514
2026-04-18,24,17430,A,21853,15796,2183,6606,10617,22126,0,920,4002,1508,-4,0,-452,0,-794,-1239,998,1143,-514
2026-04-18,25,17528,A,21734,15914,2308,6606,10799,22126,0,926,4410,1507,-4,417,-452,0,-571,-1239,997,1089,-514
2026-04-18,26,17502,A,21719,15991,2432,6606,11052,22126,0,944,4707,1508,-4,471,-452,0,-564,-1239,998,1083,-514
2026-04-18,27,17266,A,21820,15845,2509,6606,11111,22126,0,948,4689,1508,-4,376,-451,0,-899,-1239,998,966,-513
2026-04-18,28,16835,A,21398,15354,2585,6606,10759,22126,0,947,4546,1508,21,373,-451,0,-912,-1239,997,949,-514
2026-04-18,29,16777,A,21285,15256,2636,6606,10620,22126,0,942,4669,1507,929,192,-451,0,-863,-1239,997,591,-513
2026-04-18,30,16650,A,21157,15157,2687,6606,10242,22126,0,942,4502,1508,991,177,-451,0,-861,-1239,997,556,-514
2026-04-18,31,16700,A,21738,15524,2700,6606,9417,22126,0,798,5215,1508,991,-520,-451,0,-1016,-1239,997,249,-514
2026-04-18,32,17348,A,22038,16133,2713,6606,8501,22126,0,382,4981,1507,991,-605,-451,0,-1021,-1218,997,208,-513
2026-04-18,33,18537,A,23342,17247,2708,6606,7541,22126,0,17,5084,1507,991,-822,-451,0,-1021,-955,997,-526,-513
2026-04-18,34,19892,A,24670,18534,2702,6606,6386,22126,0,12,5005,1507,991,-827,-425,0,-1018,-892,996,-590,-514
2026-04-18,35,21582,A,25390,20144,2645,6606,5405,22126,0,10,4956,1507,991,-313,-302,0,-570,-506,997,-1113,-494
2026-04-18,36,23083,A,26788,21523,2587,6606,4005,22126,0,11,4585,1507,991,-289,-321,0,-551,-429,997,-1147,-457
2026-04-18,37,24749,A,28362,22991,2442,6606,2858,22126,0,14,4427,1507,992,-689,-441,0,-383,-52,997,-1095,-439
2026-04-18,38,25983,A,29527,24155,2297,6606,1874,22126,0,8,4198,1507,992,-708,-451,0,-376,26,997,-1081,-420
2026-04-18,39,26776,A,29989,24886,2136,6606,894,22126,0,8,3821,1507,992,-929,-452,0,-114,399,997,-710,-500
2026-04-18,40,27345,A,30407,25467,1974,6606,178,22126,0,10,3617,1507,992,-826,-451,0,-102,475,997,-668,-505
2026-04-18,41,28021,A,29534,25989,1933,6606,1,22126,0,10,3072,1507,992,186,-451,0,298,849,997,-46,-506
2026-04-18,42,28014,A,29483,25897,1892,6606,0,22126,0,11,3002,1507,992,203,-452,0,315,895,997,2,-506
2026-04-18,43,27348,A,28817,25158,1884,6606,0,22126,0,12,2546,1507,992,379,-451,0,580,891,997,205,-506
2026-04-18,44,26474,A,27947,24281,1876,6606,0,22126,0,15,2538,1506,992,386,-452,0,591,862,998,219,-506
2026-04-18,45,25466,A,26934,23390,1820,6606,0,22126,0,10,2437,1506,992,388,-452,0,590,490,998,122,-506
2026-04-18,46,24370,A,25834,22279,1763,6606,0,22126,0,7,2544,1506,992,375,-451,0,588,414,998,105,-506
2026-04-18,47,22752,A,24604,20795,1707,6606,0,22126,0,7,2727,1507,992,-133,-452,0,212,42,998,-254,-506
2026-04-18,48,22295,A,24185,20411,1650,6606,0,22126,0,7,2648,1507,992,-144,-452,0,197,-5,998,-276,-506
2026-04-19,1,21634,A,23485,19736,1596,6606,0,22126,0,7,2395,1507,992,-229,-451,0,199,-6,997,-152,-506
2026-04-19,2,21457,A,23277,19584,1542,6606,0,22126,0,7,2382,1507,992,-232,-428,0,199,-5,998,-142,-506
2026-04-19,3,21287,A,23016,19427,1525,6606,0,22126,0,9,2084,1507,992,-230,-379,0,288,-5,998,-100,-506
2026-04-19,4,21467,A,23195,19572,1508,6606,0,22126,0,12,2228,1507,992,-230,-381,0,291,-5,997,-94,-506
2026-04-19,5,21277,A,22791,19374,1483,6606,0,22126,0,12,2136,1507,992,-106,-381,0,489,-5,997,-4,-506
2026-04-19,6,20737,A,22246,18827,1458,6606,0,22126,0,12,2067,1508,992,-104,-381,0,496,-6,997,0,-506
2026-04-19,7,20403,A,21866,18589,1402,6606,0,22126,0,12,2018,1507,992,-2,-381,0,541,-14,998,-48,-506
2026-04-19,8,20091,A,21571,18324,1345,6606,0,22126,0,12,1969,1507,992,0,-381,0,543,-25,998,-56,-506
2026-04-19,9,19788,A,21579,18003,1292,6606,0,22126,0,12,2067,1507,992,-99,-381,0,580,-156,997,-137,-506
2026-04-19,10,19394,A,21184,17625,1239,6606,0,22126,0,11,2013,1508,992,-104,-381,0,581,-162,998,-126,-506
2026-04-19,11,19376,A,20798,17601,1233,6606,0,22126,0,13,1816,1507,992,359,-381,0,380,-22,998,458,-506
2026-04-19,12,19363,A,20768,17529,1226,6606,0,22126,0,13,1968,1507,992,404,-381,0,372,-5,998,515,-506
2026-04-19,13,20222,A,21627,18319,1180,6606,75,22126,0,13,1966,1507,992,754,-381,0,452,-5,998,1093,-506
2026-04-19,14,20200,A,21614,18223,1133,6606,739,22126,0,13,1807,1507,992,769,-395,0,455,20,998,1140,-506
2026-04-19,15,20644,A,22129,18674,1046,6606,1950,22126,0,27,1665,1507,992,1038,-452,0,277,331,998,1406,-506
2026-04-19,16,20439,A,22304,18396,958,6606,3378,22126,0,407,1803,1507,992,1050,-452,0,281,345,998,1425,-506
2026-04-19,17,20343,A,21914,18222,885,6606,4881,22126,0,113,1350,1507,992,1067,-452,0,939,35,997,1425,-506
2026-04-19,18,19636,A,21357,17527,812,6606,6450,22126,0,228,1180,1507,992,1069,-452,0,974,-35,998,1425,-506
2026-04-19,19,19005,A,21169,16871,830,6606,8030,22126,0,295,1225,1507,992,1059,-451,0,1015,-412,997,1427,-506
2026-04-19,20,18600,A,20648,16549,848,6606,9573,22126,0,119,1306,1507,991,1065,-451,0,1017,-472,997,1428,-506
2026-04-19,21,17323,A,20060,15158,825,6606,10694,22126,0,641,1060,1507,991,1066,-452,0,1016,-638,998,1429,-506
2026-04-19,22,17433,A,20188,15304,802,6606,11618,22126,0,664,1086,1507,991,1057,-452,0,1016,-634,997,1426,-505
2026-04-19,23,17851,A,20296,15652,762,6606,11916,22126,0,660,1052,1506,991,1065,-451,0,1016,-328,997,1425,-506
2026-04-19,24,17163,A,19559,14919,722,6606,11901,22126,0,667,944,1505,992,1066,-452,0,1016,-271,996,1425,-506
2026-04-19,25,18103,A,20255,15865,697,6606,12075,22126,0,661,1038,1505,992,1065,-451,0,1016,-34,996,1425,-506
2026-04-19,26,18462,A,20531,16239,672,6606,11640,22126,0,607,1250,1505,992,1067,-451,0,1016,-5,996,1410,-506
2026-04-19,27,18559,A,20311,16418,670,6606,11101,22126,0,291,1347,1506,992,935,-452,0,783,-4,997,876,-505
2026-04-19,28,18400,A,20179,16255,668,6606,10747,22126,0,321,1364,1506,992,925,-452,0,774,5,997,839,-506
2026-04-19,29,18779,A,20244,16701,639,6606,9745,22126,0,8,1298,1505,992,880,-451,0,799,119,997,839,-506
2026-04-19,30,19065,A,20531,16969,610,6606,9124,22126,0,9,1284,1504,992,878,-451,0,800,163,997,841,-506
2026-04-19,31,19645,A,21113,17461,624,6606,8869,22126,0,10,1381,1504,991,1056,-452,0,989,536,997,935,-506
2026-04-19,32,20853,A,22320,18771,637,6606,8096,22126,0,10,1475,1504,991,1057,-451,0,996,612,997,954,-506
2026-04-19,33,22457,A,23926,20231,625,6606,6821,22126,0,11,1573,1504,992,1059,-452,0,996,985,997,1394,-506
2026-04-19,34,23908,A,25375,21551,612,6606,5987,22126,0,10,1379,1505,992,1057,-451,0,996,1055,997,1425,-506
2026-04-19,35,25744,A,27212,23180,594,6606,4891,22126,0,10,1060,1505,992,1042,-452,0,986,1359,997,1418,-506
2026-04-19,36,27240,A,28709,24642,576,6606,3803,22126,0,11,1145,1505,992,1035,-452,0,980,1397,997,1418,-506
2026-04-19,37,27974,A,29440,25332,574,6606,2587,22126,0,9,1298,1505,991,1057,-451,0,465,1397,997,1418,-506
2026-04-19,38,28202,A,29668,25475,571,6606,1664,22126,0,8,1056,1506,992,1057,-452,0,441,1397,997,1418,-506
2026-04-19,39,28940,A,30406,26278,561,6606,757,22126,0,8,1287,1505,992,750,-452,0,652,1397,997,1421,-506
2026-04-19,40,29513,A,30975,26876,550,6606,162,22126,0,4,1404,1505,992,736,-452,0,660,1397,997,1422,-506
2026-04-19,41,29260,A,30725,26624,543,6606,2,22126,0,7,1162,1505,992,911,-452,0,623,1397,997,1425,-506
2026-04-19,42,29281,A,30744,26659,536,6606,0,22126,0,6,1166,1505,991,917,-451,0,622,1397,997,1425,-506
2026-04-19,43,28792,A,30252,26234,540,6606,0,22126,0,2,704,1504,991,1052,-452,0,944,1397,997,1425,-506
2026-04-19,44,27716,A,29180,25186,544,6606,0,22126,0,6,671,1505,992,1057,-452,0,956,1397,997,1425,-506
2026-04-19,45,26273,A,27740,23899,523,6606,0,22126,0,10,522,1506,992,736,-451,0,668,1397,997,1425,-506
2026-04-19,46,25035,A,26503,22777,502,6606,0,22126,0,11,604,1505,992,724,-451,0,653,1383,997,1422,-506
2026-04-19,47,23676,A,25123,21531,491,6606,0,22126,0,13,551,1507,992,1025,-428,0,151,1206,998,1282,-506
2026-04-19,48,22950,A,24346,20863,479,6606,0,22126,0,12,695,1506,992,1037,-378,0,128,1180,998,1271,-506
2026-04-20,1,22966,A,24362,20832,453,6606,0,22126,0,9,637,1506,991,877,-381,0,365,1135,998,1281,-506
2026-04-20,2,22786,A,24327,20601,426,6606,0,22126,0,154,426,1506,991,871,-381,0,374,1138,997,1284,-506
2026-04-20,3,22543,A,24105,20435,418,6606,0,22126,0,175,362,1506,991,722,-381,0,407,1248,997,1326,-506
2026-04-20,4,22762,A,24319,20705,410,6606,0,22126,0,170,231,1506,991,716,-381,0,408,1259,998,1330,-506
2026-04-20,5,22682,A,24242,20647,414,6606,0,22126,0,173,175,1505,991,804,-381,0,415,1224,998,1350,-506
2026-04-20,6,22268,A,23826,20237,417,6606,0,22126,0,171,167,1506,991,807,-381,0,415,1192,998,1343,-506
2026-04-20,7,21729,A,23141,19730,425,6606,0,22126,0,25,455,1506,991,694,-381,0,388,818,998,1015,-506
2026-04-20,8,21394,A,22798,19458,432,6606,0,22126,0,17,550,1506,991,685,-381,0,388,743,998,977,-506
2026-04-20,9,21200,A,22602,19285,438,6606,0,22126,0,15,821,1506,991,172,-381,0,653,371,998,441,-506
2026-04-20,10,21153,A,22562,19276,443,6606,0,22126,0,22,816,1505,991,145,-381,0,652,336,997,397,-506
2026-04-20,11,21670,A,23432,19742,435,6606,0,22126,0,46,962,1508,991,-315,-376,0,-19,480,998,203,-506
2026-04-20,12,22458,A,24308,20442,426,6606,0,22126,0,15,986,1508,991,-350,-419,0,-60,527,998,192,-506
2026-04-20,13,24476,A,26871,22298,429,6606,74,22126,0,13,965,989,991,-360,-452,0,-564,901,998,306,-506
2026-04-20,14,25841,A,28239,23499,431,6606,646,22126,0,8,1128,498,991,-350,-452,0,-582,976,999,335,-506
2026-04-20,15,27538,A,29057,24984,410,6606,1650,22126,0,7,818,37,991,324,-452,0,-54,1350,1000,1100,-506
2026-04-20,16,27980,A,29459,25282,388,6606,2869,22126,0,10,587,-1,991,375,-451,0,-11,1397,1000,1159,-506
2026-04-20,17,28141,A,29611,25255,366,6606,4163,22126,0,11,-149,-1,991,1025,-452,0,785,1397,999,1407,-506
2026-04-20,18,27246,A,28717,24296,344,6606,5782,22126,0,12,-414,-1,991,1057,-452,0,832,1397,999,1425,-506
2026-04-20,19,26485,A,27953,23497,343,6606,7331,22126,0,9,-485,-1,991,1059,-452,0,1010,1397,999,1425,-506
2026-04-20,20,25230,A,26697,22269,342,6606,8901,22126,0,8,-803,-1,991,1061,-452,0,1016,1397,1000,1425,-506
2026-04-20,21,24126,A,25592,21224,340,6606,9940,22126,0,8,-817,-1,991,1057,-451,0,1016,1397,999,1425,-506
2026-04-20,22,23199,A,24666,20319,337,6606,10829,22126,0,8,-874,-1,991,1058,-452,0,1016,1397,1000,1425,-506
2026-04-20,23,22949,A,24416,20032,345,6606,11516,22126,0,8,-985,-1,991,1061,-452,0,1016,1397,1000,1425,-506
2026-04-20,24,23034,A,24500,20138,352,6606,11363,22126,0,8,-1104,-1,991,1058,-451,0,1016,1397,1000,1425,-506
2026-04-20,25,23178,A,24644,20350,377,6606,10906,22126,0,8,-852,0,991,636,-452,0,1016,1397,1000,1425,-506
2026-04-20,26,23444,A,24910,20655,402,6606,9977,22126,0,8,-763,3,991,619,-452,0,1016,1397,1000,1425,-506
2026-04-20,27,23774,A,25241,21004,436,6606,9840,22126,0,10,-826,450,991,1041,-451,0,1016,1397,999,1424,-506
2026-04-20,28,23840,A,25308,21079,470,6606,9435,22126,0,10,-787,491,991,1061,-452,0,1016,1397,999,1425,-506
2026-04-20,29,23891,A,25358,21180,520,6606,8905,22126,0,10,-775,491,991,958,-451,0,997,1397,999,1424,-506
2026-04-20,30,24225,A,25692,21505,569,6606,8079,22126,0,10,-735,491,991,955,-451,0,996,1368,1000,1424,-506
2026-04-20,31,24090,A,25558,21436,626,6606,7263,22126,0,10,-594,491,991,1053,-452,0,996,994,1000,1425,-506
2026-04-20,32,24894,A,26361,22206,683,6606,6719,22126,0,9,-197,491,991,1057,-452,0,996,963,1000,1424,-506
2026-04-20,33,25990,A,27456,23298,726,6606,6249,22126,0,8,54,491,992,1042,-452,0,892,1167,1000,1424,-506
2026-04-20,34,26965,A,28431,24184,769,6606,5480,22126,0,8,235,491,991,1038,-452,0,884,1206,999,1424,-506
2026-04-20,35,28166,A,29633,25327,826,6606,4717,22126,0,9,523,492,991,613,-452,0,430,1376,999,1401,-506
2026-04-20,36,29343,A,30811,26439,883,6606,3688,22126,0,11,701,491,991,592,-451,0,410,1397,999,1388,-506
2026-04-20,37,29662,A,31129,26845,944,6606,2705,22126,0,9,1312,491,991,178,-452,0,173,1397,999,1049,-506
2026-04-20,38,30851,A,32314,27987,1005,6606,1796,22126,0,5,1500,491,991,160,-452,0,165,1397,999,1025,-506
2026-04-20,39,31183,A,32644,28321,1034,6606,830,22126,0,4,1136,492,991,469,-451,0,426,1397,999,1022,-506
2026-04-20,40,31339,A,32800,28522,1063,6606,184,22126,0,4,1063,491,992,484,-451,0,437,1386,1000,1019,-506
2026-04-20,41,31107,A,32569,28430,1057,6606,3,22126,0,5,1176,491,991,834,-451,0,749,1244,999,1085,-506
2026-04-20,42,30933,A,32394,28295,1051,6606,0,22126,0,3,1332,491,992,849,-452,0,761,1197,999,1091,-506
2026-04-20,43,30023,A,31486,27426,1098,6606,0,22126,0,6,1362,491,992,1018,-451,0,819,824,999,1069,-506
2026-04-20,44,28914,A,30379,26359,1144,6606,0,22126,0,7,1348,491,992,1024,-452,0,821,748,999,1060,-506
2026-04-20,45,27290,A,28754,24799,1207,6606,0,22126,0,7,1365,491,991,983,-451,0,687,375,999,805,-506
2026-04-20,46,25461,A,26925,23104,1270,6606,0,22126,0,7,1858,491,991,982,-451,0,683,336,999,778,-506
2026-04-20,47,24473,A,25936,22264,1284,6606,0,22126,0,6,2207,491,991,815,-451,0,985,434,998,445,-506
2026-04-20,48,23761,A,25195,21627,1298,6606,0,22126,0,6,2348,491,992,810,-422,0,997,417,999,409,-506
2026-04-21,1,23037,A,24400,20915,1306,6606,0,22126,0,6,2557,491,992,673,-351,0,950,43,998,61,-506
2026-04-21,2,23232,A,24610,21112,1313,6606,0,22126,0,4,2547,491,992,668,-348,0,948,-20,999,35,-506
2026-04-21,3,23071,A,24603,21017,1367,6606,0,22126,0,4,2531,491,992,786,-312,0,755,-210,998,0,-506
2026-04-21,4,23336,A,24910,21383,1421,6606,0,22126,0,4,2348,491,992,788,-312,0,748,-251,999,-1,-506
2026-04-21,5,22453,A,24355,20472,1445,6606,0,22126,0,4,2283,491,992,383,-312,0,841,-462,999,-118,-506
2026-04-21,6,22064,A,24069,20254,1468,6606,0,22126,0,31,2566,491,992,365,-312,0,845,-518,1000,-138,-506
2026-04-21,7,21638,A,24598,19990,1474,6606,0,22126,0,227,2632,491,992,215,-312,0,900,-904,999,-511,-506
2026-04-21,8,21099,A,24375,19544,1479,6606,0,22126,0,522,2644,491,992,207,-289,0,902,-928,999,-556,-481
2026-04-21,9,20710,A,24152,19142,1458,6606,0,22126,0,265,2509,491,992,-101,-173,0,795,-615,998,-1275,-513
2026-04-21,10,20378,A,24091,18810,1437,6606,0,22126,0,691,2481,491,992,-109,-78,0,760,-545,998,-1323,-467
2026-04-21,11,20560,A,24383,18998,1461,6606,0,22126,0,645,2472,492,992,-689,0,0,-205,-166,998,-1296,-322
2026-04-21,12,21323,A,25013,19631,1485,6606,0,22126,0,431,2602,491,991,-755,0,0,-274,-90,998,-1283,-357
2026-04-21,13,23556,A,26763,21655,1513,6606,74,22126,0,56,2464,492,991,-478,-25,0,-672,287,998,-985,-491
2026-04-21,14,24959,A,28149,23053,1541,6606,491,22126,0,10,2685,487,991,-448,-163,0,-684,362,998,-888,-497
2026-04-21,15,27302,A,28829,25185,1615,6606,1404,22126,0,13,2262,35,991,349,-315,0,-186,735,999,455,-513
2026-04-21,16,27991,A,29553,25728,1688,6606,2443,22126,0,16,1989,-2,991,399,-399,0,-131,752,999,593,-514
2026-04-21,17,27982,A,29512,25505,1765,6606,3764,22126,0,62,1298,-3,991,998,-451,0,852,380,999,693,-514
2026-04-21,18,27012,A,28493,24635,1842,6606,4935,22126,0,14,1228,-3,991,1029,-451,0,922,318,1000,700,-513
2026-04-21,19,26140,A,27670,23737,2089,6606,6045,22126,0,61,1397,-3,991,1067,-452,0,1013,129,1000,700,-514
2026-04-21,20,25181,A,26866,22577,2336,6606,7105,22126,0,222,1423,-3,991,1066,-446,0,1016,82,1000,700,-514
2026-04-21,21,24191,A,26467,21620,2467,6606,8516,22126,0,691,1917,-3,991,1061,-352,0,1016,-217,1000,700,-513
2026-04-21,22,23388,A,26006,20883,2597,6606,9850,22126,0,1052,1897,-3,991,1062,-292,0,1016,-284,1000,700,-487
2026-04-21,23,22027,A,25180,19531,2745,6606,10992,22126,0,1193,1520,437,991,1062,-423,0,1016,-665,999,700,-372
2026-04-21,24,21124,A,24266,18731,2892,6606,11884,22126,0,1268,1586,491,992,1063,-427,0,1016,-727,999,700,-220
2026-04-21,25,20980,A,24089,18604,2972,6606,12424,22126,0,1306,1590,491,991,1062,-293,0,1016,-904,1000,700,-106
2026-04-21,26,20406,A,23505,17999,3051,6606,12861,22126,0,1325,1454,491,991,1061,-236,0,1016,-938,1000,700,-100
2026-04-21,27,19596,A,22678,17214,3087,6606,12772,22126,0,1317,904,491,991,1062,-92,0,1016,-1073,1000,700,-100
2026-04-21,28,19468,A,22529,17110,3122,6606,12528,22126,0,1314,696,491,991,1061,-47,0,1016,-1100,999,700,-100
2026-04-21,29,19204,A,22332,16956,3108,6606,12197,22126,0,1303,355,491,991,1061,-1,0,997,-1224,1000,700,-100
2026-04-21,30,18777,A,21928,16440,3093,6606,11680,22126,0,1312,347,491,991,1061,0,0,991,-1239,1000,665,-100
2026-04-21,31,18309,A,21705,16127,3110,6606,10950,22126,0,1293,726,491,991,1052,-6,0,449,-1239,1000,-320,-38
2026-04-21,32,19052,A,22531,17111,3127,6606,9876,22126,0,1279,1024,491,990,1042,-60,0,423,-1219,999,-421,8
2026-04-21,33,20193,A,23717,18335,3121,6606,8844,22126,0,901,2876,491,991,379,68,0,136,-955,999,-1168,25
2026-04-21,34,21741,A,24910,19574,3114,6606,7805,22126,0,558,3037,491,991,337,72,0,125,-892,998,-1219,150
2026-04-21,35,23499,A,25755,21144,3070,6606,6428,22126,0,7,3321,491,991,427,0,0,385,-506,999,-1243,87
2026-04-21,36,24728,A,26941,22274,3026,6606,4997,22126,0,15,3319,491,991,431,0,0,395,-428,998,-1252,-18
2026-04-21,37,26522,A,28628,24141,2892,6606,3679,22126,0,5,3291,491,991,256,-55,0,526,-52,998,-1435,-59
2026-04-21,38,27679,A,29826,25306,2758,6606,2400,22126,0,5,3708,491,992,246,-11,0,531,26,998,-1448,-183
2026-04-21,39,28677,A,31019,26330,2633,6606,1192,22126,0,4,3703,491,991,-96,0,0,670,399,998,-1448,-294
2026-04-21,40,29736,A,32246,27391,2507,6606,276,22126,0,4,3677,486,992,-104,-28,0,675,449,999,-1432,-442
2026-04-21,41,30047,A,32093,27540,2527,6606,6,22126,0,4,3350,35,992,528,-163,0,761,489,998,-865,-514
2026-04-21,42,30365,A,32331,27812,2547,6606,0,22126,0,5,3283,29,992,617,-130,0,764,472,999,-817,-514
2026-04-21,43,29543,A,31166,26925,2565,6606,0,22126,0,9,2921,952,992,476,-159,0,869,191,999,-483,-472
2026-04-21,44,27886,A,29404,25410,2582,6606,0,22126,0,7,2320,1003,992,471,-223,0,873,126,998,-463,-325
2026-04-21,45,27172,A,28773,24868,2588,6606,0,22126,0,7,2692,1003,992,347,-81,0,796,-251,998,-580,-182
2026-04-21,46,25458,A,26889,23236,2594,6606,0,22126,0,12,2553,1003,992,333,10,0,793,-279,998,-603,-37
2026-04-21,47,24231,A,26038,22030,2553,6606,0,22126,0,11,2415,1003,992,-137,2,0,990,-35,998,-1124,62
2026-04-21,48,23074,A,24905,20890,2512,6606,0,22126,0,12,2332,1002,992,-153,47,0,997,-5,997,-1161,100
2026-04-22,1,22692,A,25066,20510,2469,6606,0,22126,0,11,2111,988,992,-657,42,0,959,-5,998,-1201,100
2026-04-22,2,22290,A,24691,20200,2425,6606,0,22126,0,9,2117,987,992,-682,92,0,958,-5,998,-1205,100
2026-04-22,3,22248,A,24481,20144,2408,6606,0,22126,0,9,2002,988,991,-554,116,0,922,-5,998,-1165,100
2026-04-22,4,22183,A,24413,20122,2390,6606,0,22126,0,9,2131,987,992,-549,150,0,921,-5,998,-1167,100
2026-04-22,5,22060,A,24345,20023,2356,6606,0,22126,0,9,2076,964,992,-386,100,0,822,-5,998,-1385,100
2026-04-22,6,21516,A,23812,19434,2321,6606,0,22126,0,9,1803,963,992,-381,121,0,819,-5,998,-1401,100
2026-04-22,7,21228,A,23840,19194,2268,6606,0,22126,0,9,1753,962,992,-658,108,0,732,-5,998,-1440,100
2026-04-22,8,21009,A,23632,18929,2214,6606,0,22126,0,9,1699,963,992,-670,116,0,728,0,998,-1444,100
2026-04-22,9,20567,A,23366,18571,2171,6606,0,22126,0,9,1694,963,992,-844,150,0,394,44,998,-1446,100
2026-04-22,10,20459,A,23266,18474,2127,6606,0,22126,0,9,1733,963,992,-851,150,0,372,79,997,-1447,100
2026-04-22,11,20646,A,23914,18638,2136,6606,0,22126,0,7,1841,1001,991,-1054,150,0,-260,451,998,-1447,100
2026-04-22,12,21500,A,24801,19381,2145,6606,0,22126,0,1,1996,1004,991,-1061,139,0,-298,527,998,-1441,100
2026-04-22,13,23459,A,26713,21285,2147,6606,122,22126,0,1,2082,1005,992,-719,116,0,-843,901,998,-1191,100
2026-04-22,14,24895,A,27881,22596,2148,6606,763,22126,0,3,1668,1005,992,-650,11,0,-848,976,998,-985,73
2026-04-22,15,27180,A,27763,24653,2144,6606,1839,22126,0,3,1875,1004,992,168,-57,0,6,1350,998,825,-23
2026-04-22,16,27227,A,27997,24541,2140,6606,3205,22126,0,3,2123,1004,992,199,-119,0,70,1397,998,1101,-148
2026-04-22,17,26751,A,27597,23960,2180,6606,4763,22126,0,2,1634,1003,992,978,-83,0,710,1397,998,1392,-261
2026-04-22,18,25352,A,26160,22552,2219,6606,6344,22126,0,10,1262,999,992,1027,-142,0,744,1397,998,1410,-156
2026-04-22,19,24012,A,24680,21290,2303,6606,7922,22126,0,121,1228,555,992,951,-24,0,663,1397,999,1199,-23
2026-04-22,20,22563,A,24024,19787,2387,6606,9387,22126,0,961,1068,517,992,947,0,0,660,1369,988,1183,0
2026-04-22,21,20868,A,22684,18234,2388,6606,10855,22126,0,1312,857,431,991,988,0,0,624,1010,634,1129,-4
2026-04-22,22,19784,A,21608,17129,2389,6606,12072,22126,0,1324,558,424,988,990,37,0,623,936,617,1109,37
2026-04-22,23,18745,A,20608,16118,2444,6606,13142,22126,0,1318,278,528,854,1058,-42,0,577,562,770,578,-3
2026-04-22,24,18272,A,20282,15544,2498,6606,14057,22126,0,1321,-110,537,849,1061,-189,0,576,486,786,546,68
2026-04-22,25,18240,A,20396,15508,2553,6606,14575,22126,0,1327,-564,673,983,1059,-329,0,858,114,986,817,133
2026-04-22,26,18065,A,20286,15406,2608,6606,14770,22126,0,1322,-885,684,992,1054,-399,0,869,56,999,829,49
2026-04-22,27,17694,A,20020,15105,2688,6606,14748,22126,0,1253,-1016,583,992,1037,-426,0,917,-92,999,552,-55
2026-04-22,28,17078,A,19379,14509,2767,6606,14512,22126,0,1255,-887,570,980,1035,-415,0,918,-101,992,532,-30
2026-04-22,29,16708,A,18885,14354,2925,6606,13854,22126,0,1250,-166,-16,548,1014,-296,0,578,22,768,532,-115
2026-04-22,30,16713,A,18869,14503,3083,6606,12974,22126,0,1220,-129,-62,521,1008,-350,0,564,21,750,512,-24
2026-04-22,31,16669,A,18712,14623,3038,6606,11934,22126,0,964,441,56,610,466,-233,0,574,-198,624,-139,-9
2026-04-22,32,17750,A,19758,15761,2992,6606,10748,22126,0,1054,1165,68,621,438,-81,0,574,-195,624,-178,50
2026-04-22,33,19429,A,20870,17382,3000,6606,9346,22126,0,941,1515,192,785,352,14,0,481,181,903,101,63
2026-04-22,34,21003,A,22007,18782,3008,6606,7750,22126,0,404,1448,213,801,349,-37,0,483,257,922,125,-63
2026-04-22,35,23579,A,24313,21196,2847,6606,6242,22126,0,177,1307,938,980,513,0,0,973,630,994,290,-57
2026-04-22,36,25257,A,25878,22853,2686,6606,4874,22126,0,19,1696,1002,992,492,0,0,996,706,997,311,-102
2026-04-22,37,26935,A,28049,24509,2580,6606,3401,22126,0,12,2005,978,992,-337,-24,0,852,1078,997,674,-241
2026-04-22,38,28182,A,29260,25741,2474,6606,2099,22126,0,2,2222,975,992,-384,0,0,847,1143,997,690,-192
2026-04-22,39,28866,A,30571,26484,2371,6606,968,22126,0,4,2247,897,992,-968,0,0,974,1368,996,331,-233
2026-04-22,40,29479,A,31104,27079,2268,6606,199,22126,0,8,2491,891,992,-873,-25,0,979,1397,997,340,-219
2026-04-22,41,30333,A,31311,27818,2292,6606,4,22126,0,11,2281,993,992,820,-148,0,996,1397,997,1295,-319
2026-04-22,42,30154,A,31236,27591,2316,6606,0,22126,0,10,2204,1001,992,1046,-115,0,997,1397,996,1371,-457
2026-04-22,43,29558,A,30672,26993,2289,6606,0,22126,0,10,1782,1001,992,816,-225,0,997,1397,996,1421,-379
2026-04-22,44,28681,A,29655,26124,2261,6606,0,22126,0,6,1684,1001,992,806,-167,0,997,1397,996,1414,-301
2026-04-22,45,26806,A,27831,24323,2175,6606,0,22126,0,18,869,1001,992,592,-207,0,997,1397,996,982,-300
2026-04-22,46,25378,A,26310,23052,2088,6606,0,22126,0,14,840,1002,992,547,-118,0,997,1391,998,949,-300
2026-04-22,47,24204,A,25089,21999,2040,6606,0,22126,0,6,901,1001,992,-128,-19,0,997,1308,997,912,-232
2026-04-22,48,23341,A,24105,21209,1992,6606,0,22126,0,5,596,1001,992,-138,0,0,997,1303,997,911,-121
2026-04-23,1,23064,A,23684,20871,1915,6606,0,22126,0,5,433,1002,992,132,68,0,997,1362,997,987,-115
2026-04-23,2,22776,A,23365,20610,1838,6606,0,22126,0,5,426,1001,992,143,150,0,997,1371,997,996,-84
2026-04-23,3,22790,A,23393,20693,1762,6606,0,22126,0,5,520,1002,992,-97,150,0,997,1394,997,1132,-1
2026-04-23,4,22801,A,23410,20748,1686,6606,0,22126,0,5,512,1002,992,-104,150,0,997,1397,997,1141,0
2026-04-23,5,22513,A,23214,20439,1579,6606,0,22126,0,5,463,1002,992,-196,150,0,997,1397,997,1088,0
2026-04-23,6,21868,A,22576,19738,1471,6606,0,22126,0,5,504,1002,992,-203,150,0,997,1397,997,1083,0
2026-04-23,7,21575,A,22698,19509,1418,6606,0,22126,0,5,618,1002,992,-618,150,0,997,1397,997,1026,0
2026-04-23,8,21209,A,22351,19222,1364,6606,0,22126,0,5,720,1002,992,-637,150,0,997,1390,997,1014,0
2026-04-23,9,20731,A,21979,18769,1337,6606,0,22126,0,5,798,1002,992,-743,150,0,997,1302,997,746,0
2026-04-23,10,20827,A,22080,18882,1310,6606,0,22126,0,5,778,1002,992,-748,150,0,997,1298,997,721,0
2026-04-23,11,21316,A,22853,19348,1296,6606,0,22126,0,5,953,1002,992,-1032,100,0,987,1386,997,505,0
2026-04-23,12,22017,A,23578,19956,1282,6606,0,22126,0,5,906,1002,992,-1042,9,0,987,1397,997,498,-14
2026-04-23,13,24225,A,25744,21968,1303,6606,121,22126,0,5,1106,1002,991,-823,-50,0,995,1397,996,914,-141
2026-04-23,14,25212,A,26836,22817,1323,6606,700,22126,0,6,1256,1002,991,-735,-89,0,996,1397,997,955,-294
2026-04-23,15,27222,A,28277,24617,1333,6606,1601,22126,0,6,1110,1001,991,734,-121,0,997,1397,997,1393,-428
2026-04-23,16,28357,A,29497,25647,1342,6606,2685,22126,0,1,1001,1002,991,910,-252,0,997,1397,997,1424,-387
2026-04-23,17,27899,A,29168,25050,1257,6606,3944,22126,0,0,704,1002,991,1064,-280,0,996,1397,997,1425,-489
2026-04-23,18,26632,A,27862,23705,1172,6606,5646,22126,0,5,364,1002,991,1070,-211,0,997,1397,997,1424,-514
2026-04-23,19,25418,A,26543,22504,1157,6606,7485,22126,0,6,332,1002,992,1064,-121,0,1016,1397,997,1424,-498
2026-04-23,20,24090,A,25112,21234,1142,6606,9239,22126,0,8,-154,1002,992,1063,-120,0,1016,1397,998,1428,-394
2026-04-23,21,22360,A,23424,19546,1145,6606,10889,22126,0,8,-692,1002,992,1062,-93,0,1016,1397,997,1427,-463
2026-04-23,22,20728,A,21606,18025,1147,6606,12389,22126,0,8,-663,1002,992,1062,-12,0,1016,1397,998,1424,-358
2026-04-23,23,19258,A,20116,16596,1159,6606,13730,22126,0,9,-712,1002,992,1059,-3,0,1016,1397,997,1425,-346
2026-04-23,24,18628,A,19842,16048,1170,6606,14587,22126,0,273,-694,1002,992,1059,-75,0,1016,1397,997,1425,-366
2026-04-23,25,18064,A,20040,15504,1194,6606,15145,22126,0,1004,-623,1002,992,1059,-6,0,1016,1397,997,1425,-466
2026-04-23,26,17637,A,19621,15125,1218,6606,15404,22126,0,965,-514,1002,992,1060,-24,0,1016,1397,997,1425,-495
2026-04-23,27,17088,A,19403,14595,1202,6606,15420,22126,0,1157,-842,1002,992,1059,-145,0,1016,1397,997,1425,-513
2026-04-23,28,16754,A,19034,14271,1185,6606,15153,22126,0,1172,-854,1002,992,1059,-94,0,1016,1397,996,1425,-514
2026-04-23,29,16688,A,19030,14228,1149,6606,14664,22126,0,1157,-924,1002,992,1059,-171,0,997,1397,998,1425,-514
2026-04-23,30,16652,A,18952,14198,1112,6606,13918,22126,0,1151,-813,1002,992,1060,-135,0,996,1397,995,1413,-514
2026-04-23,31,16945,A,18926,14522,1104,6606,12903,22126,0,949,-617,1002,992,1057,-18,0,996,1397,905,978,-514
2026-04-23,32,17899,A,19682,15522,1095,6606,11640,22126,0,715,-562,1001,992,1056,-81,0,996,1397,902,942,-487
2026-04-23,33,19052,A,20244,16686,1087,6606,10227,22126,0,282,-288,1002,992,1057,-7,0,996,1397,991,762,-403
2026-04-23,34,20861,A,21811,18387,1078,6606,8716,22126,0,12,-209,1002,992,1057,-4,0,996,1397,997,766,-434
2026-04-23,35,22660,A,23792,20102,1067,6606,7087,22126,0,12,-392,1002,992,1057,-107,0,996,1397,997,1382,-513
2026-04-23,36,24616,A,25784,21965,1056,6606,5503,22126,0,12,-549,1002,992,1058,-161,0,996,1397,997,1424,-495
2026-04-23,37,26702,A,27643,23989,1012,6606,3991,22126,0,16,-13,1002,992,840,-31,0,997,1397,997,1391,-394
2026-04-23,38,27803,A,28906,25064,968,6606,2601,22126,0,15,-102,1002,992,739,-104,0,997,1398,997,1389,-484
2026-04-23,39,29066,A,30307,26424,981,6606,1306,22126,0,6,224,1001,992,-96,-125,0,997,1397,997,1420,-514
2026-04-23,40,29246,A,30575,26576,993,6606,329,22126,0,6,283,1002,992,-104,-205,0,997,1397,997,1424,-514
2026-04-23,41,29312,A,30659,26663,1048,6606,11,22126,0,6,279,1002,992,95,-327,0,997,1397,997,1424,-514
2026-04-23,42,29510,A,30974,26780,1102,6606,0,22126,0,6,296,1002,992,102,-444,0,997,1397,997,1424,-514
2026-04-23,43,29237,A,30704,26440,1125,6606,0,22126,0,3,-16,1002,992,402,-450,0,997,1397,997,1424,-514
2026-04-23,44,28103,A,29489,25338,1147,6606,0,22126,0,13,-313,1002,992,432,-359,0,997,1397,998,1424,-514
2026-04-23,45,26980,A,28238,24351,1155,6606,0,22126,0,13,-296,1002,992,165,-284,0,997,1397,997,1424,-461
2026-04-23,46,25727,A,26913,23149,1162,6606,0,22126,0,14,-354,1002,992,164,-192,0,997,1397,998,1421,-480
2026-04-23,47,24969,A,26200,22534,1146,6606,0,22126,0,10,-360,1002,992,877,-212,0,997,1397,997,1322,-509
2026-04-23,48,24211,A,25581,21821,1129,6606,0,22126,0,9,-490,1002,992,927,-347,0,997,1397,997,1312,-514
2026-04-24,1,23497,A,24946,21010,1094,6606,0,22126,0,65,-810,1002,992,926,-370,0,997,1397,997,1287,-514
2026-04-24,2,23001,A,24452,20566,1058,6606,0,22126,0,66,-1146,1002,992,926,-371,0,997,1397,998,1288,-514
2026-04-24,3,23476,A,24927,21054,973,6606,0,22126,0,67,-902,1002,992,1011,-370,0,997,1397,997,1387,-514
2026-04-24,4,23406,A,24858,21069,887,6606,0,22126,0,67,-989,1002,992,1014,-371,0,997,1397,997,1395,-514
2026-04-24,5,23001,A,24590,20698,844,6606,0,22126,0,204,-1164,1002,992,933,-371,0,997,1397,997,1401,-514
2026-04-24,6,22509,A,23993,20162,800,6606,0,22126,0,100,-1313,1002,992,930,-370,0,997,1397,997,1398,-514
2026-04-24,7,22123,A,23562,19897,788,6606,0,22126,0,65,-724,1002,992,878,-360,0,997,1397,997,1249,-514
2026-04-24,8,21806,A,23223,19566,776,6606,0,22126,0,66,-730,1002,992,837,-335,0,997,1397,997,1228,-516
2026-04-24,9,21796,A,22914,19642,762,6606,0,22126,0,23,-782,1002,992,117,-193,0,838,1397,998,855,-402
2026-04-24,10,21652,A,22883,19479,748,6606,0,22126,0,162,-1059,1002,992,102,-80,0,832,1397,998,819,-489
2026-04-24,11,21921,A,23409,19712,717,6606,0,22126,0,19,-694,1002,991,-472,-1,0,822,1397,997,475,-496
2026-04-24,12,22411,A,24035,20130,686,6606,0,22126,0,6,-754,1002,991,-542,-63,0,821,1397,998,471,-513
2026-04-24,13,24170,A,25318,21679,685,6606,104,22126,0,8,-499,1003,991,-138,-22,0,551,1397,997,1200,-480
2026-04-24,14,25678,A,26956,23139,683,6606,684,22126,0,6,-324,1003,991,-119,-146,0,543,1397,998,1256,-507
2026-04-24,15,27920,A,29065,25184,650,6606,1675,22126,0,7,-527,1002,991,671,-209,0,978,1397,998,1415,-429
2026-04-24,16,28277,A,29638,25409,616,6606,2926,22126,0,4,-707,1002,992,816,-353,0,997,1397,997,1426,-504
2026-04-24,17,27557,A,29027,24551,569,6606,4480,22126,0,6,-1085,1002,992,1003,-450,0,970,1397,997,1427,-514
2026-04-24,18,26267,A,27738,23245,522,6606,6208,22126,0,5,-1255,1002,992,1017,-452,0,969,1397,998,1427,-514
2026-04-24,19,25194,A,26675,22163,485,6606,7959,22126,0,15,-1246,1002,992,1057,-452,0,1015,1397,998,1427,-514
2026-04-24,20,23202,A,24680,20282,448,6606,9605,22126,0,12,-1293,1002,992,1058,-452,0,1016,1397,998,1427,-514
2026-04-24,21,21461,A,22936,18693,438,6606,11298,22126,0,10,-1330,1002,992,1057,-451,0,1016,1397,998,1426,-514
2026-04-24,22,20141,A,21619,17499,428,6606,12722,22126,0,13,-1372,1002,992,1058,-451,0,1016,1397,997,1427,-514
2026-04-24,23,19007,A,20567,16406,432,6606,13744,22126,0,183,-1410,1001,992,1060,-404,0,1016,1397,997,1424,-473
2026-04-24,24,17825,A,19738,15289,436,6606,14448,22126,0,608,-1311,1001,992,1060,-293,0,1016,1397,997,1416,-512
2026-04-24,25,17706,A,19926,15241,441,6606,15068,22126,0,857,-1265,1002,991,1060,-349,0,1016,1397,996,1158,-514
2026-04-24,26,17283,A,19705,14840,446,6606,15357,22126,0,960,-1190,1002,991,1059,-448,0,1016,1397,996,1140,-514
2026-04-24,27,16894,A,19468,14480,469,6606,15319,22126,0,1108,-1331,1001,992,1060,-452,0,1016,1397,996,1136,-514
2026-04-24,28,16470,A,19013,14126,491,6606,15059,22126,0,1105,-1390,1001,992,1060,-424,0,1016,1397,996,1135,-514
2026-04-24,29,16058,A,18569,13610,500,6606,14536,22126,0,1113,-1661,1002,992,1060,-384,0,997,1397,996,1135,-514
2026-04-24,30,16113,A,18325,13697,509,6606,13791,22126,0,862,-1606,1001,992,1059,-336,0,996,1397,996,1138,-514
2026-04-24,31,16199,A,18398,13826,508,6606,12808,22126,0,838,-1416,1002,992,1056,-347,0,902,1397,996,1228,-514
2026-04-24,32,17339,A,19332,15016,507,6606,11607,22126,0,731,-938,1002,992,1057,-248,0,899,1397,997,1239,-514
2026-04-24,33,17831,A,19490,15435,504,6606,10195,22126,0,296,-1181,1002,992,1057,-349,0,993,1397,997,1409,-514
2026-04-24,34,19951,A,21443,17526,500,6606,8678,22126,0,149,-953,1001,992,1056,-329,0,996,1397,996,1422,-514
2026-04-24,35,22048,A,23285,19497,489,6606,7074,22126,0,14,-671,1001,992,1054,-260,0,996,1397,996,1424,-463
2026-04-24,36,23932,A,25326,21321,478,6606,5511,22126,0,15,-745,1001,992,1032,-373,0,995,1397,995,1424,-506
2026-04-24,37,25384,A,26723,22768,459,6606,4009,22126,0,12,-372,1002,992,163,-387,0,705,1397,996,1427,-440
2026-04-24,38,26644,A,28112,24005,440,6606,2634,22126,0,10,-463,1002,992,103,-452,0,692,1397,997,1427,-506
2026-04-24,39,27823,A,29704,25273,442,6606,1362,22126,0,6,-20,1003,992,-426,-452,0,330,1397,998,1427,-497
2026-04-24,40,28516,A,30447,25977,444,6606,355,22126,0,4,285,1003,992,-462,-452,0,315,1397,998,1424,-513
2026-04-24,41,28270,A,29742,25740,478,6606,16,22126,0,6,-92,1003,992,552,-452,0,445,1397,998,1426,-514
2026-04-24,42,28895,A,30369,26379,512,6606,0,22126,0,8,-120,1003,992,652,-452,0,455,1397,998,1425,-514
2026-04-24,43,28713,A,30189,26093,509,6606,0,22126,0,10,-481,1002,992,1044,-452,0,973,1397,998,1425,-514
2026-04-24,44,27752,A,29228,25076,506,6606,0,22126,0,10,-856,1002,992,1062,-452,0,997,1397,998,1425,-514
2026-04-24,45,26886,A,28362,24340,498,6606,0,22126,0,10,-723,1002,992,1057,-452,0,997,1397,998,1425,-514
2026-04-24,46,25461,A,26945,23057,489,6606,0,22126,0,18,-906,1002,992,1057,-452,0,998,1397,998,1425,-514
2026-04-24,47,24196,A,25674,21921,499,6606,0,22126,0,12,-914,1002,992,918,-452,0,998,1397,998,1425,-514
2026-04-24,48,23535,A,24952,21330,508,6606,0,22126,0,7,-799,1002,992,913,-396,0,998,1397,997,1425,-514
2026-04-25,1,23219,A,24609,21002,475,6606,0,22126,0,5,-746,1002,992,997,-371,0,998,1397,998,1426,-514
2026-04-25,2,22904,A,24294,20690,441,6606,0,22126,0,5,-681,1002,992,1000,-371,0,998,1397,997,1426,-514
2026-04-25,3,22502,A,23892,20316,427,6606,0,22126,0,5,-637,1002,992,1003,-371,0,998,1397,998,1426,-514
2026-04-25,4,22580,A,23970,20452,413,6606,0,22126,0,5,-443,1002,992,1003,-371,0,998,1397,998,1425,-514
2026-04-25,5,22307,A,23697,20248,441,6606,0,22126,0,5,-258,1002,992,1004,-371,0,998,1397,998,1422,-514
2026-04-25,6,21790,A,23180,19740,468,6606,0,22126,0,5,-312,1002,992,1003,-371,0,998,1397,998,1422,-514
2026-04-25,7,21609,A,22999,19628,460,6606,0,22126,0,5,-187,1002,992,913,-371,0,998,1397,998,1422,-514
2026-04-25,8,21239,A,22629,19282,452,6606,0,22126,0,5,-284,1003,992,909,-371,0,998,1397,998,1422,-514
2026-04-25,9,20852,A,22242,18884,428,6606,0,22126,0,5,-337,1002,992,634,-371,0,998,1397,998,1422,-514
2026-04-25,10,20755,A,22145,18810,403,6606,0,22126,0,5,-500,1002,992,617,-371,0,998,1397,998,1422,-514
2026-04-25,11,20762,A,22152,18845,380,6606,0,22126,0,5,-258,1003,992,137,-371,0,774,1397,997,1422,-514
2026-04-25,12,20633,A,22042,18693,356,6606,1,22126,0,5,-291,1003,992,121,-390,0,765,1397,998,1422,-514
2026-04-25,13,21269,A,22806,19245,338,6606,198,22126,0,72,-410,1002,992,600,-451,0,989,1397,997,1422,-514
2026-04-25,14,21418,A,23049,19347,320,6606,920,22126,0,166,-525,1002,992,629,-451,0,997,1397,997,1425,-514
2026-04-25,15,22163,A,23668,20006,308,6606,2052,22126,0,40,-147,1002,992,770,-451,0,997,1397,998,1425,-514
2026-04-25,16,22085,A,23565,19837,295,6606,3340,22126,0,14,-161,1002,992,775,-452,0,997,1397,997,1422,-514
2026-04-25,17,22105,A,23585,19741,287,6606,4525,22126,0,14,-370,1002,992,994,-452,0,997,1397,997,1422,-514
2026-04-25,18,21423,A,22903,19001,279,6606,6295,22126,0,14,-99,1002,992,1003,-452,0,997,1397,998,1424,-514
2026-04-25,19,20187,A,21667,17699,274,6606,7631,22126,0,14,-240,1002,992,1003,-452,0,1015,1397,998,1425,-514
2026-04-25,20,19276,A,20756,16775,268,6606,8683,22126,0,14,-400,1002,992,1003,-452,0,1016,1397,998,1423,-514
2026-04-25,21,18279,A,19759,15779,274,6606,10001,22126,0,14,-579,1002,992,1003,-452,0,1016,1397,998,1423,-514
2026-04-25,22,17139,A,18656,14649,279,6606,11308,22126,0,51,-557,1003,992,1003,-452,0,1016,1397,998,1409,-514
2026-04-25,23,16335,A,18209,13937,281,6606,12348,22126,0,408,-446,1003,992,1003,-452,0,1016,1397,997,889,-514
2026-04-25,24,15805,A,17846,13445,283,6606,13468,22126,0,575,-516,1004,992,1004,-452,0,1016,1397,997,852,-514
2026-04-25,25,15385,A,17336,13077,282,6606,14060,22126,0,485,-592,1004,992,1003,-452,0,1016,1397,997,852,-514
2026-04-25,26,14903,A,17305,12662,281,6606,14288,22126,0,936,-625,1004,992,1004,-452,0,1016,1397,997,855,-514
2026-04-25,27,14474,A,17061,12301,305,6606,14590,22126,0,1122,-773,1003,992,1003,-452,0,1016,1397,997,941,-513
2026-04-25,28,14240,A,16819,12102,328,6606,14407,22126,0,1113,-900,1004,992,1004,-452,0,1016,1397,997,946,-514
2026-04-25,29,13917,A,16498,11833,351,6606,14075,22126,0,1115,-824,1004,992,1003,-452,0,997,1397,997,860,-514
2026-04-25,30,14262,A,16844,12160,373,6606,13334,22126,0,1116,-710,1003,992,1003,-452,0,996,1397,997,860,-514
2026-04-25,31,14246,A,16831,12121,423,6606,12349,22126,0,1119,-952,1003,992,1003,-452,0,996,1397,997,1118,-514
2026-04-25,32,15333,A,17713,13337,473,6606,11230,22126,0,914,-492,1003,992,1004,-452,0,996,1397,997,1145,-514
2026-04-25,33,16519,A,18894,14469,515,6606,9865,22126,0,909,-680,1003,992,1003,-452,0,996,1397,997,1404,-514
2026-04-25,34,18237,A,20134,16092,556,6606,8399,22126,0,432,-668,1003,992,1005,-452,0,996,1397,998,1425,-513
2026-04-25,35,20462,A,22013,18154,596,6606,6848,22126,0,85,-487,1002,992,1003,-452,0,996,1397,997,1424,-514
2026-04-25,36,22128,A,23614,19750,635,6606,5308,22126,0,20,-540,1002,992,1001,-452,0,996,1397,997,1424,-514
2026-04-25,37,24070,A,25548,21780,670,6606,3825,22126,0,12,-175,1002,992,569,-452,0,996,1397,996,1424,-514
2026-04-25,38,25181,A,26663,22865,705,6606,2481,22126,0,16,-80,1003,992,545,-452,0,997,1397,997,1424,-514
2026-04-25,39,26365,A,27840,24077,745,6606,1258,22126,0,9,130,1003,992,328,-452,0,997,1397,997,1424,-514
2026-04-25,40,26592,A,28063,24373,785,6606,365,22126,0,5,300,1003,993,327,-452,0,997,1397,997,1424,-514
2026-04-25,41,26934,A,28405,24760,834,6606,20,22126,0,5,756,1003,992,282,-452,0,997,1397,997,1426,-514
2026-04-25,42,27231,A,28700,24990,882,6606,0,22126,0,3,854,1002,992,274,-452,0,997,1397,997,1423,-514
2026-04-25,43,27050,A,28523,24668,878,6606,0,22126,0,7,684,1002,992,431,-452,0,997,1397,997,1425,-514
2026-04-25,44,26574,A,28048,24209,874,6606,0,22126,0,8,644,1003,992,437,-452,0,997,1397,997,1425,-514
2026-04-25,45,25263,A,26744,23013,845,6606,0,22126,0,15,145,1003,992,377,-452,0,998,1397,997,1425,-514
2026-04-25,46,24262,A,25742,22129,815,6606,0,22126,0,14,364,1003,992,375,-452,0,997,1397,997,1423,-514
2026-04-25,47,23521,A,24999,21506,793,6606,0,22126,0,12,667,1003,992,336,-452,0,998,1397,996,1319,-514
2026-04-25,48,22725,A,24201,20762,771,6606,0,22126,0,10,723,1003,992,335,-452,0,998,1397,997,1310,-514
2026-04-26,1,22016,A,23435,20043,765,6606,0,22126,0,9,798,1002,992,412,-396,0,998,1397,997,1234,-514
2026-04-26,2,21648,A,23042,19670,759,6606,0,22126,0,9,853,1002,992,415,-371,0,998,1397,997,1228,-514
2026-04-26,3,21427,A,22820,19507,767,6606,0,22126,0,8,1070,1002,992,438,-371,0,962,1397,996,1228,-514
2026-04-26,4,21294,A,22688,19451,774,6606,0,22126,0,9,1295,1002,992,439,-371,0,961,1397,996,1227,-514
2026-04-26,5,21003,A,22396,19213,791,6606,0,22126,0,8,1458,1003,992,483,-371,0,901,1397,996,1158,-514
2026-04-26,6,20957,A,22348,19167,807,6606,0,22126,0,6,1554,1003,992,485,-371,0,892,1397,997,1156,-514
2026-04-26,7,20215,A,21606,18462,795,6606,0,22126,0,6,1552,1003,992,601,-371,0,303,1397,996,1303,-514
2026-04-26,8,20138,A,21529,18376,782,6606,0,22126,0,6,1497,1004,992,605,-371,0,273,1397,997,1310,-514
2026-04-26,9,19793,A,21184,18048,792,6606,0,22126,0,6,1431,1003,992,597,-371,0,252,1397,996,1155,-514
2026-04-26,10,19454,A,20845,17686,801,6606,0,22126,0,6,1398,1004,992,594,-371,0,250,1397,997,1144,-514
2026-04-26,11,19215,A,20672,17458,796,6606,0,22126,0,6,1557,1004,992,176,-371,0,-66,1397,997,1212,-514
2026-04-26,12,18866,A,20336,17093,790,6606,4,22126,0,6,1426,1004,992,158,-371,0,-79,1397,996,1219,-514
2026-04-26,13,18911,A,20307,17118,773,6606,281,22126,0,11,1278,1004,992,532,-371,0,52,1397,997,1252,-514
2026-04-26,14,19294,A,20693,17473,756,6606,908,22126,0,14,1210,1004,992,552,-371,0,80,1397,997,1258,-514
2026-04-26,15,19927,A,21345,18046,704,6606,1720,22126,0,14,997,1002,992,986,-390,0,941,1397,997,1413,-514
2026-04-26,16,19754,A,21453,17783,652,6606,2856,22126,0,233,691,1002,992,1002,-452,0,997,1397,996,1425,-514
2026-04-26,17,19886,A,21368,17781,613,6606,4089,22126,0,16,339,1002,992,1003,-452,0,997,1397,996,1425,-514
2026-04-26,18,19475,A,20957,17284,573,6606,5359,22126,0,16,-60,1002,992,1003,-452,0,997,1397,996,1425,-514
2026-04-26,19,19247,A,20729,16955,550,6606,6924,22126,0,16,-253,1002,992,1003,-452,0,1015,1397,996,1425,-514
2026-04-26,20,18496,A,19978,16103,526,6606,8529,22126,0,17,-363,1002,992,1002,-451,0,1016,1397,997,1425,-514
2026-04-26,21,17828,A,19387,15326,511,6606,10008,22126,0,94,-545,1002,992,1004,-451,0,1016,1397,997,1425,-514
2026-04-26,22,17092,A,19034,14507,495,6606,11211,22126,0,477,-1163,1002,992,1003,-451,0,1016,1397,996,1425,-514
2026-04-26,23,16614,A,19121,14065,498,6606,12142,22126,0,1042,-1019,1002,992,1003,-451,0,1016,1397,997,1425,-514
2026-04-26,24,16390,A,19068,13880,500,6606,12638,22126,0,1213,-1250,1002,992,1003,-451,0,1016,1397,997,1409,-514
2026-04-26,25,16435,A,18982,13962,501,6606,12910,22126,0,1083,-1149,1002,992,1003,-451,0,1016,1397,997,795,-513
2026-04-26,26,16173,A,18620,13682,501,6606,13049,22126,0,982,-1024,1002,992,1003,-451,0,1016,1397,996,754,-514
2026-04-26,27,16306,A,18578,13876,496,6606,12912,22126,0,808,-591,1003,992,1003,-451,0,1016,1397,997,836,-513
2026-04-26,28,16243,A,18862,13836,490,6606,12083,22126,0,1154,-607,1003,992,1003,-451,0,1016,1397,997,847,-514
2026-04-26,29,16857,A,19037,14488,479,6606,11273,22126,0,715,-14,1002,992,1002,-451,0,997,1397,997,1025,-514
2026-04-26,30,17164,A,19414,14797,467,6606,10572,22126,0,785,42,1002,992,1003,-451,0,996,1397,997,1023,-514
2026-04-26,31,17766,A,19656,15452,469,6606,9371,22126,0,425,397,1002,992,1002,-451,0,996,1397,997,495,-514
2026-04-26,32,19046,A,20645,16722,471,6606,8216,22126,0,134,434,1002,992,1003,-451,0,996,1397,997,454,-514
2026-04-26,33,20441,A,22064,18052,466,6606,7199,22126,0,158,657,1002,992,1002,-451,0,972,1397,996,298,-514
2026-04-26,34,22756,A,24289,20289,461,6606,5866,22126,0,68,918,1002,992,1003,-451,0,971,1397,997,322,-514
2026-04-26,35,25095,A,26578,22402,460,6606,4478,22126,0,18,623,1002,992,1003,-451,0,995,1397,997,1269,-514
2026-04-26,36,26779,A,28262,24004,459,6606,3325,22126,0,17,562,1002,992,998,-452,0,994,1397,997,1326,-514
2026-04-26,37,27393,A,28945,24614,462,6606,2311,22126,0,86,873,1003,992,469,-452,0,606,1397,997,598,-514
2026-04-26,38,27897,A,29525,25141,464,6606,1551,22126,0,162,1035,1003,992,433,-452,0,590,1397,997,537,-514
2026-04-26,39,28312,A,29939,25680,469,6606,813,22126,0,162,1451,1004,992,105,-451,0,495,1397,996,179,-514
2026-04-26,40,28307,A,29935,25705,474,6606,236,22126,0,163,1419,1003,992,102,-451,0,492,1397,997,172,-514
2026-04-26,41,29032,A,30657,26434,500,6606,15,22126,0,159,1472,1003,992,229,-452,0,747,1397,997,814,-514
2026-04-26,42,28752,A,30379,26151,526,6606,0,22126,0,162,1375,1003,992,239,-451,0,757,1397,996,863,-514
2026-04-26,43,28455,A,30085,25794,542,6606,0,22126,0,165,890,1003,992,611,-451,0,919,1397,997,1049,-514
2026-04-26,44,27471,A,28999,24890,558,6606,0,22126,0,63,889,1003,992,626,-451,0,925,1397,997,1045,-514
2026-04-26,45,25866,A,27344,23429,538,6606,0,22126,0,13,921,1003,992,314,-451,0,800,1397,997,423,-514
2026-04-26,46,24674,A,26152,22369,517,6606,0,22126,0,13,792,1003,992,295,-451,0,794,1397,997,362,-514
2026-04-26,47,23295,A,25262,21166,547,6606,0,22126,0,9,1005,1004,992,-224,-436,0,500,1397,998,-284,-514
2026-04-26,48,22024,A,23986,19995,576,6606,0,22126,0,6,649,1004,992,-244,-371,0,488,1393,997,-327,-514
2026-04-27,1,22066,A,23987,20030,580,6606,0,22126,0,6,490,1004,992,-236,-371,0,412,1345,997,-294,-514
2026-04-27,2,21840,A,23732,19832,583,6606,0,22126,0,7,354,1004,992,-235,-346,0,409,1343,997,-290,-514
2026-04-27,3,22198,A,23922,20052,551,6606,0,22126,0,6,780,1004,992,-152,-342,0,283,1391,997,-210,-514
2026-04-27,4,22247,A,23966,20193,519,6606,0,22126,0,6,1011,1004,992,-149,-341,0,279,1397,997,-209,-514
2026-04-27,5,22040,A,23961,20058,504,6606,0,22126,0,7,1201,1004,992,-179,-341,0,591,1397,997,-380,-514
2026-04-27,6,21977,A,23890,20070,488,6606,0,22126,0,7,1338,1004,992,-181,-316,0,600,1397,997,-395,-514
2026-04-27,7,20864,A,23007,19042,509,6606,0,22126,0,7,1158,1005,992,-304,-311,0,140,1397,997,-507,-514
2026-04-27,8,20992,A,23169,19220,529,6606,0,22126,0,7,1320,1004,992,-314,-311,0,119,1397,997,-531,-514
2026-04-27,9,20371,A,23648,18628,512,6606,0,22126,0,7,1390,1005,992,-839,-311,0,126,1397,996,-1106,-514
2026-04-27,10,20582,A,23930,18828,494,6606,0,22126,0,9,1569,1005,992,-866,-311,0,118,1397,996,-1148,-514
2026-04-27,11,20267,A,24386,18427,493,6606,0,22126,0,13,1438,1006,992,-1016,-311,0,-510,1397,997,-1255,-514
2026-04-27,12,21014,A,25187,19120,491,6606,1,22126,0,15,1518,1006,992,-1017,-344,0,-537,1397,997,-1246,-514
2026-04-27,13,23319,A,26305,21314,471,6606,186,22126,0,15,1729,1005,991,-941,-385,0,-2,1397,996,-629,-514
2026-04-27,14,24526,A,27286,22367,451,6606,973,22126,0,11,1719,1005,991,-827,-451,0,27,1397,997,-457,-514
2026-04-27,15,26920,A,28398,24378,407,6606,1935,22126,0,13,868,1004,991,694,-451,0,501,1397,997,1156,-514
2026-04-27,16,27420,A,28896,24732,362,6606,3141,22126,0,10,801,1004,991,850,-452,0,526,1397,997,1358,-514
2026-04-27,17,27375,A,28850,24541,355,6606,4375,22126,0,9,379,1003,991,1060,-452,0,977,1397,997,1422,-514
2026-04-27,18,25833,A,27305,22991,347,6606,5936,22126,0,7,20,1002,991,1069,-451,0,997,1397,997,1426,-514
2026-04-27,19,24726,A,26198,21900,362,6606,7487,22126,0,7,105,1003,991,1054,-451,0,1016,1397,997,1426,-514
2026-04-27,20,23251,A,24723,20500,377,6606,8963,22126,0,7,-319,1003,991,1055,-451,0,1016,1397,997,1427,-514
2026-04-27,21,21976,A,23451,19266,391,6606,10374,22126,0,10,-476,1002,991,1045,-451,0,1016,1397,997,1426,-514
2026-04-27,22,21325,A,23068,18658,405,6606,11659,22126,0,278,-404,1003,991,1046,-451,0,1016,1397,997,1426,-514
2026-04-27,23,20689,A,22851,18028,431,6606,12478,22126,0,697,-433,1003,991,1059,-451,0,1016,1397,997,1426,-514
2026-04-27,24,19927,A,22113,17258,456,6606,12936,22126,0,721,-604,1003,992,1059,-451,0,1016,1397,997,1426,-514
2026-04-27,25,19648,A,22083,16981,487,6606,13062,22126,0,970,-670,1003,992,1059,-451,0,1016,1397,997,1426,-514
2026-04-27,26,19520,A,21979,16811,518,6606,12564,22126,0,994,-635,1003,992,1057,-451,0,1016,1397,997,1415,-514
2026-04-27,27,19605,A,22055,16889,549,6606,11806,22126,0,985,-758,1003,992,1059,-451,0,992,1397,997,1003,-514
2026-04-27,28,19364,A,21815,16747,579,6606,12541,22126,0,986,-801,1003,992,1058,-451,0,991,1397,997,973,-514
2026-04-27,29,19689,A,22127,17080,630,6606,11348,22126,0,973,-726,1003,991,1013,-451,0,995,1397,997,993,-514
2026-04-27,30,19723,A,22292,17026,680,6606,10865,22126,0,1104,-613,1003,992,1012,-451,0,996,1398,997,988,-514
2026-04-27,31,20564,A,23024,17882,746,6606,9484,22126,0,995,-466,1002,991,1055,-451,0,995,1396,996,679,-514
2026-04-27,32,21186,A,23081,18585,812,6606,8807,22126,0,462,-214,969,958,1021,-436,0,963,1350,963,639,-497
2026-04-27,33,23501,A,25014,20859,859,6606,7646,22126,0,48,-292,1003,991,832,-451,0,990,1397,996,988,-514
2026-04-27,34,24848,A,26334,22115,905,6606,5630,22126,0,21,-133,1003,991,815,-451,0,990,1397,996,996,-514
2026-04-27,35,26424,A,27919,23591,925,6606,3928,22126,0,20,152,1003,991,448,-451,0,828,1397,996,-10,-514
2026-04-27,36,28002,A,29585,25137,945,6606,3034,22126,0,18,594,1003,991,416,-451,0,816,1397,996,-100,-514
2026-04-27,37,28231,A,30715,25492,963,6606,2159,22126,0,12,1176,1004,991,-473,-451,0,264,1397,996,-534,-514
2026-04-27,38,28554,A,31147,25916,981,6606,1391,22126,0,11,1395,1004,992,-545,-451,0,238,1397,997,-572,-514
2026-04-27,39,29298,A,31952,26499,966,6606,792,22126,0,3,1381,1004,992,-324,-451,0,81,1397,997,-862,-514
2026-04-27,40,29452,A,32059,26618,950,6606,270,22126,0,3,1296,1004,992,-308,-451,0,92,1397,996,-831,-514
2026-04-27,41,31288,A,32766,28169,988,6606,21,22126,0,13,504,1003,992,236,-451,0,850,1397,997,238,-514
2026-04-27,42,31437,A,32918,28260,1026,6606,0,22126,0,16,286,1003,992,261,-451,0,894,1397,996,349,-514
2026-04-27,43,31066,A,32552,28001,1042,6606,0,22126,0,21,279,1003,992,652,-451,0,875,1397,997,953,-514
2026-04-27,44,28333,A,29820,25563,1058,6606,0,22126,0,22,105,1003,992,670,-451,0,874,1385,996,986,-514
2026-04-27,45,26958,A,28437,24250,1071,6606,0,22126,0,14,168,1003,992,689,-451,0,948,1234,997,659,-514
2026-04-27,46,24860,A,26339,22367,1084,6606,0,22126,0,14,244,1003,992,691,-451,0,951,1227,997,645,-514
2026-04-27,47,23195,A,24673,20955,1097,6606,0,22126,0,13,43,1002,992,961,-451,0,991,1378,997,1042,-514
2026-04-27,48,22795,A,24256,20686,1110,6606,0,22126,0,14,-87,1002,992,973,-433,0,992,1397,997,1070,-514
2026-04-28,1,22598,A,23998,20464,1147,6606,0,22126,0,15,-367,1002,992,1035,-371,0,754,1397,997,1070,-514
2026-04-28,2,22198,A,23596,20049,1184,6606,0,22126,0,13,-621,1003,992,1038,-371,0,745,1397,997,1064,-514
2026-04-28,3,22045,A,23467,19927,1189,6606,0,22126,0,37,-796,1002,992,1054,-371,0,973,1397,996,838,-514
2026-04-28,4,21571,A,23086,19478,1194,6606,0,22126,0,130,-783,1002,992,1054,-371,0,982,1367,997,810,-514
2026-04-28,5,21538,A,22934,19542,1214,6606,0,22126,0,10,-465,1002,992,891,-372,0,996,994,996,395,-514
2026-04-28,6,20489,A,22320,18398,1233,6606,0,22126,0,445,-932,1002,992,885,-372,0,997,918,996,350,-514
2026-04-28,7,20292,A,22008,18366,1267,6606,0,22126,0,91,-365,1002,992,769,-372,0,997,546,996,-239,-514
2026-04-28,8,19749,A,21751,17768,1300,6606,0,22126,0,331,-679,1002,992,697,-372,0,997,469,996,-285,-514
2026-04-28,9,19511,A,21404,17615,1291,6606,0,22126,0,36,-193,1002,992,3,-372,0,963,96,996,-471,-514
2026-04-28,10,19446,A,21604,17544,1281,6606,0,22126,0,270,-461,1002,992,0,-372,0,962,79,997,-502,-514
2026-04-28,11,19880,A,23113,17968,1328,6606,0,22126,0,288,-352,1002,992,-403,-372,0,903,452,996,-1156,-514
2026-04-28,12,20385,A,23900,18437,1374,6606,0,22126,0,532,-404,1002,992,-434,-354,0,900,528,996,-1181,-514
2026-04-28,13,22598,A,24935,20436,1406,6606,30,22126,0,365,-815,1002,992,622,-443,0,902,901,996,-515,-514
2026-04-28,14,24668,A,26556,22344,1437,6606,156,22126,0,78,-604,1001,992,747,-452,0,902,977,996,-344,-514
2026-04-28,15,27285,A,28845,24682,1469,6606,414,22126,0,94,-823,1001,992,1028,-452,0,993,1350,997,1230,-514
2026-04-28,16,28686,A,30162,25942,1501,6606,804,22126,0,10,-904,1001,992,1039,-452,0,997,1397,997,1428,-514
2026-04-28,17,28988,A,30465,26168,1530,6606,1161,22126,0,11,-793,1001,992,1063,-452,0,997,1397,997,1430,-514
2026-04-28,18,28974,A,30450,26100,1559,6606,1652,22126,0,10,-969,1001,992,1064,-452,0,997,1397,997,1426,-514
2026-04-28,19,29431,A,30907,26597,1636,6606,2150,22126,0,10,-571,1001,992,1057,-452,0,1016,1397,997,1426,-514
2026-04-28,20,29207,A,30684,26297,1712,6606,2952,22126,0,11,-706,1001,992,1057,-452,0,1016,1397,997,1426,-514
2026-04-28,21,28893,A,30366,25988,1766,6606,3277,22126,0,7,-931,1001,992,1057,-452,0,1016,1397,997,1426,-514
2026-04-28,22,28423,A,29904,25610,1819,6606,4091,22126,0,15,-842,1001,992,1056,-452,0,1016,1397,997,1426,-514
2026-04-28,23,27513,A,28984,24684,1816,6606,4615,22126,0,19,-706,1001,992,1058,-438,0,1016,1397,997,1426,-514
2026-04-28,24,26753,A,28099,23924,1812,6606,6136,22126,0,19,-631,1000,992,1058,-313,0,1016,1397,997,1424,-514
2026-04-28,25,26117,A,27372,23316,1860,6606,7198,22126,0,19,-408,1001,992,1059,-213,0,1016,1397,997,1422,-523
2026-04-28,26,25203,A,26361,22422,1907,6606,7906,22126,0,15,-659,1000,992,1059,-138,0,1016,1397,997,1422,-505
2026-04-28,27,24373,A,25678,21621,1883,6606,8781,22126,0,30,-1194,1000,992,1058,-263,0,1016,1397,997,1422,-512
2026-04-28,28,23516,A,24861,20847,1858,6606,9839,22126,0,71,-1094,1000,992,1057,-261,0,1016,1397,997,1422,-513
2026-04-28,29,22673,A,24460,20039,1836,6606,10295,22126,0,408,-1368,1001,992,1057,-365,0,997,1397,997,1422,-514
2026-04-28,30,21517,A,23700,18912,1814,6606,10721,22126,0,826,-1478,1001,992,1057,-344,0,996,1397,996,1422,-513
2026-04-28,31,20994,A,23414,18384,1813,6606,10421,22126,0,965,-1404,1001,992,1057,-441,0,996,1397,996,1422,-514
2026-04-28,32,21246,A,23669,18751,1812,6606,9697,22126,0,958,-1281,1001,992,1057,-451,0,996,1397,997,1422,-514
2026-04-28,33,21922,A,24115,19360,1833,6606,8925,22126,0,796,-886,1001,992,1054,-383,0,996,1397,997,1422,-514
2026-04-28,34,23187,A,25054,20504,1854,6606,7947,22126,0,464,-865,1001,992,1055,-389,0,996,1397,996,1422,-514
2026-04-28,35,24715,A,26037,22096,1880,6606,6625,22126,0,23,-704,1001,992,1054,-285,0,996,1397,997,1422,-514
2026-04-28,36,25842,A,27255,23161,1905,6606,5244,22126,0,16,-813,1001,992,1054,-383,0,996,1397,997,1419,-514
2026-04-28,37,26604,A,28085,23890,1905,6606,3955,22126,0,15,-426,1001,992,1052,-452,0,996,1397,997,1280,-514
2026-04-28,38,27743,A,29222,25074,1904,6606,2639,22126,0,13,-347,1001,992,1046,-452,0,997,1397,997,1266,-514
2026-04-28,39,29177,A,30647,26549,1845,6606,1482,22126,0,5,118,1001,992,1045,-451,0,997,1397,997,1146,-514
2026-04-28,40,29386,A,30860,26763,1785,6606,498,22126,0,8,286,1001,992,1044,-452,0,997,1397,997,1144,-514
2026-04-28,41,29652,A,31125,26992,1848,6606,44,22126,0,8,-147,1001,992,1054,-451,0,997,1397,998,1378,-514
2026-04-28,42,29931,A,31404,27248,1911,6606,0,22126,0,8,-118,1001,992,1054,-451,0,997,1397,996,1399,-514
2026-04-28,43,29661,A,31135,26943,1952,6606,0,22126,0,8,-395,1001,992,1053,-452,0,997,1397,997,1413,-514
2026-04-28,44,28285,A,29762,25566,1992,6606,0,22126,0,12,-766,1001,992,1054,-451,0,997,1368,997,1410,-514
2026-04-28,45,27103,A,28582,24461,1999,6606,0,22126,0,14,-860,1001,992,1054,-451,0,997,994,997,1248,-514
2026-04-28,46,25554,A,27033,23068,2006,6606,0,22126,0,14,-907,1001,992,1055,-451,0,997,922,997,1202,-514
2026-04-28,47,23890,A,25355,21598,2011,6606,0,22126,0,14,-742,1001,992,966,-437,0,997,604,997,330,-514
2026-04-28,48,23134,A,24613,20921,2016,6606,0,22126,0,14,-620,1001,992,963,-451,0,997,535,996,254,-514
2026-04-29,1,22714,A,24178,20457,2005,6606,0,22126,0,11,-900,1001,992,1002,-439,0,997,162,996,15,-514
2026-04-29,2,22451,A,23865,20204,1994,6606,0,22126,0,11,-653,1001,992,1004,-385,0,997,108,996,-4,-514
2026-04-29,3,22142,A,23679,19896,1971,6606,0,22126,0,7,-491,1001,992,935,-347,0,997,7,996,-169,-514
2026-04-29,4,22153,A,23668,19954,1948,6606,0,22126,0,7,-535,1001,992,932,-302,0,997,-6,997,-186,-514
2026-04-29,5,21790,A,23644,19639,1909,6606,0,22126,0,134,-565,1001,992,932,-302,0,997,-6,996,-398,-514
2026-04-29,6,21358,A,23125,19222,1869,6606,0,22126,0,14,-604,1001,992,932,-302,0,997,-32,996,-406,-513
2026-04-29,7,20783,A,22618,18771,1896,6606,0,22126,0,8,-347,1002,992,879,-302,0,808,-370,996,-141,-514
2026-04-29,8,20377,A,22218,18389,1922,6606,0,22126,0,8,-309,1001,992,876,-301,0,801,-385,996,-134,-513
2026-04-29,9,20055,A,21975,18142,1949,6606,0,22126,0,8,-346,1002,992,557,-285,0,613,-48,996,-565,-514
2026-04-29,10,19949,A,21817,17996,1976,6606,0,22126,0,12,-253,1002,992,512,-234,0,608,24,996,-612,-510
2026-04-29,11,20156,A,22752,18198,2000,6606,0,22126,0,10,-67,1001,992,-312,-84,0,982,399,996,-1263,-427
2026-04-29,12,20626,A,23238,18595,2024,6606,10,22126,0,13,178,1002,992,-339,-60,0,997,475,995,-1233,-467
2026-04-29,13,22937,A,24148,20683,2008,6606,328,22126,0,9,-251,1001,992,475,-212,0,997,849,996,37,-490
2026-04-29,14,24416,A,25800,22006,1992,6606,1222,22126,0,8,-457,1001,992,577,-363,0,997,925,996,215,-513
2026-04-29,15,25965,A,27440,23338,1975,6606,2423,22126,0,10,-823,1001,992,1038,-451,0,997,1298,996,1325,-514
2026-04-29,16,25838,A,27311,23066,1957,6606,3817,22126,0,7,-1006,1001,992,1043,-452,0,997,1327,997,1423,-514
2026-04-29,17,25076,A,26548,22239,1963,6606,5369,22126,0,7,-1061,1001,991,1061,-452,0,997,1089,996,1427,-513
2026-04-29,18,24049,A,25522,21157,1969,6606,6946,22126,0,7,-1139,1001,992,1061,-452,0,997,1031,997,1425,-514
2026-04-29,19,22826,A,24307,20029,2073,6606,8570,22126,0,15,-1032,1001,991,1048,-452,0,1015,658,996,1426,-514
2026-04-29,20,21131,A,22655,18328,2177,6606,10121,22126,0,58,-1299,1001,991,842,-452,0,1016,583,996,1423,-514
2026-04-29,21,19548,A,21838,16816,2311,6606,11598,22126,0,824,-1240,1002,992,533,-452,0,1016,209,996,1423,-514
2026-04-29,22,18479,A,20933,15809,2444,6606,12883,22126,0,988,-1406,1002,992,108,-452,0,1016,133,996,1403,-514
2026-04-29,23,17474,A,20157,14944,2589,6606,13968,22126,0,972,-1085,1002,992,0,-453,0,1016,-244,996,665,-514
2026-04-29,24,16783,A,19700,14298,2734,6606,14761,22126,0,1130,-1253,1002,992,371,-452,0,1016,-321,996,620,-514
2026-04-29,25,16919,A,20217,14540,2821,6606,15155,22126,0,1129,-1210,1001,992,1057,-452,0,1016,-703,996,851,-514
2026-04-29,26,16561,A,19944,14258,2907,6606,15201,22126,0,1136,-1152,1001,992,1057,-452,0,1016,-781,996,865,-514
2026-04-29,27,15894,A,19659,13655,2950,6606,15117,22126,0,1126,-1203,1001,992,1055,-453,0,1016,-1172,997,667,-514
2026-04-29,28,15647,A,19620,13455,2993,6606,14874,22126,0,1270,-1434,1001,992,1056,-453,0,1016,-1236,996,657,-514
2026-04-29,29,15714,A,19876,13513,3026,6606,14222,22126,0,1268,-1460,1001,992,1056,-453,0,997,-1427,996,829,-514
2026-04-29,30,16366,A,20508,14254,3058,6606,13164,22126,0,1252,-1141,1001,992,1056,-453,0,996,-1423,996,839,-514
2026-04-29,31,16507,A,20318,14282,3042,6606,12066,22126,0,1276,-1086,1002,992,1056,-452,0,996,-1069,996,741,-514
2026-04-29,32,17831,A,21536,15782,3026,6606,10924,22126,0,1243,-587,1001,992,1056,-453,0,996,-995,996,734,-514
2026-04-29,33,18857,A,22024,16813,3040,6606,9525,22126,0,1118,-75,1001,992,1053,-435,0,996,-607,996,816,-507
2026-04-29,34,20607,A,23443,18533,3054,6606,8188,22126,0,1095,387,1001,992,1053,-305,0,996,-529,996,814,-407
2026-04-29,35,22074,A,23944,19958,3053,6606,6719,22126,0,652,846,1001,992,1052,-161,0,996,-149,996,493,-408
2026-04-29,36,23524,A,24835,21379,3051,6606,5268,22126,0,241,1386,1001,992,1052,-46,0,996,-73,996,453,-451
2026-04-29,37,25019,A,26251,22864,3010,6606,3898,22126,0,9,1964,1001,992,902,-156,0,960,303,996,-185,-382
2026-04-29,38,26470,A,27810,24313,2968,6606,2612,22126,0,4,2616,1001,992,862,-245,0,955,378,996,-230,-361
2026-04-29,39,26897,A,28470,24662,2953,6606,1380,22126,0,1,2714,1002,992,122,-365,0,496,752,996,-259,-448
2026-04-29,40,27488,A,29201,25298,2937,6606,441,22126,0,1,2952,1002,992,102,-451,0,475,828,995,-248,-513
2026-04-29,41,28210,A,29676,25960,3007,6606,41,22126,0,1,2656,1001,992,349,-451,0,707,1200,996,312,-514
2026-04-29,42,28281,A,29747,26087,3077,6606,0,22126,0,1,2617,1002,992,380,-451,0,716,1226,996,341,-514
2026-04-29,43,28136,A,29641,25863,3102,6606,0,22126,0,1,2214,1001,992,980,-451,0,832,958,996,-39,-514
2026-04-29,44,27058,A,28609,24870,3126,6606,0,22126,0,1,2112,1001,992,1008,-451,0,836,895,996,-85,-514
2026-04-29,45,25590,A,27862,23572,3111,6606,0,22126,0,2,2294,1001,992,498,-451,0,991,522,996,-805,-514
2026-04-29,46,24110,A,26404,22009,3095,6606,0,22126,0,7,1819,1001,992,451,-451,0,997,446,996,-868,-468
2026-04-29,47,23066,A,26396,21176,3056,6606,0,22126,0,6,2453,1001,992,-634,-383,0,997,73,995,-1368,-439
2026-04-29,48,22191,A,25599,20388,3016,6606,0,22126,0,11,2373,1001,992,-761,-233,0,997,-3,995,-1400,-500
2026-04-30,1,21810,A,25590,19988,2992,6606,0,22126,0,11,2598,1002,992,-897,-82,0,997,-382,995,-1401,-507
2026-04-30,2,21628,A,25394,19695,2967,6606,0,22126,0,11,2538,1001,992,-901,0,0,997,-460,995,-1400,-494
2026-04-30,3,21290,A,25332,19367,2933,6606,0,22126,0,46,2707,1002,992,-874,0,0,904,-844,995,-1400,-378
2026-04-30,4,21187,A,25209,19362,2899,6606,0,22126,0,48,2880,1002,992,-873,0,0,900,-899,996,-1401,-301
2026-04-30,5,20704,A,25475,18980,2870,6606,0,22126,0,391,2949,1003,992,-1053,0,0,525,-971,995,-1423,-433
2026-04-30,6,20712,A,25867,19112,2841,6606,0,22126,0,730,2941,1001,991,-1061,0,0,498,-1011,996,-1426,-427
2026-04-30,7,19859,A,25625,18306,2792,6606,0,22126,0,740,3080,912,973,-1061,0,0,-185,-1402,996,-1447,-431
2026-04-30,8,19805,A,25629,18279,2743,6606,0,22126,0,728,2931,904,970,-1061,0,0,-224,-1435,996,-1449,-427
2026-04-30,9,19840,A,25671,18359,2704,6606,0,22126,0,659,3157,862,900,-1070,0,0,-556,-1229,996,-1442,-375
2026-04-30,10,19586,A,25410,18129,2664,6606,0,22126,0,722,3199,858,895,-1072,0,0,-570,-1172,994,-1442,-346
2026-04-30,11,19561,A,25140,18114,2676,6606,0,22126,0,699,3314,832,895,-1069,0,0,-727,-782,907,-1448,-354
2026-04-30,12,20261,A,25318,18711,2688,6606,13,22126,0,309,3636,831,897,-1070,0,0,-730,-703,903,-1449,-296
2026-04-30,13,22314,A,26561,20534,2678,6606,373,22126,0,163,3656,990,986,-1065,-55,0,-280,-320,989,-1449,-415
2026-04-30,14,22879,A,27097,20867,2667,6606,1332,22126,0,146,3224,1004,992,-921,-206,0,-243,-261,995,-1434,-507
2026-04-30,15,24927,A,27193,22660,2595,6606,2578,22126,0,8,3052,1002,992,559,-251,0,545,-121,995,-872,-514
2026-04-30,16,25170,A,27363,22696,2523,6606,3976,22126,0,8,2784,1002,992,684,-361,0,593,-134,996,-676,-514
2026-04-30,17,25115,A,27166,22510,2464,6606,5461,22126,0,74,2291,1001,992,1059,-450,0,981,-513,996,1051,-514
2026-04-30,18,23829,A,26463,21280,2405,6606,6941,22126,0,579,1798,1001,992,1060,-451,0,997,-590,997,1279,-514
2026-04-30,19,22742,A,25911,20242,2418,6606,8453,22126,0,727,1418,1001,992,1057,-451,0,1016,-977,996,1066,-514
2026-04-30,20,21248,A,24620,18859,2430,6606,9991,22126,0,854,843,999,992,1057,-451,0,1005,-1053,997,1033,-514
2026-04-30,21,19720,A,23481,17564,2491,6606,11362,22126,0,890,1174,830,992,1056,-451,0,324,-1406,997,391,-514
2026-04-30,22,18908,A,22817,16710,2552,6606,12608,22126,0,993,980,807,982,1056,-451,0,287,-1451,995,341,-514
2026-04-30,23,18025,A,21938,16002,2689,6606,13696,22126,0,997,1640,479,620,834,-451,0,72,-1451,926,144,-514
2026-04-30,24,17178,A,21094,15172,2825,6606,14545,22126,0,1000,1595,468,595,825,-451,0,63,-1451,920,120,-514
2026-04-30,25,17115,A,21766,15291,2910,6606,15038,22126,0,1228,2056,694,591,1017,-451,0,-241,-1451,854,-266,-514
2026-04-30,26,16678,A,21397,14834,2995,6606,15140,22126,0,1249,1991,700,586,1025,-451,0,-252,-1451,847,-302,-514
2026-04-30,27,16252,A,21241,14422,3136,6606,15010,22126,0,1172,2474,183,385,756,-451,0,-264,-1451,735,-637,-514
2026-04-30,28,15881,A,20949,14115,3276,6606,14791,22126,0,1245,2798,149,376,745,-451,0,-261,-1437,729,-660,-514
2026-04-30,29,15993,A,20603,14218,3248,6606,14300,22126,0,1264,2646,120,552,799,-451,0,204,-1261,729,-620,-514
2026-04-30,30,16004,A,20580,14243,3220,6606,13551,22126,0,1254,2434,123,564,801,-451,0,224,-1240,724,-617,-514
2026-04-30,31,16134,A,20721,14360,3225,6606,12552,22126,0,1246,2468,302,547,721,-451,0,90,-1239,533,-637,-514
2026-04-30,32,16886,A,21363,15235,3229,6606,11277,22126,0,1150,2730,333,557,661,-451,0,98,-1214,534,-648,-514
2026-04-30,33,18268,A,22988,16452,3174,6606,9880,22126,0,1186,2645,930,938,-194,-451,0,804,-898,968,-978,-513
2026-04-30,34,19876,A,24530,18004,3119,6606,8470,22126,0,1148,2609,972,965,-212,-451,0,843,-829,996,-1000,-514
2026-04-30,35,21550,A,25727,19589,3016,6606,6977,22126,0,974,3054,905,981,-294,-451,0,673,-444,996,-1000,-514
2026-04-30,36,22751,A,26273,20733,2912,6606,5410,22126,0,395,3033,904,983,-299,-451,0,667,-366,996,-997,-514
2026-04-30,37,24061,A,27330,22023,2753,6606,3961,22126,0,318,3116,996,992,-579,-451,0,721,11,996,-907,-514
2026-04-30,38,25969,A,29249,23893,2594,6606,2640,22126,0,315,3234,1002,992,-593,-451,0,697,88,996,-907,-514
2026-04-30,39,26832,A,30985,24746,2538,6606,1464,22126,0,307,3454,1004,992,-1024,-451,0,-207,460,996,-1150,-514
2026-04-30,40,27337,A,31516,25188,2482,6606,496,22126,0,306,3465,1004,992,-1042,-451,0,-220,536,996,-1146,-514
2026-04-30,41,28269,A,31030,26081,2518,6606,44,22126,0,314,3212,1002,992,-608,-451,0,907,909,995,-374,-514
2026-04-30,42,28299,A,30926,26113,2553,6606,0,22126,0,311,3245,1001,992,-551,-451,0,997,941,996,-300,-514
2026-04-30,43,28517,A,30293,26264,2485,6606,0,22126,0,311,2989,1001,992,266,-451,0,997,756,996,432,-514
2026-04-30,44,27156,A,28939,24947,2417,6606,0,22126,0,318,2624,1002,992,292,-451,0,997,704,996,462,-514
2026-04-30,45,25620,A,27678,23603,2396,6606,0,22126,0,311,2652,1002,992,105,-451,0,997,331,996,-282,-514
2026-04-30,46,24696,A,26807,22664,2374,6606,0,22126,0,309,2351,1002,992,102,-451,0,997,265,996,-337,-514
2026-04-30,47,23208,A,25729,21231,2271,6606,0,22126,0,313,1797,1002,992,-265,-451,0,892,26,995,-478,-514
2026-04-30,48,22784,A,25338,20835,2168,6606,0,22126,0,313,1920,1002,992,-286,-451,0,888,-5,995,-485,-514
2026-05-01,1,23260,A,25386,21205,1998,6606,0,22126,0,310,2023,1002,992,151,-451,0,993,-5,995,-346,-514
2026-05-01,2,21980,A,24143,19964,1828,6606,0,22126,0,368,1564,1002,992,165,-451,0,997,8,995,-330,-514
2026-05-01,3,22137,A,24295,20098,1693,6606,0,22126,0,584,1587,1002,992,104,-451,0,933,167,996,-109,-514
2026-05-01,4,22507,A,24645,20546,1557,6606,0,22126,0,582,1778,1002,992,103,-451,0,930,207,995,-91,-514
2026-05-01,5,21980,A,23974,20097,1453,6606,0,22126,0,529,1653,1003,992,103,-451,0,635,468,996,14,-514
2026-05-01,6,21326,A,23488,19448,1349,6606,0,22126,0,697,1380,1003,992,103,-451,0,623,499,996,14,-514
2026-05-01,7,20903,A,23288,19023,1239,6606,0,22126,0,686,1202,1003,992,2,-451,0,455,474,996,-234,-514
2026-05-01,8,20801,A,23340,18990,1128,6606,0,22126,0,821,889,1003,992,0,-451,0,449,500,996,-253,-514
2026-05-01,9,20615,A,23606,18880,1074,6606,0,22126,0,873,827,1003,992,-405,-451,0,381,872,995,-249,-513
2026-05-01,10,20394,A,22883,18616,1020,6606,0,22126,0,347,762,1004,992,-438,-451,0,377,948,996,-237,-516
2026-05-01,11,20889,A,22371,19038,1000,6606,0,22126,0,17,673,1004,992,227,-451,0,31,1321,996,177,-514
2026-05-01,12,21224,A,22705,19281,979,6606,22,22126,0,16,402,1004,992,254,-451,0,42,1370,996,227,-514
2026-05-01,13,23190,A,24670,21039,932,6606,358,22126,0,15,13,1002,992,794,-451,0,938,1393,997,1009,-514
2026-05-01,14,23728,A,25208,21505,885,6606,1148,22126,0,15,-166,1002,992,830,-451,0,997,1397,997,1072,-514
2026-05-01,15,25240,A,26722,22900,795,6606,2143,22126,0,17,193,1002,992,1063,-451,0,997,1397,997,1402,-514
2026-05-01,16,26354,A,27830,23903,704,6606,3217,22126,0,11,415,1002,992,1064,-451,0,997,1397,997,1426,-514
2026-05-01,17,25891,A,27368,23252,596,6606,4452,22126,0,12,102,1002,992,1061,-451,0,996,1397,998,1426,-514
2026-05-01,18,25047,A,26523,22390,488,6606,5773,22126,0,11,-323,1002,992,1060,-451,0,997,1397,997,1426,-514
2026-05-01,19,24592,A,26068,21927,450,6606,7037,22126,0,11,-742,1002,992,1059,-451,0,1016,1397,997,1426,-514
2026-05-01,20,23447,A,24923,20739,412,6606,8230,22126,0,11,-1174,1002,992,1059,-451,0,1017,1397,997,1426,-514
2026-05-01,21,22501,A,23977,19818,404,6606,9221,22126,0,11,-1509,1002,992,1058,-451,0,1016,1397,997,1425,-514
2026-05-01,22,22030,A,23510,19381,395,6606,10264,22126,0,15,-1613,1002,992,1058,-451,0,1016,1397,997,1426,-514
2026-05-01,23,21676,A,23154,18992,400,6606,10900,22126,0,13,-1653,1002,992,1059,-451,0,1016,1397,997,1426,-514
2026-05-01,24,21254,A,22732,18561,405,6606,11476,22126,0,13,-1569,1003,992,1058,-451,0,1016,1397,997,1419,-514
2026-05-01,25,20931,A,22409,18304,447,6606,11751,22126,0,13,-1445,1003,992,1058,-451,0,1016,1398,997,1161,-514
2026-05-01,26,20481,A,21959,17835,489,6606,11604,22126,0,13,-1517,1002,992,1058,-451,0,1016,1397,997,1125,-514
2026-05-01,27,20249,A,21722,17509,527,6606,11751,22126,0,8,-1765,1002,992,1059,-451,0,1016,1397,997,507,-514
2026-05-01,28,19885,A,21359,17193,565,6606,11484,22126,0,9,-1762,1003,992,1058,-451,0,1016,1397,997,464,-514
2026-05-01,29,19692,A,21164,17067,604,6606,11102,22126,0,8,-1440,1002,992,1058,-451,0,996,1397,997,464,-513
2026-05-01,30,19805,A,21278,17208,642,6606,10348,22126,0,8,-1349,1003,992,1058,-451,0,996,1397,997,471,-514
2026-05-01,31,20401,A,21871,17900,687,6606,9320,22126,0,5,-1003,1003,992,875,-451,0,902,1397,996,731,-514
2026-05-01,32,21024,A,22493,18531,732,6606,8032,22126,0,4,-703,1002,992,861,-451,0,898,1397,996,763,-514
2026-05-01,33,21619,A,23092,19124,760,6606,7201,22126,0,8,-933,1002,992,910,-451,0,993,1397,997,1249,-514
2026-05-01,34,23364,A,24833,20834,787,6606,6314,22126,0,6,-677,1003,992,912,-451,0,996,1397,997,1286,-512
2026-05-01,35,24598,A,26071,22023,815,6606,4928,22126,0,8,-840,1002,992,1053,-451,0,996,1397,997,1416,-514
2026-05-01,36,26057,A,27531,23334,842,6606,3637,22126,0,9,-892,1003,992,910,-451,0,988,1397,997,1403,-514
2026-05-01,37,26613,A,28242,24068,870,6606,2629,22126,0,3,-281,1004,992,-161,-451,0,397,1397,997,581,-514
2026-05-01,38,27197,A,28850,24710,898,6606,1689,22126,0,3,-79,1004,992,-185,-451,0,363,1397,997,514,-514
2026-05-01,39,27816,A,30251,25344,945,6606,913,22126,0,1,307,1005,992,-845,-451,0,-124,1397,996,190,-514
2026-05-01,40,27737,A,30112,25210,992,6606,318,22126,0,0,127,1005,992,-786,-451,0,-124,1397,997,205,-514
2026-05-01,41,27804,A,29275,25272,1039,6606,29,22126,0,6,-207,1003,992,137,-451,0,728,1397,997,1231,-514
2026-05-01,42,27452,A,28921,25003,1086,6606,0,22126,0,4,-64,1003,992,158,-451,0,782,1397,997,1314,-514
2026-05-01,43,27781,A,29256,25317,1083,6606,0,22126,0,10,-72,1002,992,814,-451,0,989,1397,997,1419,-514
2026-05-01,44,27102,A,28589,24644,1080,6606,0,22126,0,17,-375,1002,992,767,-451,0,997,1397,997,1426,-519
2026-05-01,45,26010,A,27862,23710,1024,6606,0,22126,0,11,-283,1003,992,-376,-451,0,931,1398,997,1386,-514
2026-05-01,46,25044,A,26925,22895,968,6606,0,22126,0,8,-383,1003,992,-408,-451,0,929,1398,997,1380,-514
2026-05-01,47,24050,A,25527,21969,945,6606,0,22126,0,12,-197,1002,992,331,-451,0,854,1397,997,1280,-514
2026-05-01,48,22919,A,24397,20930,921,6606,0,22126,0,13,4,1003,992,370,-451,0,851,1397,997,1276,-514
2026-05-02,1,22808,A,24284,20802,904,6606,0,22126,0,11,-155,1002,992,563,-451,0,946,1397,998,1415,-514
2026-05-02,2,22359,A,23835,20380,886,6606,0,22126,0,11,-370,1002,992,571,-451,0,950,1397,998,1426,-514
2026-05-02,3,21588,A,23064,19666,860,6606,0,22126,0,11,-700,1003,992,597,-451,0,952,1397,998,1426,-514
2026-05-02,4,21952,A,23428,20074,833,6606,0,22126,0,11,-298,1002,992,598,-451,0,952,1397,998,1426,-514
2026-05-02,5,21266,A,22742,19416,814,6606,0,22126,0,11,-377,1002,992,566,-451,0,996,1397,998,1426,-514
2026-05-02,6,20841,A,22317,19008,794,6606,0,22126,0,11,-293,1003,992,564,-451,0,998,1397,998,1426,-514
2026-05-02,7,20392,A,21869,18521,791,6606,0,22126,0,11,-365,1003,992,238,-452,0,855,1397,998,1426,-514
2026-05-02,8,19939,A,21422,18124,788,6606,0,22126,0,11,-497,1003,992,222,-452,0,850,1397,997,1426,-520
2026-05-02,9,19572,A,21145,17829,756,6606,0,22126,0,11,-428,1003,992,-96,-452,0,807,1397,997,1426,-514
2026-05-02,10,19372,A,21153,17651,723,6606,0,22126,0,211,-426,1003,992,-104,-452,0,805,1397,997,1426,-514
2026-05-02,11,19233,A,20713,17551,681,6606,0,22126,0,12,-493,1004,992,-2,-452,0,673,1397,998,1426,-514
2026-05-02,12,19203,A,20681,17533,638,6606,31,22126,0,12,-484,1004,992,0,-452,0,669,1397,998,1426,-514
2026-05-02,13,19635,A,21091,17901,577,6606,383,22126,0,14,-518,1003,992,781,-428,0,982,1397,998,1426,-514
2026-05-02,14,19889,A,21368,18083,515,6606,983,22126,0,13,-558,1003,992,979,-452,0,995,1397,998,1426,-514
2026-05-02,15,20447,A,21925,18546,476,6606,1611,22126,0,12,-306,1003,992,1002,-452,0,997,1397,997,1426,-514
2026-05-02,16,20780,A,22252,18753,437,6606,2629,22126,0,6,-125,1003,992,1002,-452,0,997,1397,997,1426,-514
2026-05-02,17,21078,A,22550,18920,462,6606,3791,22126,0,6,-186,1003,992,1003,-452,0,997,1397,997,1426,-514
2026-05-02,18,20722,A,22195,18542,486,6606,5070,22126,0,7,-317,1003,992,1003,-452,0,997,1397,998,1426,-514
2026-05-02,19,20650,A,22180,18405,469,6606,6119,22126,0,64,-614,1003,992,1003,-452,0,1016,1397,998,1426,-514
2026-05-02,20,19913,A,21445,17595,452,6606,7679,22126,0,66,-708,1003,992,1003,-452,0,1016,1397,998,1426,-514
2026-05-02,21,18832,A,20364,16503,450,6606,8848,22126,0,66,-775,1003,992,888,-452,0,663,1397,997,1426,-514
2026-05-02,22,18166,A,19718,15823,447,6606,9384,22126,0,86,-844,1003,992,880,-452,0,649,1397,997,1426,-514
2026-05-02,23,17719,A,19574,15368,451,6606,10231,22126,0,389,-719,1003,992,636,-452,0,627,1397,996,1426,-514
2026-05-02,24,17500,A,19380,15145,454,6606,10975,22126,0,414,-890,1003,992,627,-452,0,627,1397,996,1414,-514
2026-05-02,25,17290,A,19173,14914,447,6606,11674,22126,0,417,-942,1003,992,1001,-452,0,953,1397,997,980,-514
2026-05-02,26,16918,A,19053,14639,440,6606,11675,22126,0,669,-833,1003,992,1003,-452,0,966,1397,998,953,-514
2026-05-02,27,16706,A,18859,14437,437,6606,11472,22126,0,687,-828,1003,992,1003,-452,0,966,1397,998,1067,-514
2026-05-02,28,16830,A,19113,14659,434,6606,10690,22126,0,817,-781,1003,992,1002,-452,0,966,1397,998,1076,-514
2026-05-02,29,17330,A,19676,15286,424,6606,9500,22126,0,880,-375,1003,992,820,-452,0,737,1397,997,1109,-514
2026-05-02,30,18140,A,20341,16083,413,6606,8339,22126,0,735,37,1003,992,808,-452,0,729,1398,997,1120,-514
2026-05-02,31,19322,A,21168,17227,417,6606,7120,22126,0,380,-42,1003,992,1000,-452,0,986,1398,998,1403,-514
2026-05-02,32,20503,A,22251,18375,420,6606,5784,22126,0,282,52,1002,992,1001,-452,0,992,1397,998,1392,-514
2026-05-02,33,22082,A,23557,19893,425,6606,4569,22126,0,8,795,1003,992,620,-453,0,550,1397,998,575,-514
2026-05-02,34,24104,A,25583,21793,430,6606,3254,22126,0,12,968,1003,992,604,-453,0,531,1397,998,477,-514
2026-05-02,35,25438,A,26920,22914,455,6606,2302,22126,0,16,430,1003,992,987,-452,0,635,1397,997,1355,-514
2026-05-02,36,27157,A,28633,24632,480,6606,1463,22126,0,10,546,1003,992,988,-452,0,610,1397,997,1393,-514
2026-05-02,37,27339,A,29149,24861,494,6606,1036,22126,0,6,685,1005,992,232,-452,0,-338,1397,997,527,-514
2026-05-02,38,27192,A,29067,24716,507,6606,647,22126,0,5,667,1005,992,182,-452,0,-404,1397,997,336,-514
2026-05-02,39,26416,A,29657,23976,548,6606,296,22126,0,4,652,1005,992,2,-452,0,-573,1397,997,-1198,-514
2026-05-02,40,26494,A,29875,24228,588,6606,83,22126,0,4,880,1005,992,0,-452,0,-579,1397,997,-1332,-514
2026-05-02,41,26746,A,28856,24324,590,6606,7,22126,0,4,635,1005,992,0,-452,0,-476,1397,997,-164,-514
2026-05-02,42,26694,A,28662,24305,592,6606,0,22126,0,10,640,1005,992,0,-452,0,-446,1397,997,-46,-514
2026-05-02,43,26851,A,28330,24459,613,6606,0,22126,0,13,266,1003,992,109,-452,0,478,1397,997,463,-514
2026-05-02,44,26117,A,27592,23780,633,6606,0,22126,0,9,238,1003,992,117,-452,0,540,1397,997,493,-514
2026-05-02,45,25637,A,27111,23436,629,6606,0,22126,0,8,380,1003,992,397,-452,0,846,1397,997,280,-514
2026-05-02,46,23931,A,25407,21882,624,6606,0,22126,0,10,624,1003,992,409,-452,0,858,1397,997,275,-514
2026-05-02,47,22956,A,24432,21048,668,6606,0,22126,0,10,811,1003,992,387,-452,0,614,1397,997,690,-514
2026-05-02,48,22548,A,24024,20710,712,6606,0,22126,0,10,977,1003,992,388,-452,0,605,1374,997,729,-514
2026-05-03,1,22173,A,23648,20333,758,6606,0,22126,0,9,935,1003,992,801,-452,0,825,1073,998,1023,-514
2026-05-03,2,21638,A,23055,19878,803,6606,0,22126,0,9,1048,1003,992,820,-394,0,833,1038,997,1047,-514
2026-05-03,3,21196,A,22700,19475,874,6606,0,22126,0,128,1045,1003,992,849,-362,0,882,1073,997,1181,-514
2026-05-03,4,21304,A,22973,19630,944,6606,0,22126,0,293,1097,1003,992,850,-362,0,884,1073,998,1189,-514
2026-05-03,5,21010,A,22677,19387,918,6606,0,22126,0,291,1123,1003,992,562,-362,0,761,1038,997,1162,-514
2026-05-03,6,20040,A,21711,18467,892,6606,0,22126,0,295,1063,1003,992,549,-362,0,756,1011,997,1150,-514
2026-05-03,7,19108,A,20633,17618,871,6606,0,22126,0,149,1088,1004,992,264,-362,0,602,714,997,770,-514
2026-05-03,8,19008,A,20394,17536,849,6606,0,22126,0,10,1094,1004,992,252,-362,0,594,650,998,739,-514
2026-05-03,9,18521,A,19907,17055,872,6606,0,22126,0,10,1036,1004,992,321,-362,0,169,313,997,570,-514
2026-05-03,10,18346,A,19732,16907,895,6606,0,22126,0,10,974,1005,992,324,-362,0,145,290,997,557,-514
2026-05-03,11,18132,A,19946,16731,893,6606,0,22126,0,10,941,1006,992,144,-362,0,-428,542,997,587,-514
2026-05-03,12,17897,A,19738,16464,891,6606,1,22126,0,10,821,1006,992,137,-362,0,-455,603,997,600,-514
2026-05-03,13,18357,A,20585,16808,885,6606,84,22126,0,361,518,1005,992,275,-362,0,-491,977,998,975,-514
2026-05-03,14,18609,A,20756,17142,879,6606,314,22126,0,282,723,1006,992,306,-362,0,-489,1048,997,1012,-514
2026-05-03,15,19596,A,21320,17912,882,6606,721,22126,0,282,261,1004,992,986,-386,0,-42,1358,997,1400,-514
2026-05-03,16,19956,A,21649,18258,884,6606,1258,22126,0,226,184,1004,992,1002,-453,0,2,1397,997,1429,-514
2026-05-03,17,20972,A,22611,19119,896,6606,1822,22126,0,166,11,1003,992,1003,-453,0,884,1397,997,1426,-520
2026-05-03,18,21192,A,22820,19336,907,6606,2435,22126,0,161,224,1003,992,1003,-453,0,941,1397,997,1426,-514
2026-05-03,19,22003,A,23631,20023,906,6606,3159,22126,0,161,153,1003,992,1003,-453,0,1014,1397,997,1426,-514
2026-05-03,20,22073,A,23701,20012,904,6606,4063,22126,0,161,45,1003,992,1002,-453,0,1017,1397,997,1426,-514
2026-05-03,21,22270,A,23898,20093,912,6606,4648,22126,0,161,70,1003,992,1003,-453,0,1017,1397,997,1426,-514
2026-05-03,22,22118,A,23747,19779,919,6606,5709,22126,0,162,-358,1003,992,1002,-453,0,1017,1397,997,1426,-514
2026-05-03,23,22159,A,23850,19798,909,6606,6183,22126,0,161,-377,1003,992,1003,-453,-63,992,1397,997,1426,-514
2026-05-03,24,22322,A,24013,19874,899,6606,6314,22126,0,9,-498,1003,992,1003,-453,-215,991,1397,997,1426,-514
2026-05-03,25,22336,A,24176,19862,892,6606,6243,22126,0,7,-683,1003,992,1002,-453,-366,1015,1397,997,1426,-514
2026-05-03,26,22267,A,24141,19815,884,6606,6086,22126,0,7,-720,1003,992,1003,-453,-400,1016,1397,997,1426,-514
2026-05-03,27,22216,A,24075,19791,836,6606,5958,22126,0,7,-597,1003,992,907,-453,-385,779,1397,997,1426,-514
2026-05-03,28,22049,A,23875,19666,787,6606,5756,22126,0,7,-696,1003,992,904,-453,-352,770,1397,997,1426,-514
2026-05-03,29,22005,A,23686,19592,759,6606,5749,22126,0,7,-807,1003,992,1002,-453,-207,972,1397,997,1426,-514
2026-05-03,30,22069,A,23725,19601,731,6606,5939,22126,0,7,-625,1003,992,1003,-453,-182,979,1397,997,1426,-514
2026-05-03,31,22483,A,24005,20001,694,6606,5501,22126,0,7,-710,1003,992,1002,-453,-48,971,1397,997,1426,-514
2026-05-03,32,22925,A,24463,20430,657,6606,5465,22126,0,7,-771,1003,992,1003,-453,-64,970,1397,997,1426,-514
2026-05-03,33,23703,A,25215,21166,637,6606,4723,22126,0,7,-734,1003,992,930,-441,-50,757,1397,997,1426,-514
2026-05-03,34,24810,A,26216,22165,616,6606,4091,22126,0,7,-519,1003,992,925,-354,-31,749,1397,997,1425,-514
2026-05-03,35,25595,A,27230,22855,602,6606,3480,22126,0,7,-507,1003,992,663,-439,-175,880,1397,997,1383,-514
2026-05-03,36,26544,A,28344,23765,587,6606,2798,22126,0,7,-381,1003,992,652,-453,-326,884,1397,997,1371,-514
2026-05-03,37,26637,A,28573,23844,567,6606,2009,22126,0,7,-252,1004,992,617,-453,-462,590,1397,997,1027,-514
2026-05-03,38,27150,A,29127,24476,546,6606,1254,22126,0,7,-31,1004,992,616,-453,-503,579,1397,997,1003,-514
2026-05-03,39,27426,A,29408,24835,533,6606,691,22126,0,3,272,1004,992,810,-453,-512,492,1397,997,1020,-514
2026-05-03,40,27250,A,29253,24670,520,6606,274,22126,0,6,314,1004,992,818,-453,-530,489,1397,997,1032,-514
2026-05-03,41,27376,A,29383,24822,524,6606,33,22126,0,10,159,1003,992,878,-453,-530,717,1397,997,1320,-514
2026-05-03,42,27062,A,29055,24408,528,6606,0,22126,0,10,-106,1003,992,879,-453,-516,725,1397,997,1337,-514
2026-05-03,43,26805,A,28812,24176,516,6606,0,22126,0,10,-247,1003,992,860,-453,-530,725,1397,997,1187,-514
2026-05-03,44,26323,A,28330,23671,503,6606,0,22126,0,10,-289,1003,992,860,-453,-530,725,1377,997,1170,-514
2026-05-03,45,25238,A,27218,22697,490,6606,0,22126,0,9,-277,1003,992,993,-453,-504,889,1129,998,940,-514
2026-05-03,46,23921,A,25782,21509,476,6606,0,22126,0,5,-352,1003,992,998,-453,-389,895,1117,998,923,-514
2026-05-03,47,22710,A,24495,20463,462,6606,0,22126,0,5,-533,1003,992,758,-453,-313,709,1366,997,895,-514
2026-05-03,48,22206,A,23870,20067,448,6606,0,22126,0,5,-505,1003,992,749,-386,-259,702,1397,997,894,-514
2026-05-04,1,21648,A,23410,19460,441,6606,0,22126,0,237,-868,1003,992,782,-333,-178,888,1397,997,1015,-514
2026-05-04,2,21653,A,23441,19465,433,6606,0,22126,0,312,-1014,1003,992,783,-333,-129,894,1397,997,1030,-514
2026-05-04,3,21533,A,23376,19345,425,6606,0,22126,0,312,-1137,1003,992,679,-333,-184,952,1391,997,1036,-514
2026-05-04,4,21536,A,23238,19435,416,6606,0,22126,0,168,-966,1003,992,675,-333,-187,953,1385,997,1035,-514
2026-05-04,5,20991,A,22766,18941,388,6606,0,22126,0,161,-948,1003,992,531,-333,-267,712,1316,997,921,-514
2026-05-04,6,20574,A,22512,18521,360,6606,0,22126,0,294,-1006,1003,992,497,-333,-297,700,1306,997,903,-514
2026-05-04,7,20012,A,22262,18071,368,6606,0,22126,0,437,-317,1004,991,-96,-333,-370,235,1299,997,531,-514
2026-05-04,8,19665,A,21842,17739,375,6606,0,22126,0,438,-613,1005,991,-104,-333,-288,213,1292,997,484,-514
2026-05-04,9,19325,A,21921,17461,366,6606,0,22126,0,88,-323,1005,991,-638,-333,-166,-70,1215,998,-287,-514
2026-05-04,10,19178,A,21824,17335,356,6606,0,22126,0,8,-104,1005,991,-729,-333,-111,-95,1216,997,-356,-514
2026-05-04,11,19052,A,23293,17230,362,6606,0,22126,0,8,457,1006,991,-1054,-331,-7,-851,1349,997,-976,-514
2026-05-04,12,19017,A,23352,17166,367,6606,1,22126,0,7,604,1007,991,-1068,-340,0,-894,1368,996,-1012,-514
2026-05-04,13,19753,A,23930,17835,380,6606,48,22126,0,7,803,1007,991,-1035,-344,0,-1002,1394,965,-775,-514
2026-05-04,14,20363,A,24572,18358,392,6606,225,22126,0,10,889,999,989,-1034,-444,-8,-997,1397,961,-702,-514
2026-05-04,15,21430,A,24146,19188,414,6606,515,22126,0,10,624,741,904,-769,-452,-108,-363,1397,893,493,-514
2026-05-04,16,21800,A,24500,19520,435,6606,926,22126,0,9,631,742,899,-690,-452,-208,-327,1397,888,611,-514
2026-05-04,17,23278,A,25054,20905,445,6606,1586,22126,0,9,769,917,904,94,-452,-301,121,1397,868,1026,-514
2026-05-04,18,23340,A,25210,20988,455,6606,2319,22126,0,91,702,924,907,103,-452,-314,147,1397,869,1064,-513
2026-05-04,19,24457,A,26467,22129,469,6606,2906,22126,0,163,822,903,968,672,-452,-381,716,1397,974,1401,-514
2026-05-04,20,24187,A,26136,21947,483,6606,3522,22126,0,170,805,907,972,773,-452,-313,744,1397,981,1424,-514
2026-05-04,21,24253,A,26261,22117,497,6606,4023,22126,0,167,937,998,988,973,-452,-375,894,1397,997,1424,-514
2026-05-04,22,24145,A,26253,22066,510,6606,4617,22126,0,165,1166,1002,989,981,-452,-477,899,1397,996,1424,-514
2026-05-04,23,24002,A,26160,21984,511,6606,5304,22126,0,167,1160,975,960,927,-452,-525,856,1397,920,1425,-514
2026-05-04,24,23534,A,25638,21511,511,6606,5598,22126,0,168,1230,972,959,924,-452,-470,854,1397,917,1425,-514
2026-05-04,25,23233,A,25335,21227,521,6606,6175,22126,0,170,1284,1000,989,981,-452,-466,882,1397,992,1425,-514
2026-05-04,26,23376,A,25473,21464,530,6606,6515,22126,0,166,1266,1003,992,982,-452,-465,883,1397,997,1425,-514
2026-05-04,27,22844,A,25381,20892,542,6606,6491,22126,0,562,1233,979,992,1036,-452,-502,963,1397,997,1425,-521
2026-05-04,28,22563,A,25297,20626,554,6606,6508,22126,0,783,1037,977,992,1038,-453,-484,966,1397,997,1425,-514
2026-05-04,29,22516,A,25159,20562,562,6606,6381,22126,0,666,855,977,992,999,-453,-510,751,1397,993,1401,-514
2026-05-04,30,22251,A,24955,20215,569,6606,6087,22126,0,850,751,978,992,996,-452,-388,743,1397,992,1388,-514
2026-05-04,31,22341,A,24790,20341,623,6606,5625,22126,0,604,1036,1003,992,657,-452,-379,533,1396,997,965,-514
2026-05-04,32,23118,A,25156,21047,677,6606,4947,22126,0,283,1075,1003,992,600,-452,-289,520,1397,997,931,-514
2026-05-04,33,23760,A,25596,21618,686,6606,4714,22126,0,29,1107,1004,991,3,-453,-375,23,1397,998,737,-479
2026-05-04,34,24946,A,26782,22669,695,6606,4331,22126,0,16,934,1004,991,0,-453,-347,-7,1397,997,719,-513
2026-05-04,35,26311,A,29439,23930,679,6606,3630,22126,0,14,1202,1005,991,-688,-453,-366,-593,1397,997,555,-514
2026-05-04,36,26891,A,30117,24458,662,6606,2916,22126,0,15,1224,985,985,-837,-453,-284,-623,1397,993,418,-514
2026-05-04,37,27174,A,32307,24865,644,6606,2216,22126,0,9,2131,501,754,-1054,-453,-400,-1006,1397,877,-1197,-514
2026-05-04,38,27495,A,32923,25252,626,6606,1448,22126,0,4,2091,503,745,-1062,-453,-477,-1022,1397,872,-1396,-514
2026-05-04,39,28032,A,33469,25704,623,6606,727,22126,0,4,1831,977,966,-1068,-453,-450,-1006,1397,989,-1442,-514
2026-05-04,40,28009,A,33514,25607,620,6606,298,22126,0,4,1587,993,980,-1069,-453,-521,-999,1397,996,-1445,-514
2026-05-04,41,27826,A,32763,25367,671,6606,83,22126,0,4,1180,939,912,-1064,-453,-529,-428,1397,951,-1445,-514
2026-05-04,42,27733,A,32589,25299,721,6606,0,22126,0,5,1370,940,909,-1062,-453,-515,-400,1397,948,-1407,-514
2026-05-04,43,28042,A,31148,25645,745,6606,0,22126,0,12,1128,987,939,-586,-453,-529,-121,1397,970,-391,-514
2026-05-04,44,27088,A,30086,24654,768,6606,0,22126,0,11,758,988,942,-563,-453,-529,-110,1397,972,-318,-514
2026-05-04,45,26177,A,29588,23894,765,6606,0,22126,0,9,698,1004,988,-758,-453,-529,-115,1397,994,-533,-514
2026-05-04,46,24071,A,27504,21866,762,6606,0,22126,0,9,315,1004,992,-765,-453,-529,-115,1389,996,-548,-514
2026-05-04,47,23132,A,26645,21128,760,6606,0,22126,0,6,695,1004,992,-736,-453,-528,-262,1290,996,-514,-514
2026-05-04,48,22406,A,25918,20479,758,6606,0,22126,0,9,869,1005,992,-734,-453,-528,-267,1248,996,-507,-514
2026-05-05,1,22150,A,25257,20224,745,6606,0,22126,0,9,1030,1005,992,-601,-453,-529,-172,874,996,-329,-514
2026-05-05,2,21803,A,24794,19869,731,6606,0,22126,0,8,810,1005,992,-595,-394,-484,-168,804,996,-316,-526
2026-05-05,3,21850,A,24625,19936,696,6606,0,22126,0,6,850,1004,992,-666,-372,-426,91,505,996,-291,-514
2026-05-05,4,21562,A,24293,19715,661,6606,0,22126,0,6,474,1004,992,-670,-372,-374,102,460,997,-295,-514
2026-05-05,5,21128,A,24240,19316,675,6606,0,22126,0,6,454,1004,992,-684,-372,-504,74,358,997,-532,-514
2026-05-05,6,20734,A,23890,18894,689,6606,0,22126,0,6,648,1004,992,-685,-372,-513,73,333,996,-554,-526
2026-05-05,7,20500,A,24078,18706,710,6606,0,22126,0,6,1030,1005,992,-828,-372,-511,-65,185,996,-782,-514
2026-05-05,8,20086,A,23647,18330,731,6606,0,22126,0,6,1111,1005,992,-835,-372,-450,-70,155,997,-814,-514
2026-05-05,9,19989,A,24347,18246,727,6606,0,22126,0,9,1348,1005,992,-951,-372,-372,-230,13,997,-1410,-514
2026-05-05,10,19492,A,23880,17742,723,6606,0,22126,0,9,1211,998,992,-956,-372,-337,-249,-1,996,-1450,-514
2026-05-05,11,20179,A,25433,18407,734,6606,0,22126,0,7,1169,836,992,-1049,-372,-382,-980,46,950,-1450,-514
2026-05-05,12,20293,A,25581,18490,744,6606,46,22126,0,12,1001,834,992,-1053,-372,-366,-1021,81,949,-1450,-514
2026-05-05,13,22455,A,27635,20570,683,6606,469,22126,0,12,1015,927,992,-1046,-379,-258,-1021,453,992,-1450,-514
2026-05-05,14,23884,A,29163,21838,621,6606,1175,22126,0,10,1039,931,990,-1045,-397,-371,-1008,529,995,-1434,-514
2026-05-05,15,25231,A,29037,22913,630,6606,1989,22126,0,13,536,939,952,-686,-452,-508,-281,903,973,-852,-514
2026-05-05,16,26231,A,29894,23754,639,6606,2852,22126,0,13,772,940,947,-622,-453,-531,-240,951,972,-790,-514
2026-05-05,17,26939,A,28950,24413,673,6606,4169,22126,0,13,482,981,891,259,-453,-531,50,972,973,22,-514
2026-05-05,18,26255,A,28266,23810,706,6606,5427,22126,0,13,286,982,889,285,-453,-531,61,945,973,88,-514
2026-05-05,19,25392,A,27400,22966,721,6606,6142,22126,0,11,226,1003,915,409,-452,-531,112,573,958,526,-514
2026-05-05,20,24413,A,26420,21948,736,6606,7105,22126,0,10,197,1003,918,416,-452,-531,114,534,956,561,-514
2026-05-05,21,23829,A,25835,21281,752,6606,7885,22126,0,9,97,989,936,825,-452,-531,287,629,921,730,-514
2026-05-05,22,23259,A,25265,20687,767,6606,8458,22126,0,9,341,984,937,843,-452,-531,293,661,919,745,-514
2026-05-05,23,23207,A,25213,20616,793,6606,9164,22126,0,9,281,841,928,462,-452,-531,116,908,952,728,-514
2026-05-05,24,23010,A,25016,20529,818,6606,9528,22126,0,9,513,840,927,445,-452,-531,110,946,954,726,-514
2026-05-05,25,23250,A,25256,20789,880,6606,9309,22126,0,9,507,922,902,506,-452,-531,274,1045,968,700,-514
2026-05-05,26,23283,A,25301,20785,941,6606,8800,22126,0,9,580,928,903,511,-452,-531,282,1032,969,699,-526
2026-05-05,27,23527,A,25798,21090,972,6606,8402,22126,0,274,522,999,986,962,-452,-531,687,712,995,760,-514
2026-05-05,28,23584,A,25869,21204,1003,6606,7626,22126,0,288,641,1002,992,981,-452,-531,704,646,997,757,-514
2026-05-05,29,23386,A,25673,21016,1037,6606,6806,22126,0,291,611,1003,992,645,-452,-530,810,313,997,466,-514
2026-05-05,30,23403,A,25690,21070,1071,6606,6402,22126,0,291,730,1003,992,631,-452,-530,814,258,997,440,-514
2026-05-05,31,23805,A,25995,21555,1144,6606,5836,22126,0,193,915,1002,991,592,-452,-531,990,72,996,241,-514
2026-05-05,32,24477,A,26603,22161,1217,6606,5334,22126,0,129,883,1002,992,590,-452,-531,994,79,997,189,-514
2026-05-05,33,24368,A,27175,22004,1267,6606,4707,22126,0,17,861,1003,992,386,-452,-530,588,452,996,-794,-514
2026-05-05,34,26301,A,29184,23832,1316,6606,4141,22126,0,13,960,1003,991,373,-452,-530,567,528,994,-874,-514
2026-05-05,35,27017,A,30056,24467,1339,6606,3381,22126,0,14,1103,977,974,105,-452,-530,98,901,923,-1029,-514
2026-05-05,36,27999,A,31060,25463,1362,6606,2516,22126,0,15,1010,976,973,103,-452,-530,73,977,919,-1050,-514
2026-05-05,37,28903,A,33191,26434,1421,6606,1894,22126,0,5,1117,725,990,-427,-452,-530,-437,1351,947,-1423,-514
2026-05-05,38,29204,A,33561,26706,1480,6606,1201,22126,0,10,865,705,992,-488,-451,-521,-460,1387,950,-1448,-479
2026-05-05,39,29394,A,34297,26948,1451,6606,619,22126,0,10,972,980,992,-887,-451,-529,-565,1266,994,-1448,-513
2026-05-05,40,29483,A,34358,26998,1422,6606,238,22126,0,9,797,1005,992,-902,-451,-530,-544,1261,997,-1425,-514
2026-05-05,41,30223,A,33274,27607,1311,6606,38,22126,0,15,385,1003,992,-463,-451,-530,349,1382,997,-578,-514
2026-05-05,42,30129,A,33097,27420,1200,6606,0,22126,0,14,333,1003,992,-442,-451,-530,406,1397,997,-517,-514
2026-05-05,43,29776,A,32401,27104,1197,6606,0,22126,0,11,134,1003,992,-299,-451,-531,180,1397,997,-319,-514
2026-05-05,44,28617,A,31218,25884,1194,6606,0,22126,0,5,-347,1003,992,-294,-451,-530,171,1367,997,-307,-514
2026-05-05,45,27019,A,30061,24474,1127,6606,0,22126,0,3,-213,1004,992,-565,-451,-530,-89,993,997,-390,-514
2026-05-05,46,25360,A,28392,22994,1060,6606,0,22126,0,3,-269,1004,991,-556,-451,-529,-89,918,996,-390,-514
2026-05-05,47,24012,A,26246,21802,1016,6606,0,22126,0,4,-343,995,982,-106,-451,-516,554,545,986,-143,-514
2026-05-05,48,23168,A,25285,20983,972,6606,0,22126,0,5,-389,994,981,-104,-451,-421,587,497,984,-122,-514
2026-05-06,1,23175,A,25171,20939,947,6606,0,22126,0,12,-524,978,963,314,-451,-507,692,479,962,25,-526
2026-05-06,2,22743,A,24920,20573,921,6606,0,22126,0,184,-445,977,961,349,-451,-528,696,476,960,40,-514
2026-05-06,3,22545,A,25105,20306,870,6606,0,22126,0,567,-516,977,961,411,-451,-528,824,461,960,242,-514
2026-05-06,4,22776,A,25355,20592,818,6606,0,22126,0,585,-317,977,962,413,-451,-529,829,455,960,257,-514
2026-05-06,5,22359,A,24940,20215,812,6606,0,22126,0,587,-340,931,961,456,-451,-529,688,408,960,280,-514
2026-05-06,6,21767,A,24547,19681,806,6606,0,22126,0,785,-376,927,962,457,-451,-530,684,383,961,281,-514
2026-05-06,7,21716,A,24566,19634,794,6606,0,22126,0,854,-536,973,977,357,-451,-531,957,134,984,275,-514
2026-05-06,8,20805,A,23658,18700,781,6606,0,22126,0,858,-713,977,978,343,-451,-530,968,97,985,260,-514
2026-05-06,9,20685,A,23872,18666,802,6606,0,22126,0,762,-373,1000,991,-251,-451,-452,939,6,996,-257,-514
2026-05-06,10,21091,A,24228,19023,822,6606,0,22126,0,628,-358,1002,992,-296,-451,-432,895,-1,997,-315,-514
2026-05-06,11,20819,A,25026,18828,797,6606,0,22126,0,19,-246,1004,992,-1034,-451,-349,-198,44,997,-1142,-514
2026-05-06,12,21282,A,25761,19194,772,6606,46,22126,0,52,-353,1004,992,-1069,-451,-421,-284,79,997,-1188,-514
2026-05-06,13,23062,A,26736,20798,780,6606,427,22126,0,80,-237,1004,989,-750,-451,-317,-227,452,997,-835,-514
2026-05-06,14,24468,A,27990,22193,788,6606,1135,22126,0,13,128,1004,989,-673,-451,-397,-185,528,997,-789,-514
2026-05-06,15,26912,A,28910,24316,806,6606,2046,22126,0,13,-418,1002,992,538,-451,-520,875,901,997,90,-514
2026-05-06,16,27499,A,29505,24713,824,6606,3010,22126,0,10,-636,1001,992,632,-451,-531,955,977,998,165,-514
2026-05-06,17,27843,A,29849,24962,816,6606,4078,22126,0,10,-928,1002,992,824,-451,-531,984,1349,997,685,-514
2026-05-06,18,27375,A,29383,24546,807,6606,5185,22126,0,12,-877,1002,992,831,-451,-531,985,1396,998,723,-514
2026-05-06,19,26853,A,28860,24020,799,6606,5936,22126,0,12,-966,1002,992,1048,-451,-531,1010,1397,997,790,-513
2026-05-06,20,25652,A,27660,22864,791,6606,6777,22126,0,12,-1371,1002,991,1057,-451,-531,1011,1397,998,793,-514
2026-05-06,21,24873,A,26835,22224,779,6606,7700,22126,0,11,-1212,1002,982,838,-451,-486,904,1397,992,740,-514
2026-05-06,22,24359,A,26286,21748,767,6606,8680,22126,0,12,-1303,1002,982,829,-451,-450,900,1397,991,736,-514
2026-05-06,23,23842,A,25848,21298,722,6606,9489,22126,0,13,-1194,1002,991,1030,-451,-528,1012,1397,998,762,-514
2026-05-06,24,23651,A,25660,21145,677,6606,10003,22126,0,14,-1085,1002,991,1037,-451,-530,1016,1397,997,764,-514
2026-05-06,25,23524,A,25533,21046,702,6606,10001,22126,0,14,-1097,1002,973,1020,-451,-530,988,1397,997,780,-514
2026-05-06,26,23380,A,25390,20889,726,6606,9702,22126,0,15,-1097,1002,973,1019,-451,-530,986,1397,998,794,-514
2026-05-06,27,23329,A,25487,20808,682,6606,9681,22126,0,175,-1264,1002,990,1013,-451,-519,1015,1397,997,1248,-513
2026-05-06,28,23605,A,25665,21163,637,6606,9289,22126,0,96,-1096,1002,991,1013,-451,-529,1016,1397,998,1279,-484
2026-05-06,29,23807,A,25820,21330,644,6606,8271,22126,0,20,-1158,1002,992,1013,-451,-529,926,1397,998,1209,-513
2026-05-06,30,24007,A,26022,21515,651,6606,7729,22126,0,19,-1135,1003,992,1011,-452,-530,923,1394,997,1202,-514
2026-05-06,31,24946,A,26960,22510,652,6606,6983,22126,0,20,-1117,1003,992,983,-451,-529,875,1357,998,1135,-514
2026-05-06,32,25633,A,27646,23213,652,6606,6177,22126,0,19,-698,1002,992,981,-451,-529,873,1339,998,1115,-514
2026-05-06,33,26647,A,28652,24193,662,6606,5389,22126,0,17,-418,1003,992,926,-451,-523,806,1177,997,565,-514
2026-05-06,34,27853,A,29861,25241,672,6606,4512,22126,0,15,78,1003,992,926,-451,-528,803,1165,997,530,-514
2026-05-06,35,28979,A,30988,26262,678,6606,3819,22126,0,15,109,1003,992,739,-451,-529,649,1263,998,664,-514
2026-05-06,36,29885,A,31894,27157,684,6606,2951,22126,0,15,253,1003,990,728,-452,-528,643,1284,996,656,-514
2026-05-06,37,29907,A,31938,27194,710,6606,1969,22126,0,11,527,962,913,219,-451,-527,490,1384,935,-29,-513
2026-05-06,38,30709,A,32751,28003,736,6606,1389,22126,0,5,511,931,911,195,-451,-496,486,1384,934,-76,-514
2026-05-06,39,31215,A,33239,28542,747,6606,933,22126,0,6,669,996,987,507,-451,-494,813,1221,994,-59,-514
2026-05-06,40,31031,A,33083,28364,757,6606,382,22126,0,4,764,1002,987,521,-451,-528,826,1197,996,-42,-527
2026-05-06,41,30785,A,32785,28145,780,6606,68,22126,0,8,650,1003,812,658,-451,-527,686,1136,962,519,-514
2026-05-06,42,30158,A,32159,27546,802,6606,0,22126,0,8,635,1003,805,663,-451,-528,681,1136,960,562,-514
2026-05-06,43,30735,A,32736,28163,838,6606,0,22126,0,9,927,1002,980,799,-451,-527,894,1214,995,699,-514
2026-05-06,44,29174,A,31180,26695,874,6606,0,22126,0,14,863,1002,990,804,-451,-527,898,1197,990,710,-514
2026-05-06,45,27740,A,29746,25454,900,6606,0,22126,0,13,1223,1003,929,700,-451,-528,429,848,744,756,-514
2026-05-06,46,26520,A,28525,24470,926,6606,0,22126,0,12,1451,1002,921,641,-451,-528,401,776,729,737,-514
2026-05-06,47,25182,A,27651,23283,937,6606,0,22126,0,11,1829,851,795,-169,-451,-528,-177,402,779,-119,-514
2026-05-06,48,23942,A,26513,22164,947,6606,0,22126,0,12,1778,837,791,-184,-451,-527,-205,332,785,-178,-514
2026-05-07,1,23641,A,26542,21796,1013,6606,0,22126,0,10,1674,961,979,-447,-451,-527,-247,33,892,-205,-514
2026-05-07,2,22956,A,26113,21016,1079,6606,0,22126,0,237,1490,972,989,-458,-451,-527,-249,-7,901,-214,-514
2026-05-07,3,22861,A,26715,20976,1089,6606,0,22126,0,295,1831,964,891,-717,-451,-527,-376,-41,964,-433,-514
2026-05-07,4,23018,A,26926,21201,1099,6606,0,22126,0,295,1900,963,886,-727,-451,-527,-380,-67,969,-447,-514
2026-05-07,5,22710,A,26824,20982,1112,6606,0,22126,0,168,1965,1000,985,-762,-451,-527,-452,-342,995,-398,-514
2026-05-07,6,22089,A,26321,20409,1124,6606,0,22126,0,223,2029,1004,992,-764,-451,-527,-454,-393,996,-406,-514
2026-05-07,7,21904,A,26483,20258,1121,6606,0,22126,0,25,1954,1004,992,-761,-451,-527,-377,-607,996,-817,-514
2026-05-07,8,21336,A,25985,19701,1117,6606,0,22126,0,11,1934,1004,992,-761,-451,-528,-375,-656,997,-853,-514
2026-05-07,9,21073,A,26731,19532,1130,6606,0,22126,0,56,2224,1004,992,-883,-451,-527,-664,-931,981,-1132,-514
2026-05-07,10,21083,A,26905,19626,1143,6606,0,22126,0,169,2438,1004,992,-887,-451,-514,-675,-954,980,-1158,-514
2026-05-07,11,20896,A,27169,19439,1139,6606,0,22126,0,316,2518,1004,992,-1012,-451,-463,-805,-813,996,-1399,-514
2026-05-07,12,21117,A,27326,19621,1134,6606,65,22126,0,320,2663,1004,992,-1017,-451,-429,-809,-765,996,-1404,-514
2026-05-07,13,22759,A,27860,21153,1110,6606,390,22126,0,311,2513,1004,992,-893,-451,-521,-537,-382,996,-992,-514
2026-05-07,14,24413,A,29254,22673,1085,6606,894,22126,0,311,2353,1004,992,-791,-451,-530,-495,-305,996,-944,-514
2026-05-07,15,26658,A,29204,24629,1082,6606,1728,22126,0,313,2010,1002,992,94,-451,-529,475,74,996,-236,-517
2026-05-07,16,27410,A,29891,25229,1079,6606,2825,22126,0,310,1860,1001,992,103,-451,-529,543,151,997,-177,-514
2026-05-07,17,27726,A,30035,25409,1070,6606,3838,22126,0,314,1618,1001,992,433,-451,-530,355,523,997,238,-514
2026-05-07,18,27429,A,29737,25084,1060,6606,4746,22126,0,313,1654,1002,992,471,-451,-530,354,569,997,257,-514
2026-05-07,19,27013,A,29526,24630,1124,6606,5540,22126,0,317,1537,1001,992,785,-451,-530,893,571,996,-201,-514
2026-05-07,20,25979,A,28511,23626,1188,6606,6417,22126,0,320,1582,1000,992,799,-451,-530,918,555,997,-217,-514
2026-05-07,21,25379,A,27620,23117,1265,6606,7560,22126,0,319,1508,1000,992,926,-451,-457,918,354,996,354,-514
2026-05-07,22,24735,A,27105,22465,1341,6606,8075,22126,0,591,1310,1001,992,928,-451,-314,918,307,997,412,-514
2026-05-07,23,24636,A,27529,22249,1358,6606,8445,22126,0,1076,1230,1000,992,1027,-451,-352,1013,30,996,1073,-514
2026-05-07,24,24720,A,27624,22389,1374,6606,8433,22126,0,1174,1351,1000,992,1031,-422,-301,1016,7,996,1115,-507
2026-05-07,25,24787,A,27818,22571,1452,6606,8035,22126,0,1166,1597,1000,992,1054,-451,-407,1016,143,997,1003,-507
2026-05-07,26,24717,A,27675,22485,1530,6606,7786,22126,0,1159,1651,1000,992,1054,-451,-342,1016,149,996,988,-506
2026-05-07,27,24475,A,27446,22359,1561,6606,7586,22126,0,1166,2012,1000,992,949,-451,-347,892,12,996,733,-507
2026-05-07,28,24279,A,27120,22251,1591,6606,7340,22126,0,1044,2121,1001,992,944,-451,-352,887,-5,997,702,-489
2026-05-07,29,23876,A,26550,21970,1597,6606,6660,22126,0,888,2576,1001,992,605,-451,-317,600,-5,996,227,-513
2026-05-07,30,24360,A,26704,22426,1602,6606,5902,22126,0,610,2490,1002,992,590,-451,-315,589,-5,997,198,-463
2026-05-07,31,24638,A,26719,22799,1603,6606,5665,22126,0,326,2324,1003,992,314,-451,-333,790,-5,997,343,-466
2026-05-07,32,25245,A,27236,23321,1603,6606,5265,22126,0,272,2289,1003,992,302,-452,-249,797,-5,997,356,-513
2026-05-07,33,25809,A,27967,23796,1582,6606,4831,22126,0,18,2592,1003,992,-299,-452,-371,797,-4,997,461,-514
2026-05-07,34,26752,A,29074,24651,1561,6606,4447,22126,0,18,2712,1003,992,-328,-452,-505,796,-5,996,446,-514
2026-05-07,35,27618,A,30093,25354,1543,6606,3877,22126,0,13,2675,1003,992,-107,-452,-528,467,-5,997,-356,-514
2026-05-07,36,28485,A,31014,26219,1524,6606,2981,22126,0,11,2673,1004,992,-104,-452,-528,453,-5,997,-415,-514
2026-05-07,37,28954,A,31634,26816,1480,6606,2156,22126,0,7,2852,1004,992,-104,-452,-527,71,-5,997,-571,-514
2026-05-07,38,29185,A,31891,27040,1436,6606,1400,22126,0,4,2644,1004,992,-118,-451,-528,50,-8,997,-583,-514
2026-05-07,39,29612,A,33217,27479,1420,6606,748,22126,0,3,2775,1005,992,-503,-452,-529,-432,-49,997,-623,-514
2026-05-07,40,30297,A,33924,28090,1404,6606,352,22126,0,0,2455,1005,992,-505,-451,-528,-453,-51,997,-625,-514
2026-05-07,41,29806,A,33285,27557,1454,6606,57,22126,0,5,2547,1006,992,-340,-451,-529,-562,-10,997,-568,-514
2026-05-07,42,29922,A,33359,27644,1504,6606,0,22126,0,6,2694,1006,992,-320,-452,-529,-565,-5,997,-546,-514
2026-05-07,43,29580,A,31913,27283,1597,6606,0,22126,0,5,2353,1005,992,94,-452,-529,-328,-5,997,116,-514
2026-05-07,44,28636,A,30961,26442,1689,6606,0,22126,0,6,2284,1005,992,102,-451,-529,-320,-5,996,141,-514
2026-05-07,45,27120,A,30869,25035,1721,6606,0,22126,0,12,2501,1006,992,-493,-452,-529,-672,-7,951,-570,-514
2026-05-07,46,25695,A,29636,23789,1753,6606,0,22126,0,12,2335,1006,992,-571,-452,-530,-686,-37,949,-639,-514
2026-05-07,47,24175,A,29868,22410,1713,6606,0,22126,0,139,2447,1006,992,-962,-452,-530,-783,-414,993,-1399,-514
2026-05-07,48,23474,A,29316,21800,1673,6606,0,22126,0,167,2286,1006,991,-978,-452,-530,-787,-469,997,-1445,-514
2026-05-08,1,23077,A,28528,21405,1640,6606,0,22126,0,166,2136,1006,956,-944,-451,-520,-548,-577,996,-1231,-514
2026-05-08,2,22888,A,28234,21174,1607,6606,0,22126,0,162,1966,1006,954,-942,-451,-440,-539,-585,997,-1213,-514
2026-05-08,3,22727,A,27897,21034,1535,6606,0,22126,0,161,1836,1006,989,-913,-452,-521,-508,-525,996,-1076,-514
2026-05-08,4,22733,A,27885,21080,1463,6606,0,22126,0,163,1830,1006,992,-912,-452,-530,-505,-509,996,-1067,-514
2026-05-08,5,22275,A,26967,20596,1403,6606,0,22126,0,167,1493,1005,992,-929,-451,-529,-99,-406,997,-1097,-514
2026-05-08,6,21558,A,26245,19894,1342,6606,0,22126,0,166,1447,1005,992,-931,-451,-529,-82,-410,997,-1104,-514
2026-05-08,7,21336,A,26109,19688,1257,6606,0,22126,0,10,1501,1005,992,-895,-452,-530,154,-612,996,-1259,-515
2026-05-08,8,20736,A,25551,19085,1171,6606,0,22126,0,6,1415,1005,992,-896,-452,-529,161,-648,996,-1270,-514
2026-05-08,9,20791,A,25951,19112,1124,6606,0,22126,0,6,1572,1005,992,-919,-452,-528,-156,-792,997,-1293,-514
2026-05-08,10,20940,A,26208,19162,1076,6606,0,22126,0,122,1334,1006,992,-920,-451,-511,-169,-783,996,-1298,-514
2026-05-08,11,20878,A,25806,19070,1018,6606,0,22126,0,165,1312,1005,992,-1037,-451,-379,-23,-446,996,-1413,-514
2026-05-08,12,21306,A,26055,19512,959,6606,59,22126,0,164,1298,1005,992,-1043,-452,-281,-16,-375,996,-1404,-514
2026-05-08,13,23023,A,26613,21068,863,6606,369,22126,0,164,1077,1004,992,-870,-452,-265,322,3,996,-825,-514
2026-05-08,14,24369,A,27922,22293,767,6606,987,22126,0,165,950,1004,992,-770,-452,-402,336,79,997,-750,-514
2026-05-08,15,26350,A,28507,23907,707,6606,1910,22126,0,173,486,1004,992,-3,-452,-515,595,452,997,202,-514
2026-05-08,16,27405,A,29529,24731,646,6606,2937,22126,0,165,440,1004,992,0,-452,-493,607,527,998,290,-514
2026-05-08,17,27881,A,30048,25088,655,6606,4098,22126,0,170,246,1002,992,828,-452,-531,982,901,997,755,-514
2026-05-08,18,27036,A,29204,24302,663,6606,5221,22126,0,172,154,1002,992,1056,-452,-530,997,977,997,787,-514
2026-05-08,19,27066,A,29230,24333,668,6606,6166,22126,0,168,185,1002,992,1043,-451,-531,1016,1350,997,794,-514
2026-05-08,20,25507,A,27673,22810,672,6606,7537,22126,0,171,-243,1002,992,1043,-451,-530,1016,1397,997,794,-514
2026-05-08,21,24454,A,26578,21980,640,6606,8642,22126,0,167,-92,1002,991,1054,-451,-492,1002,1397,998,794,-514
2026-05-08,22,23815,A,25977,21456,608,6606,9687,22126,0,167,-149,1002,991,1054,-451,-530,1001,1397,998,794,-514
2026-05-08,23,23146,A,25308,20674,631,6606,10183,22126,0,167,-227,1002,991,1050,-451,-530,1015,1397,997,794,-514
2026-05-08,24,22928,A,25400,20465,653,6606,10486,22126,0,478,-148,1003,991,1050,-451,-530,1016,1397,997,794,-513
2026-05-08,25,22626,A,25264,20220,656,6606,10641,22126,0,643,-26,1002,991,1054,-451,-530,1016,1397,997,794,-514
2026-05-08,26,22160,A,24630,19794,658,6606,10524,22126,0,475,-10,1002,991,1054,-451,-530,1016,1397,997,794,-514
2026-05-08,27,21682,A,24036,19361,638,6606,11198,22126,0,360,106,1002,991,1055,-451,-529,1016,1397,997,781,-514
2026-05-08,28,21122,A,23432,18837,617,6606,10802,22126,0,316,-102,1002,992,1054,-451,-529,1016,1397,998,780,-514
2026-05-08,29,20870,A,23344,18550,626,6606,10434,22126,0,480,-129,1002,992,1053,-451,-529,997,1397,997,793,-514
2026-05-08,30,20921,A,23565,18528,634,6606,9789,22126,0,650,40,1002,992,1054,-451,-529,996,1397,997,794,-514
2026-05-08,31,21179,A,23760,18745,683,6606,8721,22126,0,588,-26,1002,992,1050,-451,-528,996,1397,997,794,-514
2026-05-08,32,22234,A,24776,19809,732,6606,7413,22126,0,549,258,1002,992,1048,-451,-528,996,1367,997,788,-514
2026-05-08,33,23014,A,25363,20532,700,6606,6503,22126,0,357,365,1002,992,824,-451,-527,996,993,997,538,-514
2026-05-08,34,24434,A,26618,21816,668,6606,5846,22126,0,192,269,1002,992,807,-451,-527,996,977,997,507,-514
2026-05-08,35,25953,A,27952,23269,650,6606,4741,22126,0,8,280,1003,992,638,-451,-527,767,1351,997,31,-513
2026-05-08,36,27193,A,29206,24455,632,6606,3699,22126,0,6,239,1003,992,629,-451,-527,758,1397,997,-15,-514
2026-05-08,37,27787,A,30302,25066,620,6606,2660,22126,0,10,583,1003,992,228,-451,-527,856,1397,997,-513,-514
2026-05-08,38,28334,A,30889,25608,608,6606,1913,22126,0,9,705,1003,992,202,-451,-527,859,1397,996,-554,-514
2026-05-08,39,28407,A,31499,25687,600,6606,1101,22126,0,5,578,1003,992,-269,-451,-527,633,1397,997,-826,-514
2026-05-08,40,28679,A,31746,25999,591,6606,461,22126,0,5,655,1003,992,-290,-451,-498,626,1397,997,-809,-514
2026-05-08,41,29039,A,30946,26349,625,6606,94,22126,0,10,476,1003,992,279,-451,-432,912,1397,997,155,-514
2026-05-08,42,28695,A,30499,26032,659,6606,1,22126,0,11,140,1003,992,309,-451,-333,923,1389,997,238,-509
2026-05-08,43,27921,A,29707,25307,672,6606,0,22126,0,13,20,1003,992,359,-451,-308,826,1294,996,510,-514
2026-05-08,44,27018,A,28751,24359,685,6606,0,22126,0,13,6,1003,992,357,-451,-307,822,1253,997,521,-462
2026-05-08,45,26222,A,27734,23636,690,6606,0,22126,0,13,329,1003,992,105,-372,-156,834,881,996,99,-471
2026-05-08,46,25127,A,26400,22664,694,6606,0,22126,0,11,542,1003,992,103,-259,-21,835,864,996,70,-482
2026-05-08,47,24180,A,25379,21795,677,6606,0,22126,0,10,833,1003,992,512,-180,0,969,1237,996,70,-509
2026-05-08,48,23914,A,24953,21566,660,6606,0,22126,0,9,1333,1003,992,566,-52,0,974,1255,997,71,-478
2026-05-09,1,23086,A,24179,20717,657,6606,0,22126,0,10,1154,1003,992,515,-94,0,979,913,997,121,-489
2026-05-09,2,22948,A,23817,20590,654,6606,0,22126,0,9,1221,1003,992,512,-9,0,979,853,997,122,-351
2026-05-09,3,22696,A,23424,20446,652,6606,0,22126,0,7,1565,1003,992,587,0,0,861,641,997,6,-221
2026-05-09,4,22343,A,22977,20165,650,6606,0,22126,0,7,1597,1003,992,568,0,0,857,598,997,-5,-122
2026-05-09,5,21821,A,22768,19714,647,6606,0,22126,0,7,1669,1003,992,105,-36,0,975,394,997,-179,-225
2026-05-09,6,21142,A,22080,19053,643,6606,0,22126,0,7,1469,1003,992,103,-18,-11,980,375,996,-197,-205
2026-05-09,7,20534,A,22308,18537,628,6606,0,22126,0,7,1685,1003,992,-239,-130,-103,949,452,997,-462,-333
2026-05-09,8,20452,A,22250,18467,613,6606,0,22126,0,7,1806,1003,992,-267,-44,-19,948,445,997,-486,-475
2026-05-09,9,20009,A,22428,18054,631,6606,0,22126,0,7,2070,1003,992,-785,0,0,836,241,996,-706,-421
2026-05-09,10,19744,A,22085,17844,649,6606,0,22126,0,7,2131,1004,992,-809,0,0,824,235,996,-712,-313
2026-05-09,11,19685,A,21311,17861,663,6606,0,22126,0,7,2111,1005,992,-454,0,0,230,470,996,-404,-261
2026-05-09,12,19386,A,20829,17574,677,6606,127,22126,0,9,2203,1005,992,-422,0,0,201,528,997,-372,-140
2026-05-09,13,19926,A,20669,18012,705,6606,619,22126,0,11,1850,1004,992,235,0,0,544,901,997,-19,-213
2026-05-09,14,20467,A,21167,18426,732,6606,1389,22126,0,16,2008,1004,992,277,0,0,558,977,997,22,-184
2026-05-09,15,21088,A,21723,18928,752,6606,2367,22126,0,46,1439,1003,992,955,0,0,854,1351,997,723,-89
2026-05-09,16,20538,A,21068,18310,771,6606,3448,22126,0,13,1425,1002,992,983,0,0,865,1397,997,785,-17
2026-05-09,17,20855,A,21483,18553,836,6606,4544,22126,0,14,1353,1002,992,1003,0,0,992,1397,997,1382,-114
2026-05-09,18,20385,A,20923,18064,900,6606,5750,22126,0,14,1368,1002,992,1004,0,0,997,1397,997,1425,-24
2026-05-09,19,20262,A,20781,17857,922,6606,7089,22126,0,14,1537,1002,992,1003,0,0,1016,1397,997,1427,-5
2026-05-09,20,19659,A,20217,17233,943,6606,8093,22126,0,12,1420,1002,992,1003,-46,0,1016,1397,997,1429,0
2026-05-09,21,19197,A,19980,16840,925,6606,9209,22126,0,283,1308,1002,992,1003,15,0,1017,1397,998,1429,67
2026-05-09,22,18418,A,19315,16007,906,6606,10198,22126,0,397,893,1003,992,1003,26,0,1016,1397,998,1429,150
2026-05-09,23,17873,A,19126,15442,920,6606,11299,22126,0,753,1027,1002,992,1003,144,0,1016,1397,997,1429,150
2026-05-09,24,17491,A,18879,15071,934,6606,11768,22126,0,888,704,1002,992,1004,116,0,1016,1397,997,1425,150
2026-05-09,25,17303,A,18681,14890,935,6606,11907,22126,0,878,635,1003,992,1003,182,0,1016,1397,997,1425,150
2026-05-09,26,17165,A,18543,14874,935,6606,11905,22126,0,878,774,1002,992,1004,185,0,1016,1397,996,1425,150
2026-05-09,27,16403,A,17783,14100,926,6606,11578,22126,0,880,639,1002,992,1003,290,0,1016,1397,997,1425,150
2026-05-09,28,16502,A,17874,14204,916,6606,11242,22126,0,872,634,1002,992,1003,262,0,1016,1397,997,1425,150
2026-05-09,29,15917,A,17350,13709,977,6606,10327,22126,0,933,187,1002,992,1004,181,1,997,1397,997,1425,150
2026-05-09,30,16698,A,18225,14454,1038,6606,9715,22126,0,1027,5,1003,992,1003,180,46,996,1397,996,1425,150
2026-05-09,31,17082,A,18491,14870,1056,6606,9026,22126,0,909,230,1002,992,1003,180,15,996,1397,997,1424,150
2026-05-09,32,17787,A,19131,15601,1074,6606,8333,22126,0,844,311,1002,992,1004,180,14,995,1397,997,1418,150
2026-05-09,33,19089,A,19762,16854,1120,6606,7593,22126,0,173,518,1003,992,770,180,113,757,1397,997,1185,149
2026-05-09,34,20708,A,21218,18353,1165,6606,6675,22126,0,10,492,1003,992,760,180,22,748,1395,997,1154,150
2026-05-09,35,22052,A,22558,19558,1199,6606,5566,22126,0,6,516,1002,992,684,180,0,952,1367,997,621,150
2026-05-09,36,23572,A,24080,21076,1233,6606,4501,22126,0,8,752,1002,992,680,180,0,957,1357,997,557,150
2026-05-09,37,24416,A,25222,21876,1228,6606,3338,22126,0,6,748,1003,992,291,99,0,558,1281,996,-300,150
2026-05-09,38,25266,A,26153,22770,1222,6606,2191,22126,0,6,760,1003,992,269,2,0,540,1259,996,-381,150
2026-05-09,39,25120,A,26808,22710,1266,6606,1185,22126,0,5,814,820,992,3,0,0,259,1104,997,-1183,150
2026-05-09,40,25115,A,26847,22771,1310,6606,599,22126,0,5,744,-1,992,0,36,0,248,1061,998,-1226,141
2026-05-09,41,25046,A,26356,22643,1420,6606,127,22126,0,5,480,-1,992,287,0,0,410,758,998,-804,32
2026-05-09,42,24985,A,26274,22504,1530,6606,2,22126,0,5,220,-1,992,315,10,0,422,703,998,-756,-27
2026-05-09,43,25217,A,26040,22645,1566,6606,0,22126,0,9,-99,-1,992,545,-68,0,966,484,998,-52,-193
2026-05-09,44,24422,A,25305,21817,1601,6606,0,22126,0,7,-742,-1,992,555,-68,0,992,427,998,0,-307
2026-05-09,45,23572,A,24373,21180,1573,6606,0,22126,0,6,-611,-1,992,449,0,0,895,53,998,0,-294
2026-05-09,46,22926,A,23667,20679,1544,6606,0,22126,0,11,-455,-1,992,445,0,0,891,19,998,-3,-226
2026-05-09,47,21449,A,22399,19217,1491,6606,0,22126,0,14,-796,448,992,470,0,0,993,173,997,-213,-223
2026-05-09,48,21091,A,21960,18937,1438,6606,0,22126,0,14,-684,490,992,471,0,0,997,179,997,-225,-130
2026-05-10,1,20832,A,21476,18710,1422,6606,0,22126,0,12,-644,490,992,606,0,0,965,19,997,-14,-118
2026-05-10,2,20304,A,20854,18148,1406,6606,0,22126,0,12,-686,490,992,611,0,0,964,0,997,0,-38
2026-05-10,3,19891,A,20500,17742,1412,6606,0,22126,0,12,-689,490,992,621,0,0,996,-5,998,-33,-59
2026-05-10,4,19905,A,20546,17787,1417,6606,0,22126,0,12,-677,490,992,622,-9,0,997,-7,998,-52,-61
2026-05-10,5,19523,A,20860,17445,1430,6606,0,22126,0,12,-549,490,992,663,-117,0,997,-7,998,-489,-212
2026-05-10,6,19005,A,20554,16972,1443,6606,0,22126,0,46,-383,490,992,664,-117,0,997,5,997,-521,-365
2026-05-10,7,18634,A,20161,16684,1440,6606,0,22126,0,63,-245,490,992,333,-7,0,950,139,997,-588,-369
2026-05-10,8,18266,A,19827,16309,1436,6606,0,22126,0,98,-575,490,992,319,0,0,948,144,998,-606,-357
2026-05-10,9,17842,A,19886,15881,1420,6606,0,22126,0,79,-634,490,992,225,0,0,924,11,998,-1074,-391
2026-05-10,10,17772,A,19900,15838,1404,6606,0,22126,0,107,-664,490,992,221,0,0,923,-14,998,-1106,-401
2026-05-10,11,17225,A,19704,15310,1443,6606,0,22126,0,307,-527,490,992,128,0,0,859,-104,997,-1126,-442
2026-05-10,12,17006,A,19266,15097,1482,6606,92,22126,0,103,-667,490,992,124,-4,0,857,-106,997,-1107,-440
2026-05-10,13,17157,A,19130,15200,1494,6606,500,22126,0,523,-912,490,992,377,-111,0,692,2,998,-342,-497
2026-05-10,14,17089,A,19205,15101,1505,6606,1141,22126,0,776,-845,490,992,385,-200,-23,687,46,998,-216,-401
2026-05-10,15,17994,A,20376,15912,1528,6606,1858,22126,0,1022,-1041,490,992,903,-231,-142,946,420,998,1060,-487
2026-05-10,16,18199,A,20599,16051,1551,6606,2708,22126,0,1021,-1046,490,992,929,-250,-115,956,495,997,1191,-514
2026-05-10,17,18582,A,20972,16418,1552,6606,3575,22126,0,1002,-1267,490,992,1001,-281,-93,995,868,997,1191,-514
2026-05-10,18,18816,A,21252,16672,1553,6606,4222,22126,0,998,-1393,490,992,1003,-300,-124,997,915,997,1195,-514
2026-05-10,19,18978,A,21080,16849,1541,6606,5058,22126,0,779,-1359,490,992,1003,-300,-10,1016,932,997,1372,-513
2026-05-10,20,19310,A,21342,17205,1529,6606,6037,22126,0,718,-951,490,992,1004,-300,0,1016,944,997,1383,-514
2026-05-10,21,18943,A,20891,16868,1510,6606,7054,22126,0,722,-794,490,992,1003,-248,0,1016,1081,997,1343,-478
2026-05-10,22,18745,A,20729,16680,1491,6606,7914,22126,0,715,-756,490,992,1003,-256,0,1016,1099,997,1341,-513
2026-05-10,23,18677,A,20862,16607,1462,6606,8678,22126,0,716,-880,490,992,1003,-392,-63,1016,1102,997,1417,-514
2026-05-10,24,18611,A,21001,16624,1433,6606,9175,22126,0,710,-482,490,992,1003,-451,-215,1016,1091,997,1422,-514
2026-05-10,25,18964,A,21493,17066,1418,6606,9291,22126,0,708,-2,490,992,1004,-451,-356,1016,945,997,1422,-514
2026-05-10,26,18975,A,21477,17093,1403,6606,9368,22126,0,716,287,490,992,1003,-451,-321,1016,932,998,1422,-514
2026-05-10,27,18887,A,21276,16943,1443,6606,9409,22126,0,601,780,490,992,1003,-451,-324,1016,993,997,1422,-513
2026-05-10,28,18678,A,21050,16716,1482,6606,9170,22126,0,563,1130,490,992,1002,-451,-344,1016,987,997,1422,-514
2026-05-10,29,18673,A,21092,16735,1556,6606,9185,22126,0,572,1246,490,992,1003,-451,-382,997,815,998,1422,-514
2026-05-10,30,18937,A,21410,17106,1629,6606,8723,22126,0,716,1695,490,992,1003,-451,-292,996,788,997,1409,-514
2026-05-10,31,18846,A,21163,17197,1726,6606,8129,22126,0,709,2175,490,992,949,-451,-144,820,721,997,916,-513
2026-05-10,32,19221,A,21510,17712,1822,6606,7535,22126,0,702,2538,490,992,945,-449,-124,814,695,997,883,-514
2026-05-10,33,20157,A,22244,18637,1922,6606,6979,22126,0,703,3197,490,992,822,-354,-16,664,473,997,1004,-514
2026-05-10,34,21379,A,23295,19803,2022,6606,6151,22126,0,697,3660,490,992,810,-205,0,659,433,997,994,-514
2026-05-10,35,22222,A,24047,20598,2087,6606,4854,22126,0,697,3998,490,992,578,-133,0,673,272,997,241,-495
2026-05-10,36,23731,A,25205,22060,2151,6606,4191,22126,0,392,3831,490,992,578,-202,0,674,270,997,179,-380
2026-05-10,37,24449,A,26251,22747,2212,6606,3190,22126,0,320,3938,490,992,371,-353,-14,894,503,997,-161,-454
2026-05-10,38,24818,A,26871,23134,2272,6606,2439,22126,0,321,4036,490,992,364,-450,-140,902,508,997,-182,-460
2026-05-10,39,25723,A,27710,24078,2236,6606,1663,22126,0,317,4101,490,992,701,-403,-235,956,222,997,-57,-475
2026-05-10,40,26292,A,28488,24717,2199,6606,836,22126,0,316,4038,490,992,715,-448,-383,958,212,997,-42,-507
2026-05-10,41,26386,A,28647,24849,2190,6606,216,22126,0,322,4026,490,992,813,-452,-492,894,532,997,142,-495
2026-05-10,42,26537,A,28847,24942,2180,6606,6,22126,0,318,3858,490,992,816,-452,-527,892,590,997,157,-513
2026-05-10,43,26506,A,28798,24824,2160,6606,0,22126,0,316,3584,490,992,752,-452,-527,968,818,997,220,-497
2026-05-10,44,25895,A,28157,24208,2139,6606,0,22126,0,270,3292,490,992,749,-452,-527,971,819,998,216,-513
2026-05-10,45,24514,A,26656,22929,2122,6606,0,22126,0,14,3396,490,992,795,-452,-527,845,473,998,-135,-514
2026-05-10,46,23329,A,25518,21800,2104,6606,0,22126,0,13,3606,490,992,720,-452,-527,840,401,997,-183,-514
2026-05-10,47,21277,A,24405,19933,2029,6606,0,22126,0,10,3794,490,992,-335,-383,-461,992,40,997,-981,-458
2026-05-10,48,20842,A,23808,19530,1954,6606,0,22126,0,8,3827,490,992,-374,-237,-309,997,-5,996,-1034,-499
2026-05-11,1,20943,A,23768,19529,1891,6606,0,22126,0,7,3677,490,992,-512,-128,-157,997,-5,997,-1002,-514
2026-05-11,2,20954,A,23643,19409,1828,6606,0,22126,0,9,3576,490,992,-518,-121,-21,997,-5,997,-1001,-514
2026-05-11,3,20509,A,23086,18949,1788,6606,0,22126,0,9,3234,490,992,-347,-121,0,952,-5,997,-1081,-514
2026-05-11,4,20668,A,23251,18978,1747,6606,0,22126,0,9,3157,490,992,-340,-121,0,950,-5,997,-1088,-520
2026-05-11,5,20956,A,23679,19342,1758,6606,0,22126,0,9,3339,490,992,-429,-121,0,980,-5,997,-1145,-514
2026-05-11,6,19966,A,22770,18316,1769,6606,0,22126,0,44,2870,490,992,-436,-121,0,981,-34,997,-1155,-514
2026-05-11,7,19586,A,23455,17960,1793,6606,0,22126,0,12,2692,491,992,-929,-121,0,887,-412,997,-1381,-514
2026-05-11,8,19296,A,23284,17701,1816,6606,0,22126,0,12,2326,491,992,-954,-121,0,864,-489,997,-1398,-514
2026-05-11,9,18414,A,22934,16803,1761,6606,0,22126,0,51,2265,492,992,-1013,-121,0,50,-874,997,-1447,-514
2026-05-11,10,18898,A,23355,17311,1705,6606,0,22126,0,36,2517,492,992,-883,-121,0,-27,-925,997,-1451,-514
2026-05-11,11,19361,A,23881,17692,1690,6606,0,22126,0,16,2179,493,992,-3,-121,0,-959,-956,998,-1451,-514
2026-05-11,12,19829,A,24366,18094,1675,6606,108,22126,0,14,2136,493,992,0,-121,0,-1022,-930,997,-1451,-499
2026-05-11,13,21524,A,25622,19612,1610,6606,509,22126,0,13,1793,493,992,0,-167,0,-1022,-544,998,-1451,-401
2026-05-11,14,22941,A,27193,20808,1544,6606,1188,22126,0,14,1401,493,991,0,-311,-33,-1004,-466,998,-1436,-488
2026-05-11,15,24803,A,27566,22421,1590,6606,2040,22126,0,14,1346,492,991,0,-370,-175,-204,-87,998,-899,-514
2026-05-11,16,25235,A,27963,22762,1635,6606,2852,22126,0,14,1159,491,991,0,-450,-327,-125,-39,998,-759,-514
2026-05-11,17,25760,A,27684,23236,1712,6606,3582,22126,0,14,1345,491,991,0,-451,-437,852,-8,998,731,-514
2026-05-11,18,26053,A,27902,23423,1789,6606,4461,22126,0,14,1182,490,991,0,-451,-370,920,19,998,910,-514
2026-05-11,19,26363,A,28134,23754,1783,6606,5126,22126,0,13,1067,491,991,0,-451,-293,973,305,998,1390,-514
2026-05-11,20,25878,A,27642,23213,1776,6606,5804,22126,0,9,964,490,991,0,-451,-290,975,354,998,1424,-514
2026-05-11,21,26026,A,27700,23414,1737,6606,6587,22126,0,7,888,490,991,0,-451,-202,1015,530,998,1424,-514
2026-05-11,22,25914,A,27547,23216,1697,6606,6636,22126,0,7,357,491,992,0,-451,-161,1016,581,999,1424,-514
2026-05-11,23,25774,A,27487,23062,1608,6606,6679,22126,0,7,397,490,991,0,-451,-309,1016,955,998,1424,-446
2026-05-11,24,25623,A,27234,22918,1518,6606,6907,22126,0,6,124,488,992,0,-451,-308,1016,972,999,1426,-346
2026-05-11,25,25375,A,27020,22703,1498,6606,6744,22126,0,8,119,41,992,0,-451,-326,1016,612,999,1428,-360
2026-05-11,26,24853,A,26522,22201,1478,6606,7432,22126,0,10,-15,-4,992,0,-451,-370,1016,571,999,1428,-334
2026-05-11,27,24522,A,26069,21874,1413,6606,7678,22126,0,10,-343,-4,992,0,-451,-272,1016,618,999,1428,-310
2026-05-11,28,24130,A,25764,21505,1348,6606,7584,22126,0,10,-391,71,992,0,-451,-322,1017,601,999,1428,-351
2026-05-11,29,23962,A,25548,21336,1355,6606,8272,22126,0,10,-638,951,992,0,-451,-316,997,314,997,1428,-309
2026-05-11,30,23759,A,25396,21011,1361,6606,8609,22126,0,10,-1005,1003,992,0,-451,-361,997,277,998,1428,-315
2026-05-11,31,23522,A,25109,20827,1348,6606,8829,22126,0,10,-1099,1003,992,0,-451,-335,997,245,998,1428,-291
2026-05-11,32,23931,A,25538,21332,1334,6606,8434,22126,0,10,-844,1003,992,0,-451,-331,997,261,998,1428,-315
2026-05-11,33,24747,A,26061,22090,1292,6606,7233,22126,0,10,-734,1003,992,0,-202,-269,892,513,998,1428,-333
2026-05-11,34,25352,A,26572,22551,1250,6606,6662,22126,0,10,-863,1003,992,0,0,-406,888,564,997,1425,-304
2026-05-11,35,26759,A,28161,23936,1218,6606,5935,22126,0,10,-699,1003,992,0,0,-522,993,803,997,1339,-370
2026-05-11,36,27555,A,29059,24731,1186,6606,4799,22126,0,9,-840,1002,991,0,0,-529,996,862,997,1333,-466
2026-05-11,37,28447,A,29997,25594,1144,6606,3689,22126,0,8,-754,1002,992,0,0,-529,996,1236,996,1386,-513
2026-05-11,38,29171,A,30785,26361,1101,6606,2726,22126,0,5,-739,1002,992,0,-66,-529,997,1290,997,1391,-514
2026-05-11,39,29720,A,31485,26967,1007,6606,1803,22126,0,4,-630,1002,992,0,-218,-529,997,1385,997,1423,-514
2026-05-11,40,29847,A,31764,27170,913,6606,941,22126,0,4,-582,1002,992,0,-370,-529,997,1397,997,1426,-514
2026-05-11,41,30012,A,32010,27381,885,6606,257,22126,0,4,-627,1001,992,0,-452,-528,997,1397,996,1426,-514
2026-05-11,42,29874,A,31872,27254,856,6606,9,22126,0,4,-560,1002,992,0,-452,-528,997,1397,997,1426,-514
2026-05-11,43,29732,A,31727,27134,830,6606,0,22126,0,2,-531,1002,992,0,-452,-528,997,1397,997,1426,-513
2026-05-11,44,29116,A,31114,26441,803,6606,0,22126,0,5,-706,1002,992,0,-452,-527,997,1397,997,1426,-514
2026-05-11,45,27879,A,29878,25300,764,6606,0,22126,0,5,-464,1002,992,0,-452,-528,997,1397,997,1426,-514
2026-05-11,46,26156,A,28154,23858,724,6606,0,22126,0,5,-32,1002,992,0,-451,-528,997,1397,996,1426,-514
2026-05-11,47,24695,A,26699,22642,740,6606,0,22126,0,9,674,1003,992,0,-452,-529,997,1397,996,1426,-514
2026-05-11,48,23830,A,25834,21887,755,6606,0,22126,0,11,1202,1003,992,0,-452,-527,997,1397,997,1426,-514
2026-05-12,1,23473,A,25465,21439,859,6606,0,22126,0,11,1373,1003,992,0,-452,-515,997,1397,996,1426,-514
2026-05-12,2,23335,A,25201,21253,962,6606,0,22126,0,11,1318,1003,992,0,-452,-389,997,1394,996,1426,-514
2026-05-12,3,23502,A,25250,21461,1014,6606,0,22126,0,11,1522,1003,992,0,-452,-271,997,1351,996,1426,-514
2026-05-12,4,23181,A,24833,21259,1065,6606,0,22126,0,11,1715,1003,992,0,-419,-208,997,1315,997,1426,-514
2026-05-12,5,22232,A,23833,20442,1166,6606,0,22126,0,11,1794,1003,992,0,-411,-165,997,942,997,1426,-514
2026-05-12,6,22377,A,23943,20822,1266,6606,0,22126,0,13,2309,1003,992,0,-412,-127,997,866,997,1426,-514
2026-05-12,7,21861,A,23384,20309,1439,6606,0,22126,0,16,2357,1003,992,0,-412,-81,899,492,997,1426,-514
2026-05-12,8,21614,A,23048,20110,1612,6606,0,22126,0,16,2836,1003,992,0,-403,-1,895,416,997,1415,-514
2026-05-12,9,21254,A,22624,19933,1729,6606,0,22126,0,59,3298,1004,992,0,-288,-9,697,42,997,1095,-514
2026-05-12,10,20702,A,22109,19392,1846,6606,0,22126,0,174,3091,1004,992,0,-161,-98,677,-5,997,1036,-469
2026-05-12,11,20289,A,21418,19171,1921,6606,1,22126,0,220,3313,979,985,0,-25,-15,-30,-5,987,36,-334
2026-05-12,12,20796,A,21968,19554,1996,6606,128,22126,0,173,3437,977,985,0,0,0,-70,17,986,-31,-398
2026-05-12,13,22621,A,23689,21174,1978,6606,579,22126,0,171,3822,1002,991,0,-18,0,75,272,996,508,-379
2026-05-12,14,23715,A,24992,22119,1960,6606,1371,22126,0,173,3743,1004,991,0,-151,0,98,333,997,563,-453
2026-05-12,15,25543,A,27112,23722,2003,6606,2251,22126,0,172,3523,1003,991,0,-302,-82,891,706,996,1212,-513
2026-05-12,16,26111,A,27879,24352,2045,6606,3677,22126,0,169,3751,1003,991,0,-352,-233,939,767,996,1261,-514
2026-05-12,17,26013,A,27815,24113,2209,6606,5023,22126,0,14,3430,1003,991,0,-424,-350,995,959,996,1414,-514
2026-05-12,18,25319,A,26921,23503,2372,6606,5648,22126,0,14,3927,1003,991,0,-333,-241,997,953,997,1426,-514
2026-05-12,19,24703,A,26326,23049,2624,6606,6508,22126,0,117,4050,1003,992,0,-403,-96,1016,580,996,1425,-507
2026-05-12,20,23327,A,24719,21756,2876,6606,7759,22126,0,158,4012,1003,992,0,-304,-1,1016,504,996,1421,-429
2026-05-12,21,22453,A,23884,20884,3029,6606,9012,22126,0,158,4115,1003,991,0,-270,0,1016,138,996,1254,-503
2026-05-12,22,22256,A,23939,20692,3181,6606,9957,22126,0,358,4242,1002,991,0,-306,0,1016,86,996,1239,-519
2026-05-12,23,21983,A,23636,20479,3278,6606,10394,22126,0,630,4286,1003,992,0,-160,56,1016,6,996,1113,-363
2026-05-12,24,21338,A,22884,19689,3375,6606,10869,22126,0,817,4205,1003,992,0,-14,11,1016,-4,996,1098,-211
2026-05-12,25,21974,A,23450,20456,3436,6606,10592,22126,0,841,4376,1003,992,0,0,0,992,-5,997,879,-130
2026-05-12,26,21627,A,23056,20326,3496,6606,9642,22126,0,840,4193,1003,992,0,0,0,991,-4,996,877,-85
2026-05-12,27,21764,A,23235,20318,3573,6606,9055,22126,0,896,3641,1003,992,0,0,0,1015,-4,997,1387,-71
2026-05-12,28,21726,A,23257,20267,3649,6606,8775,22126,0,997,3942,1003,992,0,6,0,1016,-34,997,1422,62
2026-05-12,29,21511,A,23420,20033,3655,6606,7992,22126,0,997,4266,1003,992,0,0,0,996,-412,996,1394,100
2026-05-12,30,21128,A,23169,19634,3660,6606,7975,22126,0,1072,4224,1003,992,0,0,0,996,-469,996,1389,100
2026-05-12,31,20910,A,23167,19557,3659,6606,7891,22126,0,1151,4284,1003,992,0,0,0,996,-606,995,1310,100
2026-05-12,32,20964,A,23225,19389,3657,6606,7268,22126,0,1149,4207,1003,992,0,29,0,996,-612,996,1287,100
2026-05-12,33,21465,A,23358,19737,3595,6606,6574,22126,0,918,3894,1004,992,0,155,0,996,-475,996,730,100
2026-05-12,34,22768,A,24154,20909,3532,6606,6775,22126,0,458,3692,1004,992,0,141,0,996,-428,996,671,100
2026-05-12,35,23382,A,24323,21492,3411,6606,5724,22126,0,280,3884,1004,992,0,180,0,996,-51,996,-110,100
2026-05-12,36,24079,A,25040,22053,3289,6606,4849,22126,0,280,4031,1004,992,0,180,0,996,4,996,-181,100
2026-05-12,37,24769,A,26404,22672,2927,6606,4064,22126,0,280,4183,996,992,0,180,5,829,107,995,-855,100
2026-05-12,38,25993,A,27600,23836,2564,6606,2957,22126,0,229,4111,1004,992,0,180,93,823,122,997,-878,100
2026-05-12,39,27216,A,27769,25015,2339,6606,1935,22126,0,0,3940,1003,992,0,180,45,925,155,997,-53,100
2026-05-12,40,27644,A,28144,25378,2114,6606,1022,22126,0,0,3553,1002,992,0,180,0,928,184,996,17,100
2026-05-12,41,28001,A,28501,25625,2060,6606,265,22126,0,0,3268,1449,992,0,180,0,641,506,996,587,100
2026-05-12,42,27715,A,28215,25389,2005,6606,11,22126,0,0,3243,1507,991,0,180,0,630,551,995,644,100
2026-05-12,43,28294,A,28794,25742,1960,6606,0,22126,0,0,2923,1507,947,0,180,0,887,632,996,1325,100
2026-05-12,44,28019,A,28519,25327,1915,6606,0,22126,0,0,3148,1506,945,0,180,0,896,611,996,1367,101
2026-05-12,45,27291,A,27791,24672,1917,6606,0,22126,0,0,3216,1507,989,0,179,0,574,239,996,1187,102
2026-05-12,46,25752,A,26252,23355,1919,6606,0,22126,0,0,2970,1508,992,0,180,42,563,180,996,1165,102
2026-05-12,47,24145,A,24645,21957,1963,6606,0,22126,0,0,3269,1507,992,0,180,17,919,15,996,831,102
2026-05-12,48,22620,A,23127,20549,2006,6606,0,22126,0,0,2628,1507,992,0,180,0,933,-7,996,802,102
2026-05-13,1,22633,A,23140,20488,2013,6606,0,22126,0,0,2125,1507,992,0,180,0,995,-7,996,555,102
2026-05-13,2,22438,A,22945,20271,2019,6606,0,22126,0,0,1856,1507,992,0,180,19,997,-7,996,531,102
2026-05-13,3,21974,A,22481,19885,2046,6606,0,22126,0,0,1856,1507,992,0,180,0,951,-7,996,274,102
2026-05-13,4,21913,A,22438,19919,2073,6606,0,22126,0,0,1821,1507,992,0,180,0,949,-25,996,265,102
2026-05-13,5,21727,A,22484,19726,2165,6606,0,22126,0,0,1736,1507,992,0,180,0,954,-257,996,628,102
2026-05-13,6,21056,A,21858,19096,2257,6606,0,22126,0,0,1551,1507,992,0,180,0,954,-302,996,653,102
2026-05-13,7,20573,A,21583,18604,2233,6606,0,22126,0,0,1159,1507,992,0,180,0,996,-510,996,607,102
2026-05-13,8,20198,A,21250,18216,2208,6606,0,22126,0,0,886,1507,992,0,180,20,997,-552,996,570,102
2026-05-13,9,19442,A,21027,17548,2212,6606,0,22126,0,0,1045,1508,992,0,180,101,773,-760,996,-325,102
2026-05-13,10,19300,A,20973,17342,2215,6606,0,22126,0,0,965,1508,992,0,180,103,740,-763,996,-410,102
2026-05-13,11,18994,A,21040,17104,2211,6606,0,22126,0,0,1023,1510,992,0,180,104,-147,-494,996,-905,102
2026-05-13,12,19924,A,21960,17964,2206,6606,78,22126,0,0,960,1510,992,0,180,104,-190,-430,996,-916,102
2026-05-13,13,21766,A,22380,19678,2243,6606,511,22126,0,0,709,1508,992,0,180,103,555,-52,995,-62,102
2026-05-13,14,23034,A,23534,20933,2280,6606,979,22126,0,0,1484,1508,992,0,180,104,598,20,995,16,102
2026-05-13,15,24648,A,25148,22283,2303,6606,2002,22126,0,0,1533,1508,992,0,180,34,699,329,995,677,102
2026-05-13,16,24980,A,25480,22806,2326,6606,3150,22126,0,0,1664,1507,992,0,114,0,702,392,996,729,102
2026-05-13,17,25406,A,25906,23119,2417,6606,3887,22126,0,0,1526,1507,992,0,5,0,892,704,996,873,102
2026-05-13,18,25648,A,26148,23381,2507,6606,4698,22126,0,0,1697,1507,992,0,34,0,899,714,996,890,102
2026-05-13,19,25411,A,25911,23057,2605,6606,5624,22126,0,0,1611,1507,992,0,175,0,844,359,995,1117,102
2026-05-13,20,25044,A,25544,22625,2703,6606,7177,22126,0,0,1506,1507,992,0,186,0,842,325,996,1127,102
2026-05-13,21,24350,A,24850,21980,2644,6606,7931,22126,0,0,1379,1507,992,0,180,63,762,450,996,896,102
2026-05-13,22,24205,A,24705,21912,2585,6606,8582,22126,0,0,1454,1507,992,0,180,102,759,468,995,876,102
2026-05-13,23,23148,A,23648,20788,2570,6606,9635,22126,0,0,1082,1507,992,0,180,83,819,506,995,750,102
2026-05-13,24,22936,A,23445,20616,2555,6606,8919,22126,0,9,1009,1507,992,0,180,103,821,541,995,748,102
2026-05-13,25,23167,A,23673,20868,2483,6606,10637,22126,0,6,861,1507,992,0,180,104,986,914,996,1032,102
2026-05-13,26,22833,A,23340,20514,2411,6606,10533,22126,0,7,684,1507,992,0,180,104,986,944,995,1061,93
2026-05-13,27,23137,A,23644,20773,2463,6606,9760,22126,0,7,720,1508,992,0,180,104,464,733,995,1401,102
2026-05-13,28,22851,A,23358,20419,2515,6606,10651,22126,0,7,825,1509,992,0,180,104,439,677,995,1424,102
2026-05-13,29,22140,A,22647,19579,2502,6606,10904,22126,0,7,486,1508,992,0,180,103,506,303,995,1383,102
2026-05-13,30,22358,A,22863,19789,2488,6606,9868,22126,0,5,651,1508,992,0,180,104,508,256,995,1376,102
2026-05-13,31,22373,A,22879,19811,2495,6606,9409,22126,0,6,401,1417,992,0,180,104,603,241,995,1420,102
2026-05-13,32,22895,A,23401,20255,2502,6606,8236,22126,0,6,15,1408,992,0,180,104,606,238,996,1410,102
2026-05-13,33,24159,A,24665,21559,2378,6606,6850,22126,0,6,449,1408,992,0,180,104,606,223,997,901,102
2026-05-13,34,24844,A,25349,22104,2253,6606,6448,22126,0,5,352,1409,992,0,180,104,606,229,997,857,102
2026-05-13,35,26463,A,26974,23668,2129,6606,5179,22126,0,11,413,1498,992,0,180,103,511,327,996,776,102
2026-05-13,36,27705,A,28221,24853,2004,6606,4364,22126,0,16,444,1508,992,0,180,93,508,342,996,712,102
2026-05-13,37,28536,A,29534,25713,1907,6606,3645,22126,0,8,816,1509,992,0,180,7,251,374,996,-490,102
2026-05-13,38,28867,A,29963,26152,1809,6606,2711,22126,0,4,790,1509,992,0,180,0,241,373,996,-592,102
2026-05-13,39,28831,A,29708,26290,1644,6606,1463,22126,0,3,879,1509,992,0,180,0,-7,316,996,-367,102
2026-05-13,40,29194,A,30014,26845,1479,6606,711,22126,0,3,1268,1509,992,0,176,0,-16,336,997,-301,102
2026-05-13,41,29639,A,30142,27248,1445,6606,217,22126,0,3,933,1508,992,0,100,0,312,687,996,772,102
2026-05-13,42,29445,A,29951,26844,1411,6606,13,22126,0,6,438,1508,992,0,136,0,325,716,996,878,101
2026-05-13,43,30050,A,30555,27444,1386,6606,0,22126,0,5,174,1507,992,0,21,0,596,528,996,1208,24
2026-05-13,44,29000,A,29589,26407,1361,6606,0,22126,0,6,-299,1507,992,0,-17,0,606,475,997,1199,-66
2026-05-13,45,27301,A,28140,24836,1372,6606,0,22126,0,10,-131,1507,992,0,-116,0,620,102,996,300,-213
2026-05-13,46,26074,A,26946,23754,1382,6606,0,22126,0,10,180,1507,992,0,-23,0,622,86,996,223,-339
2026-05-13,47,24083,A,24921,21907,1343,6606,0,22126,0,8,390,1506,992,0,10,0,962,459,996,133,-330
2026-05-13,48,23368,A,24056,21287,1304,6606,0,22126,0,7,779,1506,992,0,130,0,975,522,997,127,-181
2026-05-14,1,23490,A,24039,21424,1384,6606,0,22126,0,8,779,1506,992,0,165,0,964,747,996,141,-41
2026-05-14,2,22829,A,23340,20868,1463,6606,0,22126,0,11,650,1506,992,0,165,0,962,804,996,142,68
2026-05-14,3,22393,A,22964,20464,1524,6606,0,22126,0,71,782,1508,992,0,165,0,619,1178,997,139,71
2026-05-14,4,22367,A,23040,20520,1585,6606,0,22126,0,157,865,1507,992,0,165,0,605,1206,996,142,-16
2026-05-14,5,21358,A,22170,19532,1606,6606,0,22126,0,171,827,1508,992,0,165,0,476,986,996,292,-141
2026-05-14,6,21582,A,22449,19796,1626,6606,0,22126,0,167,1052,1508,992,0,165,0,472,929,996,295,-200
2026-05-14,7,20801,A,21691,19084,1621,6606,0,22126,0,171,1515,1508,992,0,165,0,461,557,997,-19,-200
2026-05-14,8,20772,A,21684,19013,1616,6606,0,22126,0,169,1957,1508,992,0,165,0,461,507,997,-43,-200
2026-05-14,9,20436,A,21449,18697,1569,6606,0,22126,0,170,2290,1508,992,0,165,0,411,466,996,-143,-200
2026-05-14,10,20612,A,21632,18853,1522,6606,0,22126,0,170,2544,1508,992,0,165,0,409,478,997,-150,-200
2026-05-14,11,20881,A,22036,19052,1501,6606,1,22126,0,318,2628,1508,992,0,159,0,442,696,996,-149,-188
2026-05-14,12,21280,A,22330,19461,1480,6606,140,22126,0,316,2477,1508,992,0,50,0,448,752,996,-72,-162
2026-05-14,13,23197,A,24083,21261,1426,6606,694,22126,0,320,2366,1507,992,0,-19,0,972,1126,996,1226,-47
2026-05-14,14,24820,A,25895,22803,1371,6606,1541,22126,0,300,2368,1507,992,0,-128,0,997,1187,996,1357,-147
2026-05-14,15,26246,A,27259,24143,1416,6606,2602,22126,0,169,2392,1507,992,0,-48,0,997,1374,996,1419,-296
2026-05-14,16,26620,A,27955,24397,1461,6606,3838,22126,0,301,2282,1507,992,0,-88,0,997,1397,996,1423,-446
2026-05-14,17,26470,A,27849,24268,1510,6606,4613,22126,0,318,2558,1507,992,0,-47,0,997,1397,996,1426,-514
2026-05-14,18,26073,A,27365,23958,1558,6606,5533,22126,0,315,2723,1508,992,0,0,0,997,1397,996,1426,-477
2026-05-14,19,26037,A,27392,23825,1639,6606,6466,22126,0,316,2307,1507,992,0,-26,0,1016,1397,996,1426,-513
2026-05-14,20,25681,A,27001,23465,1719,6606,7433,22126,0,317,2429,1508,992,0,-21,0,1016,1397,996,1426,-482
2026-05-14,21,25035,A,26249,22716,1743,6606,8495,22126,0,318,2554,1507,991,0,-56,0,1017,1397,996,1426,-340
2026-05-14,22,24160,A,25164,21889,1766,6606,8502,22126,0,316,2585,1507,991,0,0,0,1016,1397,996,1426,-188
2026-05-14,23,23708,A,24565,21498,1781,6606,9474,22126,0,315,2723,1507,991,0,30,0,1016,1397,997,1427,-42
2026-05-14,24,23740,A,24579,21515,1795,6606,9645,22126,0,312,2881,1508,991,0,39,0,1016,1397,996,1427,-27
2026-05-14,25,23662,A,24628,21418,1870,6606,8955,22126,0,314,2943,1508,991,0,0,0,1016,1397,997,1427,-152
2026-05-14,26,23146,A,24241,21104,1944,6606,10066,22126,0,510,2923,1508,991,0,0,0,1016,1395,996,1427,-85
2026-05-14,27,22805,A,24113,20940,2032,6606,11261,22126,0,808,2892,1507,991,0,0,0,1016,1380,996,1427,59
2026-05-14,28,22710,A,24121,20805,2120,6606,10389,22126,0,911,3027,1507,991,0,0,0,1016,1370,996,1427,136
2026-05-14,29,22676,A,24073,20582,2132,6606,10610,22126,0,897,2870,1508,992,0,0,0,997,1260,997,1426,99
2026-05-14,30,22785,A,24170,20754,2143,6606,9433,22126,0,885,3130,1507,992,0,40,0,996,1222,996,1426,100
2026-05-14,31,22289,A,23865,20570,2239,6606,8290,22126,0,1076,3091,1508,992,0,0,0,996,919,997,1426,100
2026-05-14,32,23197,A,24858,21386,2335,6606,7521,22126,0,1161,3686,1508,992,0,17,0,996,891,996,1426,100
2026-05-14,33,23932,A,25010,21804,2299,6606,7420,22126,0,578,3836,1507,992,0,125,0,996,1008,997,1401,100
2026-05-14,34,24904,A,25571,22754,2262,6606,6674,22126,0,167,3516,1508,992,0,39,0,996,1036,997,1379,100
2026-05-14,35,25875,A,26542,23766,2182,6606,6067,22126,0,167,3036,1508,992,0,13,0,949,1213,997,673,100
2026-05-14,36,26962,A,27629,24959,2102,6606,4892,22126,0,167,3055,1508,992,0,2,0,946,1232,997,607,100
2026-05-14,37,28177,A,28846,26233,1983,6606,3572,22126,0,169,3092,1509,992,0,42,0,586,1193,997,40,99
2026-05-14,38,29253,A,29937,27140,1864,6606,2421,22126,0,172,3085,1509,992,0,73,0,572,1189,997,-12,23
2026-05-14,39,29714,A,30901,27706,1732,6606,1504,22126,0,158,2872,1509,992,0,-2,0,478,1212,997,-459,-68
2026-05-14,40,29615,A,31067,27611,1599,6606,862,22126,0,164,2664,1509,992,0,-96,0,473,1217,997,-474,-218
2026-05-14,41,29036,A,30205,27002,1528,6606,366,22126,0,165,2502,1509,992,0,-140,0,164,1247,997,120,-364
2026-05-14,42,29217,A,30548,27231,1457,6606,20,22126,0,163,2667,1510,992,0,-282,0,164,1221,997,183,-386
2026-05-14,43,29282,A,30921,27325,1460,6606,0,22126,0,159,2331,1508,992,0,-423,-59,846,849,997,952,-498
2026-05-14,44,28361,A,30198,26354,1462,6606,0,22126,0,163,2278,1508,992,0,-451,-209,882,773,997,950,-514
2026-05-14,45,27133,A,29365,25151,1493,6606,0,22126,0,163,2531,1509,992,0,-451,-361,534,399,997,-243,-514
2026-05-14,46,25686,A,28128,23734,1524,6606,0,22126,0,165,2541,1509,992,0,-451,-460,520,347,997,-352,-514
2026-05-14,47,24069,A,26428,22161,1545,6606,0,22126,0,172,2567,1509,992,0,-383,-441,266,273,996,-417,-446
2026-05-14,48,23316,A,25419,21395,1565,6606,0,22126,0,172,2663,1509,992,0,-300,-289,259,246,996,-419,-423
2026-05-15,1,23049,A,24988,21189,1571,6606,0,22126,0,173,2705,1507,992,0,-318,-137,678,22,997,-298,-513
2026-05-15,2,22751,A,24539,20928,1576,6606,0,22126,0,172,2758,1508,992,0,-302,-13,696,8,996,-287,-514
2026-05-15,3,22608,A,24408,20812,1644,6606,0,22126,0,192,2883,1509,992,0,-302,-93,711,179,997,-199,-514
2026-05-15,4,22111,A,24196,20428,1712,6606,0,22126,0,333,2826,1509,992,0,-302,-236,712,179,997,-200,-514
2026-05-15,5,21742,A,24153,20105,1739,6606,0,22126,0,166,2953,1509,992,0,-302,-386,602,-86,996,-457,-514
2026-05-15,6,21412,A,23871,19821,1766,6606,0,22126,0,12,2920,1508,992,0,-302,-485,598,-149,997,-483,-528
2026-05-15,7,20708,A,23759,19234,1816,6606,0,22126,0,15,3024,1509,992,0,-302,-417,372,-528,997,-776,-513
2026-05-15,8,20445,A,23605,19028,1866,6606,0,22126,0,15,3119,1509,992,0,-302,-423,353,-606,997,-800,-514
2026-05-15,9,20248,A,24269,18837,1907,6606,0,22126,0,14,3172,1510,992,0,-302,-428,-302,-993,997,-968,-514
2026-05-15,10,20153,A,24319,18712,1947,6606,0,22126,0,15,2863,1510,992,0,-302,-473,-346,-1033,997,-984,-513
2026-05-15,11,20083,A,25045,18632,1948,6606,2,22126,0,95,2963,1513,992,0,-302,-497,-989,-936,997,-1129,-514
2026-05-15,12,20395,A,25352,18831,1949,6606,204,22126,0,183,2795,1512,992,0,-302,-457,-984,-893,997,-1124,-514
2026-05-15,13,22553,A,25463,20752,1876,6606,784,22126,0,49,2406,1509,992,0,-371,-423,62,-506,996,-547,-514
2026-05-15,14,23832,A,26694,21922,1803,6606,1686,22126,0,14,2121,1509,992,0,-452,-519,154,-428,997,-435,-514
2026-05-15,15,25809,A,27874,23608,1844,6606,2783,22126,0,17,2060,1507,992,0,-452,-530,912,-52,997,817,-514
2026-05-15,16,26276,A,28289,23910,1885,6606,3978,22126,0,16,1991,1507,992,0,-452,-531,956,25,997,954,-514
2026-05-15,17,25989,A,28000,23501,1904,6606,5033,22126,0,15,1566,1507,992,0,-452,-530,995,400,997,1384,-514
2026-05-15,18,25083,A,27217,22720,1922,6606,6023,22126,0,137,1889,1507,992,0,-452,-531,997,460,997,1414,-514
2026-05-15,19,24404,A,26951,22110,1933,6606,7313,22126,0,566,2101,1507,992,0,-452,-515,1016,635,997,1424,-514
2026-05-15,20,23652,A,26222,21350,1944,6606,8489,22126,0,666,2040,1507,992,0,-452,-438,1016,651,997,1425,-514
2026-05-15,21,23528,A,26243,21267,1903,6606,8874,22126,0,841,1955,1507,992,0,-452,-408,1016,574,997,1425,-514
2026-05-15,22,23358,A,26106,21102,1861,6606,9862,22126,0,842,1874,1507,992,0,-452,-440,1016,592,997,1425,-514
2026-05-15,23,23267,A,26183,20880,1845,6606,10220,22126,0,924,1869,1507,992,0,-452,-527,1016,926,997,1425,-513
2026-05-15,24,22973,A,25829,20670,1828,6606,10701,22126,0,942,1934,1507,992,0,-452,-451,1016,996,997,1425,-511
2026-05-15,25,23237,A,25953,20734,1805,6606,10492,22126,0,789,1585,1507,992,0,-452,-486,1016,1353,997,1425,-489
2026-05-15,26,22664,A,25393,20187,1782,6606,10443,22126,0,887,1229,1508,992,0,-452,-404,1016,1389,997,1425,-486
2026-05-15,27,22326,A,25137,19856,1769,6606,10568,22126,0,894,880,1508,992,0,-452,-462,1016,1294,998,1425,-503
2026-05-15,28,22009,A,24819,19602,1756,6606,9961,22126,0,883,875,1507,992,0,-451,-468,1016,1252,997,1425,-508
2026-05-15,29,21589,A,24410,19117,1756,6606,10082,22126,0,826,684,1508,992,0,-452,-529,997,880,997,1424,-514
2026-05-15,30,21445,A,24239,18922,1756,6606,9525,22126,0,801,772,1507,992,0,-451,-528,996,803,997,1424,-514
2026-05-15,31,21728,A,24081,19170,1724,6606,9047,22126,0,430,722,1508,992,0,-452,-457,996,431,997,1424,-514
2026-05-15,32,22510,A,24647,19893,1691,6606,8308,22126,0,249,829,1508,992,0,-451,-423,996,406,997,1424,-514
2026-05-15,33,23169,A,25053,20475,1628,6606,7138,22126,0,27,677,1507,992,0,-452,-391,996,678,998,1424,-514
2026-05-15,34,24189,A,26172,21443,1564,6606,6115,22126,0,13,829,1507,992,17,-452,-504,996,681,997,1420,-514
2026-05-15,35,25663,A,27666,22797,1515,6606,5219,22126,0,13,945,1508,992,0,-451,-526,996,308,997,1249,-513
2026-05-15,36,26691,A,28698,23826,1466,6606,4491,22126,0,14,895,1507,992,0,-452,-527,996,276,997,1201,-514
2026-05-15,37,27683,A,29688,24790,1376,6606,3647,22126,0,13,1133,1508,992,0,-451,-527,982,453,997,223,-514
2026-05-15,38,28510,A,30515,25676,1286,6606,2607,22126,0,12,1146,1508,992,0,-452,-527,982,505,998,145,-514
2026-05-15,39,29520,A,31523,26727,1171,6606,1516,22126,0,10,1265,1508,992,0,-452,-527,957,878,998,188,-514
2026-05-15,40,29826,A,31831,27085,1055,6606,793,22126,0,13,1218,1508,992,0,-451,-527,956,954,998,183,-514
2026-05-15,41,29491,A,31624,26776,1037,6606,252,22126,0,15,956,1507,992,0,-451,-527,983,1327,998,-126,-514
2026-05-15,42,29341,A,31403,26680,1019,6606,17,22126,0,13,921,1507,992,17,-451,-527,984,1374,997,-57,-514
2026-05-15,43,29231,A,31234,26644,1001,6606,0,22126,0,11,741,1507,992,0,-451,-527,996,1394,997,1278,-514
2026-05-15,44,28479,A,30478,26069,983,6606,0,22126,0,7,719,1507,992,0,-451,-527,997,1397,998,1415,-514
2026-05-15,45,27525,A,29526,25249,982,6606,0,22126,0,8,1020,1507,992,543,-451,-528,978,1397,998,1025,-514
2026-05-15,46,26134,A,28134,23881,981,6606,0,22126,0,8,857,1507,992,634,-451,-527,977,1397,997,984,-514
2026-05-15,47,24600,A,26602,22394,987,6606,0,22126,0,9,954,1508,992,684,-451,-528,942,1397,997,505,-514
2026-05-15,48,23301,A,25302,21098,993,6606,0,22126,0,9,897,1508,992,686,-451,-527,941,1380,997,474,-514
2026-05-16,1,23170,A,25170,20900,922,6606,0,22126,0,8,638,1507,992,899,-451,-527,995,1175,997,567,-514
2026-05-16,2,22785,A,24784,20504,851,6606,0,22126,0,7,581,1507,992,907,-451,-527,997,1152,997,574,-514
2026-05-16,3,22560,A,24558,20327,828,6606,0,22126,0,6,634,1507,992,952,-451,-527,997,1182,997,581,-514
2026-05-16,4,22623,A,24592,20394,804,6606,0,22126,0,4,562,1507,991,953,-451,-500,997,1191,997,578,-514
2026-05-16,5,22235,A,24232,20068,789,6606,0,22126,0,5,654,1507,991,810,-451,-527,997,1263,998,459,-514
2026-05-16,6,21788,A,23768,19625,773,6606,0,22126,0,8,405,1507,991,804,-451,-507,997,1259,998,447,-514
2026-05-16,7,21516,A,23484,19332,778,6606,0,22126,0,8,210,1507,991,781,-451,-495,997,1112,997,354,-514
2026-05-16,8,21132,A,23036,18933,783,6606,0,22126,0,8,250,1507,991,780,-451,-431,997,1106,997,349,-514
2026-05-16,9,20980,A,22868,18849,749,6606,0,22126,0,8,356,1507,991,784,-451,-415,997,1269,997,428,-514
2026-05-16,10,20411,A,22284,18381,715,6606,0,22126,0,8,-26,1507,991,785,-451,-400,998,1289,998,440,-514
2026-05-16,11,19977,A,21883,17958,689,6606,5,22126,0,6,-26,1507,991,619,-451,-435,998,1283,997,627,-514
2026-05-16,12,19809,A,21600,17726,663,6606,222,22126,0,6,-77,1507,992,614,-432,-339,998,1290,997,660,-514
2026-05-16,13,21060,A,22981,18841,588,6606,791,22126,0,8,-337,1507,992,987,-451,-448,998,1385,997,1374,-514
2026-05-16,14,21150,A,23047,18883,512,6606,1721,22126,0,11,-255,1507,992,1003,-452,-420,997,1397,997,1423,-514
2026-05-16,15,21751,A,23718,19435,483,6606,2816,22126,0,10,-202,1507,992,1003,-452,-491,997,1397,997,1427,-514
2026-05-16,16,21405,A,23416,19072,453,6606,4003,22126,0,16,-544,1507,992,1003,-451,-530,997,1397,996,1427,-514
2026-05-16,17,21443,A,23556,19049,459,6606,5138,22126,0,117,-763,1507,992,1003,-451,-531,997,1397,997,1426,-514
2026-05-16,18,21306,A,23317,18806,465,6606,6410,22126,0,15,-853,1507,992,1004,-451,-531,997,1397,997,1423,-514
2026-05-16,19,21130,A,23141,18620,452,6606,7626,22126,0,15,-927,1507,992,1004,-451,-531,1015,1397,997,1423,-514
2026-05-16,20,20777,A,22788,18307,439,6606,8367,22126,0,15,-1017,1507,992,1003,-451,-531,1016,1397,997,1424,-514
2026-05-16,21,21081,A,23032,18629,443,6606,8499,22126,0,15,-964,1507,992,1003,-441,-481,1016,1397,997,1423,-514
2026-05-16,22,21383,A,23087,18982,446,6606,8169,22126,0,17,-1068,1507,992,1003,-340,-333,1016,1397,997,1423,-514
2026-05-16,23,21803,A,23333,19405,474,6606,7976,22126,0,18,-1080,1507,992,1004,-385,-181,1016,1397,997,1423,-446
2026-05-16,24,22040,A,23266,19673,501,6606,7574,22126,0,18,-965,1507,992,1004,-275,-36,1016,1397,997,1426,-397
2026-05-16,25,22413,A,23469,20101,550,6606,7803,22126,0,14,-704,1507,992,1002,-207,0,1016,1397,997,1427,-335
2026-05-16,26,22200,A,23029,19904,598,6606,7700,22126,0,14,-679,1507,992,1004,-132,0,1016,1397,996,1427,-183
2026-05-16,27,22508,A,23146,20298,648,6606,7029,22126,0,14,-546,1507,992,1004,-82,0,1016,1397,997,1427,-42
2026-05-16,28,22257,A,22771,20040,697,6606,6248,22126,0,14,-733,1507,992,1004,19,0,1016,1397,997,1427,62
2026-05-16,29,22291,A,22805,20114,760,6606,5529,22126,0,14,-706,1507,992,1002,49,0,997,1397,997,1424,100
2026-05-16,30,22468,A,22982,20270,823,6606,5308,22126,0,14,-689,1507,992,1003,146,0,996,1397,997,1423,100
2026-05-16,31,22836,A,23354,20652,903,6606,4654,22126,0,18,-728,1507,992,1003,200,0,996,1397,997,1423,100
2026-05-16,32,23467,A,23985,21298,982,6606,4205,22126,0,18,-649,1507,992,1003,199,56,996,1397,997,1423,100
2026-05-16,33,24175,A,24693,21940,997,6606,3942,22126,0,18,-677,1507,992,1004,199,101,996,1397,997,1424,73
2026-05-16,34,25177,A,25695,22786,1011,6606,3500,22126,0,18,-715,1507,992,1004,200,104,996,1397,997,1423,100
2026-05-16,35,26332,A,26848,23797,1008,6606,2838,22126,0,16,-454,1506,992,1003,200,103,997,1397,997,1423,100
2026-05-16,36,26782,A,27296,24183,1004,6606,2216,22126,0,14,-377,1507,992,1004,200,62,997,1397,997,1423,100
2026-05-16,37,27804,A,28318,25209,967,6606,1924,22126,0,14,-265,1507,992,1004,200,0,997,1397,997,1424,100
2026-05-16,38,27924,A,28438,25435,929,6606,1323,22126,0,14,-299,1507,992,1002,188,0,997,1397,997,1423,100
2026-05-16,39,27903,A,28415,25454,875,6606,845,22126,0,12,-313,1507,992,679,88,0,923,1397,996,1424,100
2026-05-16,40,27516,A,28024,25147,821,6606,473,22126,0,8,-370,1507,992,665,80,0,920,1397,997,1419,100
2026-05-16,41,26937,A,27444,24620,879,6606,183,22126,0,7,-203,1507,992,628,2,0,739,1397,996,1237,100
2026-05-16,42,27106,A,27611,24738,937,6606,15,22126,0,5,42,1507,992,627,15,0,733,1397,997,1213,64
2026-05-16,43,26954,A,27559,24585,981,6606,0,22126,0,6,254,1507,990,727,-31,0,883,1397,997,841,-68
2026-05-16,44,26215,A,26881,23810,1024,6606,0,22126,0,12,274,1507,990,731,0,0,888,1367,997,805,-154
2026-05-16,45,25042,A,25736,22754,1074,6606,0,22126,0,12,253,1507,992,692,0,0,889,993,996,479,-182
2026-05-16,46,23595,A,24173,21460,1124,6606,0,22126,0,12,427,1507,992,691,0,0,888,977,997,462,-66
2026-05-16,47,22589,A,23260,20556,1134,6606,0,22126,0,11,653,1507,992,818,-55,-37,785,1351,997,772,-68
2026-05-16,48,21864,A,22583,19916,1144,6606,0,22126,0,9,726,1507,992,824,-11,-1,781,1397,997,787,-198
2026-05-17,1,21469,A,22204,19567,1178,6606,0,22126,0,10,633,1507,992,823,0,0,837,1397,997,555,-225
2026-05-17,2,21153,A,21833,19278,1211,6606,0,22126,0,7,546,1507,992,823,0,0,839,1397,996,532,-173
2026-05-17,3,20946,A,21674,19139,1271,6606,0,22126,0,85,655,1507,992,712,0,0,772,1397,997,303,-143
2026-05-17,4,20847,A,21656,19165,1330,6606,0,22126,0,223,752,1507,992,708,-19,0,767,1397,997,302,-67
2026-05-17,5,20602,A,21546,19056,1330,6606,0,22126,0,105,793,1509,992,538,-137,0,351,1397,997,834,-202
2026-05-17,6,19759,A,21021,18304,1330,6606,0,22126,0,351,804,1509,992,532,-58,0,333,1375,997,865,-353
2026-05-17,7,19276,A,20325,17840,1306,6606,0,22126,0,138,918,1508,992,552,0,0,298,1094,997,644,-411
2026-05-17,8,18638,A,20020,17316,1282,6606,0,22126,0,350,986,1509,992,553,-29,0,304,1036,997,612,-503
2026-05-17,9,18606,A,19682,17350,1256,6606,0,22126,0,124,975,1507,992,565,0,0,866,731,997,36,-452
2026-05-17,10,18179,A,19233,16878,1230,6606,0,22126,0,72,679,1507,992,565,-53,0,893,683,998,-8,-421
2026-05-17,11,17665,A,19179,16404,1202,6606,7,22126,0,68,424,1507,992,678,-204,0,924,561,997,-229,-513
2026-05-17,12,17480,A,19104,15951,1174,6606,226,22126,0,70,64,1507,992,664,-317,0,925,573,997,-223,-514
2026-05-17,13,17598,A,19079,15975,1086,6606,882,22126,0,70,38,1508,992,118,-397,0,806,906,997,493,-514
2026-05-17,14,17859,A,19353,16272,998,6606,1796,22126,0,73,110,1508,992,107,-397,-11,802,977,997,553,-513
2026-05-17,15,17842,A,19429,16132,1008,6606,2962,22126,0,17,-128,1508,992,110,-451,-105,802,1351,997,927,-514
2026-05-17,16,17682,A,19193,15972,1017,6606,3911,22126,0,14,23,1508,992,129,-451,-32,802,1397,997,961,-514
2026-05-17,17,17978,A,19765,16266,1104,6606,5109,22126,0,231,187,1507,992,610,-451,-91,802,1397,997,1216,-514
2026-05-17,18,17928,A,19981,16243,1190,6606,6262,22126,0,564,573,1507,992,617,-451,-24,802,1397,997,1237,-514
2026-05-17,19,18359,A,20465,16719,1239,6606,7077,22126,0,552,1042,1506,992,759,-451,-89,915,1397,997,1278,-514
2026-05-17,20,18146,A,20384,16434,1288,6606,8114,22126,0,785,942,1506,992,768,-431,-8,919,1397,998,1284,-514
2026-05-17,21,18654,A,20554,16864,1345,6606,8422,22126,0,585,1036,1507,992,1003,-304,0,1013,1397,997,1413,-511
2026-05-17,22,18642,A,20514,16865,1402,6606,8099,22126,0,599,1163,1507,992,1003,-260,0,1016,1397,998,1422,-513
2026-05-17,23,18501,A,20317,16790,1453,6606,9085,22126,0,594,1289,1507,992,1003,-276,0,1016,1397,998,1423,-446
2026-05-17,24,18376,A,19847,16639,1503,6606,9698,22126,0,357,964,1507,992,1003,-231,0,1016,1397,998,1424,-383
2026-05-17,25,18617,A,20052,16951,1520,6606,10309,22126,0,356,1216,1507,992,1003,-90,0,1016,1397,997,1426,-489
2026-05-17,26,18597,A,19971,16840,1537,6606,10213,22126,0,355,1173,1507,992,1003,-104,0,1016,1397,998,1426,-415
2026-05-17,27,18211,A,19591,16513,1599,6606,10474,22126,0,483,1140,1507,992,1003,-11,0,1016,1397,998,1426,-386
2026-05-17,28,18109,A,19324,16394,1661,6606,10877,22126,0,344,955,1507,992,1002,0,0,1016,1397,998,1426,-371
2026-05-17,29,17826,A,19174,16134,1701,6606,9849,22126,0,474,808,1507,992,1003,-16,0,997,1397,997,1425,-358
2026-05-17,30,18061,A,19404,16308,1741,6606,9082,22126,0,636,842,1507,992,1003,0,0,996,1397,997,1426,-207
2026-05-17,31,18599,A,19848,16842,1702,6606,8181,22126,0,640,750,1507,992,1003,0,0,982,1397,997,1426,-109
2026-05-17,32,19517,A,20571,17633,1663,6606,7897,22126,0,349,552,1507,992,992,0,0,981,1397,998,1423,-205
2026-05-17,33,20834,A,21719,18779,1624,6606,7395,22126,0,191,839,1508,992,693,0,0,710,1397,998,1302,-194
2026-05-17,34,22205,A,23123,19958,1585,6606,5836,22126,0,23,1020,1508,992,692,-59,0,700,1397,997,1288,-336
2026-05-17,35,24147,A,25193,21698,1459,6606,5333,22126,0,14,684,1508,992,919,-59,0,536,1397,996,1110,-473
2026-05-17,36,25013,A,26233,22427,1333,6606,4309,22126,0,14,403,1508,992,926,-192,0,530,1397,996,1092,-514
2026-05-17,37,26511,A,27756,23942,1214,6606,3055,22126,0,9,429,1509,992,565,-280,0,504,1397,997,937,-456
2026-05-17,38,27158,A,28596,24459,1095,6606,2183,22126,0,10,93,1508,992,520,-418,-1,503,1397,996,912,-509
2026-05-17,39,27040,A,28600,24429,975,6606,1391,22126,0,8,-5,1509,992,3,-452,-86,536,1397,996,415,-514
2026-05-17,40,27642,A,29232,24952,855,6606,806,22126,0,6,-235,1509,992,0,-452,-118,536,1397,996,394,-514
2026-05-17,41,27513,A,29182,24880,863,6606,355,22126,0,6,-306,1509,992,329,-452,-197,244,1397,996,909,-514
2026-05-17,42,27251,A,28987,24595,870,6606,29,22126,0,6,-463,1509,992,365,-452,-264,234,1397,997,940,-514
2026-05-17,43,27016,A,28901,24352,798,6606,0,22126,0,5,-825,1508,992,645,-452,-414,557,1397,997,749,-514
2026-05-17,44,26128,A,28123,23611,726,6606,0,22126,0,7,-1079,1507,992,657,-451,-523,570,1397,997,729,-514
2026-05-17,45,25461,A,27463,23053,722,6606,0,22126,0,7,-824,1508,992,437,-452,-529,516,1397,997,493,-514
2026-05-17,46,24223,A,26224,21885,718,6606,0,22126,0,7,-954,1508,992,428,-452,-528,515,1367,997,466,-514
2026-05-17,47,22702,A,24635,20512,718,6606,0,22126,0,7,-851,1508,992,437,-451,-461,703,993,988,35,-514
2026-05-17,48,22098,A,23993,19986,717,6606,0,22126,0,11,-996,1508,992,437,-452,-418,710,935,987,9,-514
2026-05-18,1,21622,A,23622,19492,709,6606,0,22126,0,10,-1133,1507,992,384,-452,-524,898,784,982,241,-514
2026-05-18,2,21458,A,23462,19325,701,6606,0,22126,0,11,-1151,1507,992,382,-451,-528,905,792,982,254,-514
2026-05-18,3,21518,A,23520,19368,709,6606,0,22126,0,9,-1200,1508,992,513,-451,-528,827,1126,982,183,-514
2026-05-18,4,21550,A,23551,19444,717,6606,0,22126,0,6,-1172,1507,992,517,-452,-529,824,1172,982,180,-514
2026-05-18,5,21452,A,23449,19255,739,6606,0,22126,0,4,-1269,1508,992,510,-451,-528,662,1232,996,267,-514
2026-05-18,6,20864,A,22862,18672,760,6606,0,22126,0,4,-1226,1508,992,508,-452,-528,656,1220,997,272,-514
2026-05-18,7,20863,A,22861,18781,761,6606,0,22126,0,4,-980,1508,992,192,-451,-530,543,971,997,243,-513
2026-05-18,8,20530,A,22529,18476,762,6606,0,22126,0,4,-1135,1509,992,178,-452,-529,536,970,997,235,-514
2026-05-18,9,20166,A,22498,18134,732,6606,0,22126,0,4,-1020,1510,992,-348,-452,-514,112,1344,997,16,-514
2026-05-18,10,19634,A,22133,17610,701,6606,0,22126,0,148,-1019,1510,992,-389,-451,-497,94,1360,997,0,-514
2026-05-18,11,20261,A,22735,18272,670,6606,20,22126,0,16,-352,1511,992,-562,-451,-380,-51,987,996,0,-514
2026-05-18,12,20373,A,22910,18291,638,6606,311,22126,0,9,-523,1511,992,-568,-452,-438,-56,941,996,0,-514
2026-05-18,13,22027,A,24368,19771,597,6606,911,22126,0,8,-558,1510,992,-338,-452,-529,119,947,996,0,-514
2026-05-18,14,23652,A,25974,21232,556,6606,1390,22126,0,6,-412,1510,992,-320,-452,-530,130,977,996,0,-514
2026-05-18,15,26173,A,28176,23674,535,6606,2300,22126,0,7,-106,1508,992,525,-451,-531,654,1351,997,0,-514
2026-05-18,16,26659,A,28661,24003,514,6606,3331,22126,0,5,-153,1508,992,614,-452,-531,679,1397,997,0,-514
2026-05-18,17,26607,A,28607,23906,507,6606,4308,22126,0,4,-670,1507,992,987,-451,-531,985,1397,997,0,-514
2026-05-18,18,26483,A,28483,23845,499,6606,4963,22126,0,5,-543,1507,992,1003,-451,-530,997,1397,997,0,-514
2026-05-18,19,26337,A,28342,23648,542,6606,5751,22126,0,8,-446,1507,992,1003,-452,-531,1016,1397,997,0,-514
2026-05-18,20,25890,A,27892,23288,584,6606,5555,22126,0,6,-209,1507,992,1004,-451,-531,1017,1397,997,0,-514
2026-05-18,21,26186,A,28302,23627,656,6606,5609,22126,0,119,118,1507,992,1004,-452,-531,1016,1397,997,0,-514
2026-05-18,22,26625,A,28744,23972,728,6606,6191,22126,0,123,151,1507,992,1003,-452,-530,1016,1397,997,0,-514
2026-05-18,23,26307,A,28429,23666,775,6606,6662,22126,0,123,183,1507,992,1003,-452,-531,1016,1397,997,0,-516
2026-05-18,24,25958,A,27965,23372,821,6606,6900,22126,0,10,236,1507,992,1003,-452,-531,1016,1397,996,0,-514
2026-05-18,25,25690,A,27691,23237,908,6606,7271,22126,0,7,303,1507,992,1002,-451,-530,1016,1397,996,0,-513
2026-05-18,26,25941,A,27902,23514,995,6606,7908,22126,0,7,538,1507,992,1003,-452,-488,1016,1397,996,0,-514
2026-05-18,27,25712,A,27471,23406,1057,6606,7759,22126,0,9,538,1507,992,1002,-411,-342,1016,1397,997,0,-497
2026-05-18,28,24657,A,26121,22478,1118,6606,7707,22126,0,9,785,1507,992,1002,-369,-192,1016,1392,997,0,-394
2026-05-18,29,24291,A,25743,22104,1100,6606,7505,22126,0,8,499,1507,992,1003,-447,-44,997,1331,997,0,-453
2026-05-18,30,24149,A,25642,21825,1081,6606,7375,22126,0,10,388,1506,992,1003,-452,-65,996,1293,997,0,-466
2026-05-18,31,24299,A,25590,21860,1091,6606,6905,22126,0,12,442,1507,992,956,-392,-4,991,919,997,0,-383
2026-05-18,32,25085,A,26157,22587,1101,6606,6246,22126,0,12,1028,1507,992,953,-243,0,989,844,998,0,-317
2026-05-18,33,26008,A,26928,23499,1129,6606,5359,22126,0,9,1610,1508,992,690,-93,0,689,471,997,0,-318
2026-05-18,34,27233,A,28116,24801,1156,6606,4437,22126,0,12,1931,1507,992,627,-1,0,678,443,997,0,-370
2026-05-18,35,27890,A,29251,25473,1237,6606,4021,22126,0,101,1965,1509,992,-392,0,0,551,666,997,0,-368
2026-05-18,36,29077,A,30350,26651,1318,6606,3197,22126,0,12,2240,1508,990,-450,-25,0,480,723,996,0,-286
2026-05-18,37,28891,A,31407,26453,1339,6606,2357,22126,0,6,2242,1512,946,-987,-67,0,-821,1097,969,0,-135
2026-05-18,38,29418,A,31932,26887,1360,6606,1723,22126,0,6,2584,1513,945,-1014,-1,0,-941,1115,968,0,-52
2026-05-18,39,30335,A,32896,27818,1379,6606,1088,22126,0,29,2912,1513,989,-1013,0,0,-1019,770,995,0,0
2026-05-18,40,29883,A,32582,27463,1398,6606,510,22126,0,163,2845,1513,992,-1014,0,0,-1022,719,995,0,68
2026-05-18,41,29277,A,31977,26950,1527,6606,152,22126,0,164,2838,1255,992,-1014,0,0,-1022,616,951,0,195
2026-05-18,42,28941,A,31639,26693,1656,6606,13,22126,0,162,2986,1231,991,-1014,56,11,-1022,581,947,0,149
2026-05-18,43,28413,A,31111,26142,1827,6606,0,22126,0,167,2813,1365,953,-1015,11,-22,-994,290,890,0,130
2026-05-18,44,27065,A,29735,24796,1997,6606,0,22126,0,167,2655,1379,952,-1014,0,0,-989,237,888,0,30
2026-05-18,45,25639,A,27525,23529,2127,6606,0,22126,0,168,2619,1461,989,-702,0,0,-515,21,958,0,-1
2026-05-18,46,24052,A,25896,22168,2256,6606,0,22126,0,154,3022,1470,992,-690,0,0,-494,-6,963,0,68
2026-05-18,47,22488,A,24546,20835,2369,6606,0,22126,0,9,3409,1508,992,-1001,-56,0,-487,-5,993,0,82
2026-05-18,48,21872,A,24137,20270,2482,6606,0,22126,0,151,3533,1512,992,-1014,-11,0,-487,-34,995,0,-68
2026-05-19,1,21110,A,24007,19506,2600,6606,0,22126,0,165,3731,1511,992,-1014,0,0,-590,-412,995,0,-216
2026-05-19,2,20865,A,23812,19225,2718,6606,0,22126,0,164,3653,1511,992,-1015,0,0,-593,-489,995,0,-186
2026-05-19,3,20339,A,23649,18761,2838,6606,0,22126,0,164,3540,1511,992,-1014,0,0,-595,-875,995,0,-162
2026-05-19,4,20442,A,23920,18981,2958,6606,0,22126,0,164,3876,1511,992,-1017,0,0,-597,-953,995,0,-247
2026-05-19,5,19927,A,24366,18639,3101,6606,0,22126,0,172,3988,1513,992,-1014,-69,0,-1005,-1348,995,0,-331
2026-05-19,6,19264,A,23952,18018,3243,6606,0,22126,0,174,3838,1512,992,-1014,-221,0,-1022,-1400,995,0,-357
2026-05-19,7,18520,A,24130,17307,3368,6606,0,22126,0,770,3735,1512,992,-1015,-365,0,-1022,-1446,996,0,-492
2026-05-19,8,18359,A,24282,17130,3492,6606,0,22126,0,1004,3903,1513,992,-1014,-401,-17,-1022,-1451,995,0,-514
2026-05-19,9,18484,A,24389,17311,3606,6606,0,22126,0,989,4143,1512,992,-1014,-401,-13,-1022,-1452,973,0,-514
2026-05-19,10,18480,A,24496,17346,3719,6606,0,22126,0,985,4054,1511,985,-1014,-401,-127,-1022,-1453,963,0,-514
2026-05-19,11,18114,A,23936,17074,3787,6606,0,22126,0,806,4059,1106,730,-1014,-401,-112,-1022,-1453,651,0,-514
2026-05-19,12,18803,A,24371,17788,3855,6606,25,22126,0,475,3947,1066,714,-1015,-401,-188,-1022,-1453,635,0,-514
2026-05-19,13,20355,A,25682,19230,3915,6606,137,22126,0,146,3975,1199,783,-1015,-403,-275,-1022,-1453,753,0,-513
2026-05-19,14,21982,A,27220,20741,3975,6606,456,22126,0,9,3965,1213,792,-1005,-444,-326,-1016,-1424,767,0,-514
2026-05-19,15,24629,A,28464,23140,3974,6606,799,22126,0,3,3914,1482,978,-371,-451,-475,-457,-1064,983,0,-514
2026-05-19,16,25483,A,29159,23851,3972,6606,1134,22126,0,0,3761,1509,992,-327,-451,-527,-368,-989,997,0,-514
2026-05-19,17,26715,A,29315,24965,3971,6606,1629,22126,0,7,3651,1505,992,630,-451,-528,886,-601,997,0,-513
2026-05-19,18,26643,A,29166,24908,3970,6606,2284,22126,0,6,3703,1505,992,758,-452,-528,997,-523,997,0,-514
2026-05-19,19,26971,A,29113,25058,3984,6606,3005,22126,0,6,3527,1504,992,993,-452,-526,1016,-144,997,0,-514
2026-05-19,20,26755,A,28758,24824,3998,6606,3677,22126,0,3,3348,1505,992,1003,-452,-426,1017,-108,997,0,-514
2026-05-19,21,26222,A,28307,24348,3969,6606,4033,22126,0,45,3126,1505,992,1004,-452,-338,1017,-236,997,0,-514
2026-05-19,22,25906,A,28119,24021,3940,6606,4963,22126,0,276,3167,1505,992,1002,-451,-190,1017,-282,997,0,-514
2026-05-19,23,25639,A,28200,23793,3879,6606,6067,22126,0,316,3634,1505,992,1003,-452,-116,1017,-663,997,0,-514
2026-05-19,24,25004,A,27743,23217,3817,6606,6759,22126,0,470,3773,1505,992,1003,-452,-86,1017,-717,997,0,-514
2026-05-19,25,24949,A,28111,23095,3723,6606,7725,22126,0,813,3749,1505,992,1002,-451,-83,1017,-802,997,0,-513
2026-05-19,26,24862,A,28063,22871,3629,6606,7214,22126,0,897,3849,1505,992,1003,-451,0,1017,-840,997,0,-513
2026-05-19,27,24569,A,28180,22487,3632,6606,7546,22126,0,1020,3604,1506,992,994,-451,0,1017,-1195,997,0,-445
2026-05-19,28,23986,A,27666,21770,3634,6606,6833,22126,0,1173,3242,1505,992,991,-451,0,1017,-1239,997,0,-317
2026-05-19,29,23607,A,27257,21293,3598,6606,7576,22126,0,1160,3187,1506,992,645,-451,0,897,-1239,997,0,-300
2026-05-19,30,23801,A,27456,21495,3561,6606,6893,22126,0,1165,3390,1505,992,585,-451,0,892,-1239,996,0,-300
2026-05-19,31,23366,A,27170,21180,3591,6606,6060,22126,0,1153,3377,1506,992,-186,-426,0,992,-1239,997,0,-300
2026-05-19,32,24462,A,28101,22371,3621,6606,5280,22126,0,953,3700,1506,992,-204,-427,-27,991,-1227,996,0,-301
2026-05-19,33,24710,A,28281,22571,3637,6606,4679,22126,0,832,3603,1508,992,-570,-299,0,508,-1070,997,0,-300
2026-05-19,34,25330,A,28755,23252,3652,6606,4090,22126,0,604,3533,1507,991,-588,-352,0,486,-1019,996,0,-362
2026-05-19,35,26839,A,30239,24658,3551,6606,3102,22126,0,353,3304,1507,992,-995,-450,-71,542,-631,996,0,-400
2026-05-19,36,28042,A,31478,25833,3450,6606,2450,22126,0,319,3820,1507,991,-1014,-452,-198,547,-552,996,0,-401
2026-05-19,37,28464,A,31595,26380,3332,6606,1893,22126,0,319,3742,1505,992,-1014,-452,-257,978,-174,996,0,-415
2026-05-19,38,28358,A,31418,26250,3213,6606,1434,22126,0,320,3592,1506,992,-1014,-452,-217,996,-120,996,0,-437
2026-05-19,39,28755,A,31836,26732,3116,6606,843,22126,0,315,3633,1506,991,-1015,-452,-269,916,-17,996,0,-513
2026-05-19,40,28538,A,31626,26406,3019,6606,415,22126,0,313,3212,1505,990,-1014,-452,-291,913,-5,996,0,-513
2026-05-19,41,28110,A,31306,25946,2981,6606,112,22126,0,311,3098,1487,969,-1012,-452,-402,942,-5,997,0,-514
2026-05-19,42,27911,A,31085,25714,2942,6606,8,22126,0,309,2823,1485,968,-885,-452,-509,943,-5,996,0,-514
2026-05-19,43,27960,A,30125,25699,2971,6606,0,22126,0,167,2723,1504,991,221,-452,-527,838,-5,996,0,-514
2026-05-19,44,26836,A,28976,24586,2999,6606,0,22126,0,142,2521,1505,992,239,-452,-527,832,-5,996,0,-514
2026-05-19,45,25516,A,27768,23333,3010,6606,0,22126,0,8,2454,1507,992,-268,-452,-505,413,-5,996,0,-514
2026-05-19,46,24008,A,26175,21974,3021,6606,0,22126,0,9,2080,1507,992,-304,-435,-371,395,-35,996,0,-513
2026-05-19,47,22530,A,25719,20621,2969,6606,0,22126,0,8,2090,1507,992,-960,-448,-347,411,-412,996,0,-514
2026-05-19,48,21788,A,24986,19851,2916,6606,0,22126,0,7,1876,1507,992,-997,-423,-268,416,-490,995,0,-513
2026-05-20,1,21484,A,25278,19484,2882,6606,0,22126,0,446,1912,1443,992,-806,-451,-202,901,-875,995,0,-514
2026-05-20,2,21057,A,24885,19048,2847,6606,0,22126,0,575,1784,1436,991,-796,-443,-57,923,-943,995,0,-514
2026-05-20,3,21164,A,24692,19180,2836,6606,0,22126,0,573,1690,1454,947,-356,-379,0,711,-1207,996,0,-513
2026-05-20,4,21203,A,24713,19232,2825,6606,0,22126,0,574,1710,1457,945,-336,-377,0,702,-1209,996,0,-514
2026-05-20,5,21190,A,24128,19185,2795,6606,0,22126,0,578,1657,1503,973,-270,-257,0,396,-819,996,0,-514
2026-05-20,6,20584,A,23581,18529,2764,6606,0,22126,0,576,1180,1507,975,-276,-329,0,384,-802,996,0,-514
2026-05-20,7,20129,A,24093,18149,2754,6606,0,22126,0,573,1280,1507,991,-915,-271,0,606,-1191,996,0,-514
2026-05-20,8,19707,A,23642,17683,2743,6606,0,22126,0,576,1047,1507,992,-951,-184,0,604,-1211,995,0,-513
2026-05-20,9,19267,A,22804,17303,2727,6606,0,22126,0,572,1197,1247,992,-968,-122,0,-35,-841,985,0,-499
2026-05-20,10,18989,A,22463,17135,2711,6606,0,22126,0,599,1398,1221,990,-968,-157,-19,-91,-765,984,0,-375
2026-05-20,11,19368,A,22749,17575,2616,6606,6,22126,0,229,1748,1361,946,-1012,-28,0,-964,-382,984,0,-266
2026-05-20,12,19482,A,22938,17682,2520,6606,183,22126,0,260,1724,1375,944,-1013,-41,0,-975,-305,984,0,-362
2026-05-20,13,21306,A,23401,19379,2438,6606,651,22126,0,367,1524,1477,978,-834,-77,0,138,74,976,0,-317
2026-05-20,14,22867,A,24907,20932,2356,6606,1268,22126,0,67,1893,1487,981,-747,-229,-66,239,150,976,0,-431
2026-05-20,15,24793,A,26415,22642,2391,6606,1699,22126,0,9,1299,1504,991,793,-381,-219,956,523,995,0,-513
2026-05-20,16,25293,A,27138,23047,2426,6606,2365,22126,0,9,1374,1505,992,1003,-452,-370,997,599,997,0,-514
2026-05-20,17,25897,A,27877,23507,2559,6606,3212,22126,0,8,1429,1505,992,1003,-451,-507,997,972,997,0,-514
2026-05-20,18,25580,A,27574,23284,2691,6606,4172,22126,0,8,1504,1505,991,1002,-451,-521,997,1043,997,0,-514
2026-05-20,19,25729,A,27650,23268,2754,6606,4591,22126,0,8,1384,1506,992,1003,-452,-447,1016,1357,997,0,-514
2026-05-20,20,25181,A,26978,22746,2817,6606,5458,22126,0,9,1131,1506,992,1004,-452,-322,1014,1397,997,0,-514
2026-05-20,21,24136,A,25859,21762,2825,6606,6748,22126,0,14,941,1507,992,935,-452,-243,597,1397,997,0,-514
2026-05-20,22,23857,A,25510,21656,2833,6606,7164,22126,0,14,1233,1507,992,933,-390,-235,581,1397,997,0,-514
2026-05-20,23,23774,A,25490,21569,2895,6606,6405,22126,0,14,1604,1506,991,1002,-304,-385,998,1397,997,0,-513
2026-05-20,24,23993,A,25835,21792,2956,6606,6496,22126,0,14,1947,1506,992,1003,-302,-513,1016,1367,997,0,-513
2026-05-20,25,24343,A,26161,22135,3104,6606,6515,22126,0,14,2329,1506,992,1003,-262,-529,1016,993,997,0,-513
2026-05-20,26,24599,A,26426,22336,3251,6606,6517,22126,0,12,2417,1506,992,1003,-252,-529,1016,917,997,0,-534
2026-05-20,27,24029,A,25970,21816,3305,6606,6944,22126,0,203,2423,1506,991,1003,-252,-487,1016,544,997,0,-499
2026-05-20,28,23218,A,25069,21040,3359,6606,6792,22126,0,320,2228,1506,992,1003,-252,-408,1016,481,997,0,-371
2026-05-20,29,22707,A,24495,20638,3362,6606,6828,22126,0,321,2418,1506,992,1003,-252,-405,997,277,997,0,-310
2026-05-20,30,22715,A,24533,20752,3365,6606,6243,22126,0,317,2374,1506,992,1004,-252,-439,996,235,997,0,-310
2026-05-20,31,22502,A,24363,20512,3409,6606,6815,22126,0,319,2024,1506,992,1054,-252,-480,996,22,997,0,-310
2026-05-20,32,22851,A,24660,20933,3453,6606,6880,22126,0,321,2234,1505,992,1055,-320,-337,996,-5,997,0,-326
2026-05-20,33,23229,A,25313,21357,3436,6606,5903,22126,0,321,2463,1505,992,1047,-441,-364,996,-5,997,0,-453
2026-05-20,34,24264,A,26448,22505,3418,6606,5272,22126,0,317,2661,1505,992,1047,-452,-401,996,0,997,0,-514
2026-05-20,35,25226,A,27524,23419,3297,6606,4637,22126,0,318,2647,1506,992,1032,-452,-515,876,44,996,0,-513
2026-05-20,36,26036,A,28346,24174,3175,6606,3997,22126,0,317,2625,1507,991,897,-452,-527,845,79,997,0,-514
2026-05-20,37,26468,A,28847,24567,2907,6606,3184,22126,0,168,2808,1484,982,-136,-452,-528,-81,452,997,0,-514
2026-05-20,38,27023,A,29480,25064,2639,6606,2285,22126,0,165,2637,1482,982,-155,-452,-528,-144,528,996,0,-513
2026-05-20,39,27869,A,30805,25831,2349,6606,1428,22126,0,165,2456,1506,991,-779,-452,-527,88,901,996,0,-513
2026-05-20,40,28229,A,31203,26062,2059,6606,777,22126,0,165,2112,1509,992,-815,-452,-528,97,977,996,0,-514
2026-05-20,41,28082,A,31085,25828,1996,6606,276,22126,0,165,1832,1509,992,-826,-452,-527,-17,1351,996,0,-516
2026-05-20,42,27215,A,30122,24917,1932,6606,30,22126,0,165,1325,1509,991,-747,-452,-527,-3,1397,995,0,-513
2026-05-20,43,27622,A,29779,25332,1899,6606,0,22126,0,164,1238,1488,976,385,-452,-527,778,1397,984,0,-514
2026-05-20,44,26534,A,28693,24315,1865,6606,0,22126,0,166,1169,1487,976,436,-452,-527,825,1371,983,0,-514
2026-05-20,45,25317,A,27476,23085,1842,6606,0,22126,0,167,953,1505,991,425,-452,-526,707,1042,995,0,-514
2026-05-20,46,24036,A,25962,21877,1819,6606,0,22126,0,17,1005,1507,992,409,-452,-443,703,995,996,0,-514
2026-05-20,47,23088,A,24974,21027,1812,6606,0,22126,0,7,1309,1507,992,-161,-383,-321,618,918,996,0,-514
2026-05-20,48,22751,A,24452,20715,1805,6606,0,22126,0,7,1366,1507,992,-173,-338,-169,615,879,996,0,-514
2026-05-21,1,22487,A,23815,20468,1761,6606,0,22126,0,7,1392,1507,992,-2,-288,-28,713,505,997,0,-503
2026-05-21,2,21777,A,22805,19799,1716,6606,0,22126,0,7,1433,1508,992,0,-137,0,716,465,996,0,-384
2026-05-21,3,21903,A,22742,19944,1699,6606,0,22126,0,6,1546,1508,992,0,-24,0,701,546,996,0,-309
2026-05-21,4,21924,A,22627,19996,1682,6606,0,22126,0,6,1466,1507,992,0,0,0,701,543,996,0,-197
2026-05-21,5,21423,A,22270,19567,1679,6606,0,22126,0,9,1599,1507,992,308,-41,0,963,380,997,0,-297
2026-05-21,6,20749,A,21570,18930,1675,6606,0,22126,0,11,1781,1507,992,331,-1,0,959,362,997,0,-309
2026-05-21,7,20064,A,21281,18392,1705,6606,0,22126,0,11,2100,1510,992,-505,0,0,235,394,997,0,-201
2026-05-21,8,19604,A,20789,17943,1735,6606,0,22126,0,10,2078,1509,992,-585,0,0,194,394,997,0,-90
2026-05-21,9,19413,A,20776,17744,1764,6606,0,22126,0,8,2342,1510,992,-702,0,0,-84,340,997,0,-69
2026-05-21,10,19216,A,20570,17571,1793,6606,0,22126,0,8,2299,1511,992,-708,-22,0,-116,339,996,0,0
2026-05-21,11,19104,A,21632,17537,1852,6606,22,22126,0,9,2356,1514,992,-1051,42,0,-968,408,997,0,62
2026-05-21,12,19486,A,22085,17829,1910,6606,199,22126,0,11,1943,1514,992,-1066,7,0,-1022,446,996,0,97
2026-05-21,13,21259,A,23653,19337,1861,6606,471,22126,0,12,2049,1514,992,-860,61,0,-1022,818,996,0,15
2026-05-21,14,22920,A,25240,20936,1812,6606,984,22126,0,8,2545,1514,992,-766,-30,-19,-929,894,997,0,-68
2026-05-21,15,25700,A,26743,23416,1775,6606,1569,22126,0,11,2160,1508,991,537,-172,-142,530,1268,997,0,-218
2026-05-21,16,26411,A,27764,24067,1737,6606,2148,22126,0,8,2036,1507,992,632,-324,-154,680,1320,996,0,-367
2026-05-21,17,26481,A,28054,24131,1845,6606,2662,22126,0,11,1613,1507,992,1048,-443,-123,985,1388,997,0,-496
2026-05-21,18,26251,A,27920,23921,1953,6606,3538,22126,0,10,1656,1507,992,1068,-452,-193,997,1397,997,0,-514
2026-05-21,19,26264,A,28009,23876,2032,6606,4285,22126,0,8,1842,1507,991,1038,-452,-271,1016,1397,997,0,-514
2026-05-21,20,25936,A,27586,23376,2110,6606,5017,22126,0,10,1777,1506,992,1037,-447,-179,1016,1397,997,0,-514
2026-05-21,21,25242,A,26648,22753,2163,6606,5888,22126,0,10,1781,1507,992,1059,-348,-34,1016,1397,996,0,-514
2026-05-21,22,24255,A,25588,21760,2215,6606,7257,22126,0,10,1820,1507,992,1058,-309,0,1016,1397,996,0,-514
2026-05-21,23,23326,A,24691,20817,2197,6606,8129,22126,0,10,1649,1507,992,1058,-341,0,1016,1397,996,0,-514
2026-05-21,24,22699,A,23986,20199,2179,6606,9116,22126,0,10,1467,1507,991,1058,-263,0,1016,1397,996,0,-514
2026-05-21,25,22067,A,23431,19625,2122,6606,10144,22126,0,35,1144,1507,991,1033,-315,0,921,1397,996,0,-514
2026-05-21,26,21224,A,22850,18848,2064,6606,10367,22126,0,305,1348,1507,991,1031,-307,0,918,1397,997,0,-514
2026-05-21,27,20735,A,22975,18415,2059,6606,10850,22126,0,751,1368,1507,991,1052,-434,-41,1012,1397,997,0,-514
2026-05-21,28,20470,A,22746,18211,2054,6606,11488,22126,0,839,1488,1507,991,1053,-423,-1,1016,1397,997,0,-513
2026-05-21,29,20297,A,22558,18157,1960,6606,11189,22126,0,796,1394,1508,991,1052,-451,0,900,1397,996,0,-514
2026-05-21,30,20157,A,22387,17939,1865,6606,10490,22126,0,798,1022,1508,991,1044,-418,0,888,1397,996,0,-514
2026-05-21,31,20231,A,22453,18009,1806,6606,9678,22126,0,817,1134,1510,991,306,-392,0,304,1397,996,0,-513
2026-05-21,32,21240,A,22865,19004,1746,6606,9080,22126,0,237,1278,1510,991,253,-374,0,275,1397,997,0,-514
2026-05-21,33,22374,A,23819,20024,1650,6606,7758,22126,0,12,1275,1509,991,794,-419,0,482,1397,997,0,-514
2026-05-21,34,23375,A,24853,20924,1553,6606,6653,22126,0,12,1439,1509,991,821,-452,0,489,1380,996,0,-514
2026-05-21,35,24354,A,25776,21883,1436,6606,5755,22126,0,11,1491,1509,991,542,-386,-11,247,1175,996,0,-514
2026-05-21,36,25663,A,27082,23144,1318,6606,4619,22126,0,11,1421,1509,991,501,-306,-104,233,1165,996,0,-498
2026-05-21,37,26789,A,28708,24359,1287,6606,3821,22126,0,10,2150,1512,991,-563,-161,-19,-298,1371,996,0,-368
2026-05-21,38,27476,A,29333,25111,1256,6606,2815,22126,0,9,2532,1512,991,-666,-133,0,-333,1397,996,0,-216
2026-05-21,39,28034,A,30657,25828,1236,6606,1793,22126,0,0,2669,1515,992,-1049,-16,0,-987,1397,996,0,-71
2026-05-21,40,28232,A,30818,26087,1216,6606,1030,22126,0,0,2472,1515,992,-1066,0,0,-1020,1397,997,0,5
2026-05-21,41,28201,A,30140,26103,1226,6606,339,22126,0,0,2496,1513,992,-808,0,0,-631,1397,996,0,11
2026-05-21,42,27766,A,29571,25587,1235,6606,52,22126,0,0,2328,1514,992,-721,0,0,-584,1397,996,0,10
2026-05-21,43,27746,A,28253,25572,1275,6606,0,22126,0,4,2073,1510,992,258,0,0,393,1397,997,0,-3
2026-05-21,44,27306,A,27862,25143,1315,6606,0,22126,0,4,2196,1509,991,279,-6,0,459,1397,996,0,-46
2026-05-21,45,26253,A,26896,24138,1349,6606,0,22126,0,4,2207,1510,992,2,-60,0,55,1397,996,0,-79
2026-05-21,46,24887,A,25395,22885,1383,6606,0,22126,0,8,2302,1511,992,0,25,0,37,1374,997,0,35
2026-05-21,47,23533,A,24771,21723,1524,6606,0,22126,0,8,2391,1512,992,-504,12,0,-226,1090,996,0,79
2026-05-21,48,22741,A,24067,20978,1665,6606,0,22126,0,9,2463,1512,992,-582,29,0,-235,1029,996,0,210
2026-05-22,1,21960,A,23045,20306,1710,6606,0,22126,0,11,2522,1511,992,-566,16,0,-8,708,996,0,242
2026-05-22,2,21582,A,22655,19932,1755,6606,0,22126,0,9,2497,1511,992,-564,113,0,0,672,995,0,124
2026-05-22,3,21189,A,22224,19576,1751,6606,0,22126,0,11,2269,1511,992,-511,23,0,-13,730,995,0,30
2026-05-22,4,21303,A,22334,19611,1746,6606,0,22126,0,8,2388,1511,992,-509,0,0,-14,717,996,0,9
2026-05-22,5,21202,A,22186,19384,1736,6606,0,22126,0,6,2309,1510,992,-388,-22,0,104,451,996,0,-68
2026-05-22,6,20713,A,21807,18895,1725,6606,0,22126,0,6,2271,1510,992,-384,0,0,107,403,995,0,-204
2026-05-22,7,20343,A,21823,18537,1702,6606,0,22126,0,5,2192,1511,992,-528,0,0,-179,200,996,0,-268
2026-05-22,8,20073,A,21659,18323,1679,6606,0,22126,0,5,2359,1511,992,-537,0,0,-191,164,996,0,-353
2026-05-22,9,19556,A,21906,17949,1696,6606,0,22126,0,5,2786,1512,992,-1009,0,0,-466,14,996,0,-370
2026-05-22,10,19147,A,21536,17574,1713,6606,0,22126,0,5,2978,1512,992,-1032,0,0,-479,0,996,0,-373
2026-05-22,11,19380,A,22347,17963,1757,6606,31,22126,0,5,3291,1514,992,-1068,-1,0,-915,44,996,0,-478
2026-05-22,12,19706,A,22823,18269,1801,6606,372,22126,0,44,3321,1514,992,-1069,-87,-8,-893,79,995,0,-516
2026-05-22,13,21515,A,23795,19887,1697,6606,1098,22126,0,170,3015,1509,992,-836,-150,-122,174,452,995,0,-502
2026-05-22,14,22566,A,25063,20860,1592,6606,1835,22126,0,172,3179,1509,992,-747,-296,-274,267,527,996,0,-508
2026-05-22,15,23708,A,25748,21780,1497,6606,2948,22126,0,172,3226,1506,991,800,-430,-425,959,901,997,0,-513
2026-05-22,16,23918,A,26078,21826,1401,6606,4077,22126,0,169,3517,1507,992,1015,-452,-525,997,977,997,0,-514
2026-05-22,17,23802,A,25965,21528,1438,6606,5497,22126,0,170,3203,1507,991,1065,-451,-528,997,1350,996,0,-514
2026-05-22,18,23419,A,25579,21182,1475,6606,6806,22126,0,166,3233,1507,991,1066,-451,-529,997,1397,997,0,-514
2026-05-22,19,22160,A,24383,20007,1618,6606,8382,22126,0,256,3034,1507,992,1060,-452,-501,1016,1397,997,0,-514
2026-05-22,20,21166,A,23323,19121,1760,6606,9821,22126,0,323,2974,1509,992,1058,-452,-368,1016,1397,997,0,-514
2026-05-22,21,20259,A,22656,18312,1889,6606,11043,22126,0,541,2920,1510,992,1053,-439,-404,1016,1397,996,0,-513
2026-05-22,22,19259,A,21694,17392,2017,6606,12244,22126,0,695,2952,1510,992,1059,-349,-377,1016,1397,996,0,-514
2026-05-22,23,18621,A,21379,16658,2054,6606,13123,22126,0,884,2656,1510,992,1056,-435,-493,1016,1397,996,0,-446
2026-05-22,24,18209,A,20970,16241,2090,6606,13926,22126,0,877,2815,1511,992,1057,-452,-528,1016,1397,996,0,-404
2026-05-22,25,18090,A,20628,16097,2090,6606,14326,22126,0,726,2467,1510,992,1056,-452,-466,1016,1397,996,0,-394
2026-05-22,26,17714,A,19934,15647,2089,6606,14472,22126,0,881,1876,1511,992,1057,-452,0,1016,1397,996,0,-387
2026-05-22,27,17345,A,19832,15323,2192,6606,14602,22126,0,1134,1904,1510,992,1057,-452,0,1016,1397,997,0,-401
2026-05-22,28,17268,A,19727,15320,2294,6606,14429,22126,0,1154,2060,1511,990,1057,-452,0,1015,1397,996,0,-353
2026-05-22,29,17107,A,19231,15402,2239,6606,13934,22126,0,801,2283,1397,923,788,-452,0,715,1397,997,0,-371
2026-05-22,30,17256,A,19265,15479,2183,6606,13100,22126,0,718,2240,1385,918,763,-452,0,703,1397,996,0,-339
2026-05-22,31,17705,A,19478,15924,2173,6606,12120,22126,0,467,2130,1453,897,765,-452,0,703,1397,952,0,-354
2026-05-22,32,17970,A,19432,16250,2162,6606,11138,22126,0,186,2052,1458,898,764,-452,0,704,1367,951,0,-324
2026-05-22,33,19256,A,20648,17467,2068,6606,10020,22126,0,170,2256,1503,986,764,-452,0,704,994,995,0,-270
2026-05-22,34,20764,A,22098,18896,1974,6606,8595,22126,0,160,2535,1507,991,694,-435,0,703,944,998,0,-239
2026-05-22,35,22045,A,23084,20190,1820,6606,7110,22126,0,10,2858,1508,992,-96,-338,0,401,901,998,0,-95
2026-05-22,36,23508,A,24710,21502,1665,6606,5418,22126,0,8,2235,1508,991,-124,-429,0,387,868,998,0,-141
2026-05-22,37,24642,A,26753,22489,1520,6606,3990,22126,0,13,2171,1509,992,-1007,-452,0,-7,516,998,0,-132
2026-05-22,38,25730,A,27919,23501,1375,6606,2750,22126,0,9,1888,1509,991,-1068,-452,0,-37,463,998,0,-123
2026-05-22,39,26097,A,28977,23856,1303,6606,1777,22126,0,3,1918,1510,991,-1070,-452,0,-753,349,998,0,-102
2026-05-22,40,26446,A,29340,24200,1231,6606,904,22126,0,3,1975,1510,992,-1069,-452,0,-792,365,999,0,-78
2026-05-22,41,26481,A,29334,24298,1336,6606,360,22126,0,3,1555,1511,992,-1067,-452,0,-798,738,998,0,-33
2026-05-22,42,26023,A,28886,24008,1440,6606,46,22126,0,3,1732,1511,992,-1067,-452,0,-786,814,998,0,-55
2026-05-22,43,26206,A,28271,24253,1471,6606,0,22126,0,4,1413,1509,991,-899,-452,0,-78,1187,998,0,-132
2026-05-22,44,26043,A,28004,24121,1502,6606,0,22126,0,8,1485,1509,991,-793,-452,0,-38,1234,998,0,-170
2026-05-22,45,26082,A,27206,24269,1542,6606,0,22126,0,16,1380,1509,991,-3,-452,0,286,1244,998,0,-153
2026-05-22,46,24912,A,26100,23170,1581,6606,0,22126,0,12,1343,1509,992,0,-452,0,298,1256,998,0,-224
2026-05-22,47,22983,A,24776,21339,1576,6606,0,22126,0,9,1622,1509,992,-500,-452,0,11,1381,998,0,-332
2026-05-22,48,22332,A,24345,20788,1571,6606,0,22126,0,9,2081,1509,992,-577,-451,0,0,1397,998,0,-476
2026-05-23,1,22112,A,24071,20540,1530,6606,0,22126,0,12,2188,1508,991,-482,-451,0,167,1397,997,0,-514
2026-05-23,2,21643,A,23599,20081,1488,6606,0,22126,0,13,2390,1508,991,-478,-451,0,173,1397,997,0,-514
2026-05-23,3,21304,A,23147,19793,1490,6606,0,22126,0,13,2562,1509,992,-306,-450,0,-60,1397,998,0,-514
2026-05-23,4,20896,A,22702,19359,1492,6606,0,22126,0,12,2419,1509,991,-300,-411,0,-70,1397,997,0,-513
2026-05-23,5,20552,A,22521,19110,1480,6606,0,22126,0,13,2391,1508,992,-491,-451,0,76,1397,998,0,-514
2026-05-23,6,20077,A,22096,18655,1468,6606,0,22126,0,57,2338,1508,991,-497,-451,0,81,1397,998,0,-514
2026-05-23,7,19487,A,21451,18185,1397,6606,0,22126,0,334,2546,1509,991,-165,-451,0,3,1397,998,0,-514
2026-05-23,8,19404,A,21160,18174,1325,6606,0,22126,0,167,2761,1509,991,-151,-424,0,1,1397,997,0,-514
2026-05-23,9,18849,A,20666,17538,1243,6606,0,22126,0,247,2554,1508,992,-105,-451,0,254,1397,998,0,-514
2026-05-23,10,18398,A,20121,17207,1161,6606,0,22126,0,172,2541,1508,991,-104,-428,0,263,1397,998,0,-519
2026-05-23,11,18721,A,20390,17616,1103,6606,14,22126,0,207,2568,1507,992,507,-448,0,515,1397,998,0,-514
2026-05-23,12,18533,A,20238,17365,1045,6606,225,22126,0,312,2463,1507,991,591,-379,0,527,1397,997,0,-514
2026-05-23,13,18817,A,20415,17535,957,6606,817,22126,0,172,2257,1506,992,1033,-412,0,977,1397,998,0,-514
2026-05-23,14,18883,A,20428,17507,869,6606,1493,22126,0,172,1989,1506,991,1055,-360,0,997,1397,997,0,-513
2026-05-23,15,19088,A,20622,17711,841,6606,2516,22126,0,172,2091,1506,991,1065,-348,0,997,1397,997,0,-514
2026-05-23,16,19132,A,20706,17724,813,6606,3480,22126,0,171,2046,1506,991,1066,-389,0,997,1397,998,0,-514
2026-05-23,17,19269,A,20708,17821,878,6606,4953,22126,0,93,2019,1506,991,1059,-344,0,997,1397,997,0,-502
2026-05-23,18,18911,A,20142,17418,943,6606,6334,22126,0,13,2006,1507,991,1057,-299,0,997,1397,998,0,-419
2026-05-23,19,18573,A,20022,17079,959,6606,7540,22126,0,18,1939,1506,991,1057,-427,0,1015,1397,997,0,-504
2026-05-23,20,17903,A,19341,16383,975,6606,8910,22126,0,51,1989,1506,992,1057,-374,0,1016,1397,997,0,-513
2026-05-23,21,16879,A,18340,15360,982,6606,10360,22126,0,45,1699,1506,992,1057,-403,0,1016,1397,998,0,-513
2026-05-23,22,15778,A,17143,14267,989,6606,11457,22126,0,76,1893,1507,992,1057,-275,0,1016,1397,997,0,-514
2026-05-23,23,15680,A,16847,14142,1013,6606,12348,22126,0,75,2240,1508,992,1058,-132,0,1016,1397,997,0,-460
2026-05-23,24,14842,A,16274,13326,1037,6606,13288,22126,0,349,2067,1507,992,1058,-135,0,1016,1397,997,0,-448
2026-05-23,25,14316,A,16207,12842,1105,6606,13884,22126,0,744,2160,1509,992,1058,-134,0,1016,1397,997,0,-513
2026-05-23,26,14201,A,16216,12683,1173,6606,14229,22126,0,738,1909,1509,992,1058,-253,0,1016,1397,996,0,-524
2026-05-23,27,13689,A,15427,12085,1157,6606,14715,22126,0,644,1849,1390,992,948,-163,0,992,1397,974,0,-431
2026-05-23,28,13197,A,15116,11666,1140,6606,14624,22126,0,845,2169,1378,990,942,-69,0,991,1397,973,0,-505
2026-05-23,29,13392,A,15197,11890,1208,6606,14223,22126,0,738,2169,1466,901,932,-119,0,957,1397,996,0,-448
2026-05-23,30,13567,A,15357,11942,1276,6606,13341,22126,0,799,1981,1477,897,932,-43,0,956,1397,995,0,-448
2026-05-23,31,13798,A,15674,12315,1282,6606,12636,22126,0,949,2025,1505,985,1054,-9,0,806,1397,905,0,-418
2026-05-23,32,14616,A,16130,13187,1287,6606,11474,22126,0,562,2516,1507,991,1054,-59,0,801,1397,903,0,-393
2026-05-23,33,15764,A,16703,14323,1302,6606,9939,22126,0,186,2654,1507,991,1009,37,0,753,1397,992,0,-253
2026-05-23,34,17725,A,18724,16148,1317,6606,8586,22126,0,165,2620,1507,991,1006,-55,0,751,1397,998,0,-279
2026-05-23,35,19661,A,20558,17893,1286,6606,7048,22126,0,168,2359,1507,992,1045,-29,15,987,1397,998,0,-200
2026-05-23,36,21777,A,22870,19857,1255,6606,5534,22126,0,165,2174,1506,991,906,-146,0,975,1397,997,0,-282
2026-05-23,37,22998,A,24694,21053,1182,6606,4305,22126,0,167,2225,1508,992,-636,-189,0,150,1397,998,0,-204
2026-05-23,38,23864,A,25901,21817,1109,6606,2992,22126,0,163,1811,1508,991,-775,-299,0,99,1397,998,0,-300
2026-05-23,39,24562,A,26947,22602,1062,6606,2041,22126,0,159,1918,1509,991,-1065,-220,0,-54,1397,997,0,-387
2026-05-23,40,24789,A,27282,22900,1014,6606,1146,22126,0,162,1594,1509,991,-1066,-318,0,-59,1397,998,0,-388
2026-05-23,41,24511,A,27461,22663,1038,6606,500,22126,0,163,1430,1509,992,-1067,-441,0,-324,1397,997,0,-455
2026-05-23,42,24755,A,27772,22987,1061,6606,88,22126,0,156,1708,1509,992,-1067,-452,0,-329,1397,997,0,-513
2026-05-23,43,24936,A,26963,23126,1120,6606,0,22126,0,3,1583,1508,991,-544,-451,-15,206,1397,998,0,-514
2026-05-23,44,24821,A,26754,22980,1179,6606,0,22126,0,5,1582,1508,991,-460,-452,-4,231,1397,997,0,-512
2026-05-23,45,24235,A,25999,22384,1185,6606,0,22126,0,7,1337,1503,991,-214,-452,-77,589,1397,998,0,-514
2026-05-23,46,23456,A,25139,21631,1190,6606,0,22126,0,8,1488,1502,991,-204,-451,-6,600,1397,997,0,-514
2026-05-23,47,22411,A,23922,20679,1175,6606,0,22126,0,8,1733,1508,991,-106,-383,0,162,1397,998,0,-514
2026-05-23,48,21802,A,23248,20120,1160,6606,0,22126,0,7,1704,1508,991,-104,-321,0,143,1397,997,0,-514
2026-05-24,1,21401,A,22858,19702,1103,6606,0,22126,0,9,1604,1508,991,171,-414,0,257,1397,997,0,-534
2026-05-24,2,21018,A,22324,19292,1045,6606,0,22126,0,9,1902,1508,991,190,-292,0,261,1397,998,0,-505
2026-05-24,3,20711,A,21938,19048,996,6606,0,22126,0,7,1737,1508,992,692,-207,0,407,1397,997,0,-513
2026-05-24,4,20319,A,21460,18712,947,6606,0,22126,0,8,1737,1508,991,717,-119,0,412,1397,997,0,-514
2026-05-24,5,19839,A,21104,18252,934,6606,0,22126,0,8,1598,1508,991,495,-243,0,459,1397,998,0,-514
2026-05-24,6,19373,A,20660,17865,921,6606,0,22126,0,7,1636,1508,991,487,-265,0,461,1397,998,0,-515
2026-05-24,7,18704,A,20037,17283,918,6606,0,22126,0,9,1620,1508,991,468,-311,0,559,1397,998,0,-513
2026-05-24,8,18523,A,19853,17124,914,6606,0,22126,0,5,1644,1507,992,468,-311,0,563,1397,998,0,-514
2026-05-24,9,18354,A,19688,16975,882,6606,0,22126,0,9,1484,1507,992,718,-311,0,714,1397,997,0,-514
2026-05-24,10,17933,A,19267,16638,850,6606,0,22126,0,9,1531,1507,992,729,-311,0,719,1397,998,0,-514
2026-05-24,11,17637,A,18971,16442,815,6606,31,22126,0,9,1685,1508,992,742,-311,0,471,1397,998,0,-514
2026-05-24,12,17026,A,18362,15789,779,6606,406,22126,0,9,1555,1508,992,743,-311,-2,461,1397,998,0,-514
2026-05-24,13,17535,A,18967,16201,737,6606,1043,22126,0,6,1577,1508,991,1032,-311,-101,540,1397,998,0,-514
2026-05-24,14,17423,A,18905,15983,694,6606,1852,22126,0,10,1439,1508,991,1044,-311,-147,546,1397,998,0,-514
2026-05-24,15,17108,A,18539,15508,647,6606,2863,22126,0,7,1090,1507,991,1066,-311,-99,979,1397,998,0,-514
2026-05-24,16,16927,A,18378,15220,599,6606,4037,22126,0,10,1148,1507,991,1068,-311,-116,997,1397,998,0,-514
2026-05-24,17,16946,A,18420,15165,606,6606,5238,22126,0,17,1170,1507,991,1058,-306,-137,997,1397,997,0,-514
2026-05-24,18,16450,A,18032,14665,613,6606,6647,22126,0,16,1183,1505,991,1057,-297,-289,997,1397,996,0,-480
2026-05-24,19,16006,A,17951,14168,636,6606,8399,22126,0,63,1148,1506,992,1057,-428,-441,1016,1397,996,0,-513
2026-05-24,20,15139,A,17115,13302,659,6606,9918,22126,0,59,1046,1505,991,1058,-451,-452,1017,1397,995,0,-514
2026-05-24,21,14468,A,16345,12733,709,6606,11261,22126,0,110,806,1506,992,1057,-452,-301,1017,1397,996,0,-514
2026-05-24,22,13810,A,16125,12219,759,6606,12520,22126,0,691,1031,1504,987,1056,-452,-158,1017,1397,996,0,-514
2026-05-24,23,13500,A,15748,11993,783,6606,13387,22126,0,839,1290,1327,808,963,-429,-22,831,1397,996,0,-458
2026-05-24,24,12981,A,15208,11482,807,6606,14079,22126,0,845,1281,1306,796,958,-426,0,824,1397,996,0,-456
2026-05-24,25,13179,A,15397,11684,825,6606,14593,22126,0,717,1636,1248,796,838,-451,-53,727,1397,997,0,-497
2026-05-24,26,12911,A,15234,11423,843,6606,14861,22126,0,805,1846,1243,796,832,-452,-52,723,1397,993,0,-514
2026-05-24,27,12626,A,15007,11159,877,6606,14848,22126,0,832,1882,1209,821,957,-452,-83,722,1397,882,0,-514
2026-05-24,28,12826,A,15175,11328,910,6606,14629,22126,0,829,1935,1206,819,958,-452,-54,721,1397,875,0,-514
2026-05-24,29,12931,A,15220,11516,877,6606,14227,22126,0,820,2123,1205,709,822,-451,-4,704,1397,851,0,-514
2026-05-24,30,12776,A,15054,11350,844,6606,13657,22126,0,833,2089,1206,702,812,-431,0,704,1397,850,0,-514
2026-05-24,31,13474,A,15621,12120,858,6606,12801,22126,0,813,2324,1206,701,811,-320,0,704,1397,850,0,-514
2026-05-24,32,14205,A,16357,12842,872,6606,11675,22126,0,772,2167,1206,705,810,-366,0,704,1397,851,0,-514
2026-05-24,33,15056,A,17038,13653,851,6606,10319,22126,0,723,2240,1306,8,762,-275,0,705,1397,896,0,-484
2026-05-24,34,17059,A,18615,15465,830,6606,8937,22126,0,215,1837,1318,-5,759,-356,0,705,1397,902,0,-480
2026-05-24,35,19288,A,20516,17395,779,6606,7453,22126,0,8,1423,1487,-4,755,-309,0,704,1397,990,0,-407
2026-05-24,36,20792,A,22234,18802,728,6606,6056,22126,0,8,1390,1505,-4,755,-403,-70,704,1397,996,0,-457
2026-05-24,37,22474,A,24012,20349,683,6606,4606,22126,0,8,1279,1504,-4,921,-332,-181,867,1397,995,0,-513
2026-05-24,38,23932,A,25638,21682,637,6606,3364,22126,0,7,897,1505,-4,922,-409,-331,873,1397,996,0,-455
2026-05-24,39,24709,A,26659,22596,599,6606,2222,22126,0,5,1233,1505,-4,371,-452,-479,651,1397,996,0,-510
2026-05-24,40,24905,A,26908,22754,561,6606,1325,22126,0,6,1134,1506,-4,334,-452,-527,643,1397,996,0,-514
2026-05-24,41,25480,A,27482,23301,561,6606,605,22126,0,7,990,1505,-4,3,-451,-526,735,1397,996,0,-514
2026-05-24,42,25559,A,27563,23363,560,6606,116,22126,0,9,686,1505,-4,0,-451,-526,738,1397,996,0,-514
2026-05-24,43,25520,A,27525,23295,588,6606,1,22126,0,8,486,1504,-4,674,-452,-527,814,1397,996,0,-514
2026-05-24,44,25620,A,27622,23329,616,6606,0,22126,0,7,322,1504,-4,816,-451,-526,817,1397,996,0,-514
2026-05-24,45,25160,A,27164,22900,634,6606,0,22126,0,9,0,1504,-4,781,-451,-526,801,1397,996,0,-514
2026-05-24,46,24415,A,26419,22240,652,6606,0,22126,0,11,0,1504,729,779,-452,-527,800,1397,996,0,-514
2026-05-24,47,23306,A,25241,21244,654,6606,0,22126,0,11,0,1505,992,494,-383,-527,637,1397,996,0,-514
2026-05-24,48,23019,A,24876,20968,655,6606,0,22126,0,14,0,1506,992,482,-302,-527,631,1397,996,0,-514
2026-05-25,1,22207,A,24062,20124,649,6606,0,22126,0,13,0,1505,992,449,-302,-526,730,1397,996,0,-514
2026-05-25,2,21592,A,23498,19625,642,6606,0,22126,0,63,0,1505,992,447,-302,-527,734,1397,996,0,-514
2026-05-25,3,20861,A,22700,19050,652,6606,0,22126,0,36,0,1506,992,273,-302,-487,689,1397,996,0,-514
2026-05-25,4,20953,A,22630,19249,662,6606,0,22126,0,12,0,1506,992,267,-302,-349,684,1397,996,0,-514
2026-05-25,5,20392,A,22112,18793,704,6606,0,22126,0,12,0,1507,992,297,-302,-392,226,1397,997,0,-514
2026-05-25,6,20091,A,21804,18579,746,6606,0,22126,0,12,0,1507,992,299,-302,-385,206,1395,997,0,-514
2026-05-25,7,19907,A,21616,18453,778,6606,0,22126,0,12,0,1508,992,254,-302,-381,128,1369,997,0,-514
2026-05-25,8,19540,A,21369,18144,809,6606,0,22126,0,130,0,1508,992,249,-302,-383,125,1351,996,0,-514
2026-05-25,9,18922,A,20858,17565,827,6606,0,22126,0,131,0,1509,992,2,-302,-406,-83,1162,997,0,-514
2026-05-25,10,18725,A,20575,17310,844,6606,0,22126,0,64,0,1509,992,0,-302,-379,-91,1140,997,0,-514
2026-05-25,11,18531,A,20628,17051,835,6606,49,22126,0,27,0,1510,992,-99,-302,-341,-314,1164,998,0,-514
2026-05-25,12,18428,A,20536,16791,825,6606,469,22126,0,12,0,1509,992,-104,-302,-357,-319,1182,997,0,-514
2026-05-25,13,18864,A,20758,17086,798,6606,1131,22126,0,12,0,1508,992,577,-370,-498,155,1373,997,0,-514
2026-05-25,14,19013,A,21017,17102,770,6606,1979,22126,0,12,0,1508,992,684,-451,-527,193,1396,996,0,-514
2026-05-25,15,19221,A,21226,17066,684,6606,2985,22126,0,12,0,1506,992,1049,-452,-527,953,1397,996,0,-514
2026-05-25,16,18944,A,20948,16671,597,6606,4143,22126,0,12,0,1505,991,1064,-451,-527,998,1397,996,0,-514
2026-05-25,17,18975,A,20980,16625,565,6606,5294,22126,0,12,0,1505,992,1058,-452,-527,997,1397,996,0,-514
2026-05-25,18,0,F,500,0,533,6606,6303,22126,0,0,0,0,0,0,0,0,0,0,0,0,0
2026-05-25,19,0,F,500,0,542,6606,7644,22126,0,0,0,0,0,0,0,0,0,0,0,0,0
2026-05-25,20,0,F,500,0,551,6606,8935,22126,0,0,0,0,0,0,0,0,0,0,0,0,0
2026-05-25,21,0,F,500,0,562,6606,10079,22126,0,0,0,0,0,0,0,0,0,0,0,0,0
2026-05-25,22,0,F,500,0,572,6606,11080,22126,0,0,0,0,0,0,0,0,0,0,0,0,0
2026-05-25,23,0,F,500,0,591,6606,11951,22126,0,0,0,0,0,0,0,0,0,0,0,0,0
2026-05-25,24,0,F,500,0,610,6606,12649,22126,0,0,0,0,0,0,0,0,0,0,0,0,0
2026-05-25,25,0,F,500,0,633,6606,13124,22126,0,0,0,0,0,0,0,0,0,0,0,0,0
2026-05-25,26,0,F,500,0,656,6606,13357,22126,0,0,0,0,0,0,0,0,0,0,0,0,0
2026-05-25,27,0,F,500,0,686,6606,13335,22126,0,0,0,0,0,0,0,0,0,0,0,0,0
2026-05-25,28,0,F,500,0,716,6606,13045,22126,0,0,0,0,0,0,0,0,0,0,0,0,0
2026-05-25,29,0,F,500,0,747,6606,12494,22126,0,0,0,0,0,0,0,0,0,0,0,0,0
2026-05-25,30,0,F,500,0,778,6606,11789,22126,0,0,0,0,0,0,0,0,0,0,0,0,0
2026-05-25,31,0,F,500,0,800,6606,11015,22126,0,0,0,0,0,0,0,0,0,0,0,0,0
2026-05-25,32,0,F,500,0,821,6606,10098,22126,0,0,0,0,0,0,0,0,0,0,0,0,0
2026-05-25,33,0,F,500,0,825,6606,8964,22126,0,0,0,0,0,0,0,0,0,0,0,0,0
2026-05-25,34,0,F,500,0,829,6606,7726,22126,0,0,0,0,0,0,0,0,0,0,0,0,0
2026-05-25,35,0,F,500,0,801,6606,6509,22126,0,0,0,0,0,0,0,0,0,0,0,0,0
2026-05-25,36,0,F,500,0,773,6606,5314,22126,0,0,0,0,0,0,0,0,0,0,0,0,0
2026-05-25,37,0,F,500,0,741,6606,4127,22126,0,0,0,0,0,0,0,0,0,0,0,0,0
2026-05-25,38,0,F,500,0,708,6606,3007,22126,0,0,0,0,0,0,0,0,0,0,0,0,0
2026-05-25,39,0,F,500,0,711,6606,2022,22126,0,0,0,0,0,0,0,0,0,0,0,0,0
2026-05-25,40,0,F,500,0,713,6606,1190,22126,0,0,0,0,0,0,0,0,0,0,0,0,0
2026-05-25,41,0,F,500,0,731,6606,532,22126,0,0,0,0,0,0,0,0,0,0,0,0,0
2026-05-25,42,0,F,500,0,749,6606,119,22126,0,0,0,0,0,0,0,0,0,0,0,0,0
2026-05-25,43,0,F,500,0,758,6606,0,22126,0,0,0,0,0,0,0,0,0,0,0,0,0
2026-05-25,44,0,F,500,0,767,6606,0,22126,0,0,0,0,0,0,0,0,0,0,0,0,0
2026-05-25,45,0,F,500,0,760,6606,0,22126,0,0,0,0,0,0,0,0,0,0,0,0,0
2026-05-25,46,0,F,500,0,753,6606,0,22126,0,0,0,0,0,0,0,0,0,0,0,0,0
2026-05-25,47,0,F,500,0,731,6606,0,22126,0,0,0,0,0,0,0,0,0,0,0,0,0
2026-05-25,48,0,F,500,0,708,6606,0,22126,0,0,0,0,0,0,0,0,0,0,0,0,0
2026-05-26,1,0,F,500,0,676,6606,0,22133,0,0,0,0,0,0,0,0,0,0,0,0,0
2026-05-26,2,0,F,500,0,644,6606,0,22133,0,0,0,0,0,0,0,0,0,0,0,0,0
2026-05-26,3,0,F,500,0,613,6606,0,22133,0,0,0,0,0,0,0,0,0,0,0,0,0
2026-05-26,4,0,F,500,0,581,6606,0,22133,0,0,0,0,0,0,0,0,0,0,0,0,0
2026-05-26,5,0,F,500,0,551,6606,0,22133,0,0,0,0,0,0,0,0,0,0,0,0,0
2026-05-26,6,0,F,500,0,520,6606,0,22133,0,0,0,0,0,0,0,0,0,0,0,0,0
2026-05-26,7,0,F,500,0,493,6606,0,22133,0,0,0,0,0,0,0,0,0,0,0,0,0
2026-05-26,8,0,F,500,0,465,6606,0,22133,0,0,0,0,0,0,0,0,0,0,0,0,0
2026-05-26,9,0,F,500,0,445,6606,0,22133,0,0,0,0,0,0,0,0,0,0,0,0,0
2026-05-26,10,0,F,500,0,424,6606,0,22133,0,0,0,0,0,0,0,0,0,0,0,0,0
2026-05-26,11,0,F,500,0,406,6606,190,22133,0,0,0,0,0,0,0,0,0,0,0,0,0
2026-05-26,12,0,F,500,0,388,6606,606,22133,0,0,0,0,0,0,0,0,0,0,0,0,0
2026-05-26,13,0,F,500,0,365,6606,1293,22133,0,0,0,0,0,0,0,0,0,0,0,0,0
2026-05-26,14,0,F,500,0,342,6606,2167,22133,0,0,0,0,0,0,0,0,0,0,0,0,0
2026-05-26,15,0,F,500,0,322,6606,3122,22133,0,0,0,0,0,0,0,0,0,0,0,0,0
2026-05-26,16,0,F,500,0,302,6606,4153,22133,0,0,0,0,0,0,0,0,0,0,0,0,0
2026-05-26,17,0,F,500,0,293,6606,5279,22133,0,0,0,0,0,0,0,0,0,0,0,0,0
2026-05-26,18,0,F,500,0,283,6606,6497,22133,0,0,0,0,0,0,0,0,0,0,0,0,0
2026-05-26,19,0,F,500,0,285,6606,7782,22133,0,0,0,0,0,0,0,0,0,0,0,0,0
2026-05-26,20,0,F,500,0,286,6606,9013,22133,0,0,0,0,0,0,0,0,0,0,0,0,0
2026-05-26,21,0,F,500,0,293,6606,10072,22133,0,0,0,0,0,0,0,0,0,0,0,0,0
2026-05-26,22,0,F,500,0,300,6606,10978,22133,0,0,0,0,0,0,0,0,0,0,0,0,0
2026-05-26,23,0,F,500,0,315,6606,11760,22133,0,0,0,0,0,0,0,0,0,0,0,0,0
2026-05-26,24,0,F,500,0,330,6606,12318,22133,0,0,0,0,0,0,0,0,0,0,0,0,0
2026-05-26,25,0,F,500,0,355,6606,12553,22133,0,0,0,0,0,0,0,0,0,0,0,0,0
2026-05-26,26,0,F,500,0,379,6606,12495,22133,0,0,0,0,0,0,0,0,0,0,0,0,0
2026-05-26,27,0,F,500,0,416,6606,12204,22133,0,0,0,0,0,0,0,0,0,0,0,0,0
2026-05-26,28,0,F,500,0,452,6606,11726,22133,0,0,0,0,0,0,0,0,0,0,0,0,0
2026-05-26,29,0,F,500,0,497,6606,11105,22133,0,0,0,0,0,0,0,0,0,0,0,0,0
2026-05-26,30,0,F,500,0,541,6606,10400,22133,0,0,0,0,0,0,0,0,0,0,0,0,0
2026-05-26,31,0,F,500,0,588,6606,9646,22133,0,0,0,0,0,0,0,0,0,0,0,0,0
2026-05-26,32,0,F,500,0,635,6606,8775,22133,0,0,0,0,0,0,0,0,0,0,0,0,0
2026-05-26,33,0,F,500,0,682,6606,7728,22133,0,0,0,0,0,0,0,0,0,0,0,0,0
2026-05-26,34,0,F,500,0,729,6606,6600,22133,0,0,0,0,0,0,0,0,0,0,0,0,0
2026-05-26,35,0,F,500,0,763,6606,5503,22133,0,0,0,0,0,0,0,0,0,0,0,0,0
2026-05-26,36,0,F,500,0,796,6606,4486,22133,0,0,0,0,0,0,0,0,0,0,0,0,0
2026-05-26,37,0,F,500,0,813,6606,3565,22133,0,0,0,0,0,0,0,0,0,0,0,0,0
2026-05-26,38,0,F,500,0,830,6606,2697,22133,0,0,0,0,0,0,0,0,0,0,0,0,0
2026-05-26,39,0,F,500,0,850,6606,1847,22133,0,0,0,0,0,0,0,0,0,0,0,0,0
2026-05-26,40,0,F,500,0,870,6606,1079,22133,0,0,0,0,0,0,0,0,0,0,0,0,0
2026-05-26,41,0,F,500,0,906,6606,474,22133,0,0,0,0,0,0,0,0,0,0,0,0,0
2026-05-26,42,0,F,500,0,941,6606,101,22133,0,0,0,0,0,0,0,0,0,0,0,0,0
2026-05-26,43,0,F,500,0,985,6606,0,22133,0,0,0,0,0,0,0,0,0,0,0,0,0
2026-05-26,44,0,F,500,0,1028,6606,0,22133,0,0,0,0,0,0,0,0,0,0,0,0,0
2026-05-26,45,0,F,500,0,1048,6606,0,22133,0,0,0,0,0,0,0,0,0,0,0,0,0
2026-05-26,46,0,F,500,0,1068,6606,0,22133,0,0,0,0,0,0,0,0,0,0,0,0,0
2026-05-26,47,0,F,500,0,1072,6606,0,22133,0,0,0,0,0,0,0,0,0,0,0,0,0
2026-05-26,48,0,F,500,0,1075,6606,0,22133,0,0,0,0,0,0,0,0,0,0,0,0,0
2026-05-27,1,0,F,500,0,1079,6606,0,22139,0,0,0,0,0,0,0,0,0,0,0,0,0
2026-05-27,2,0,F,500,0,1082,6606,0,22139,0,0,0,0,0,0,0,0,0,0,0,0,0
2026-05-27,3,0,F,500,0,1083,6606,0,22139,0,0,0,0,0,0,0,0,0,0,0,0,0
2026-05-27,4,0,F,500,0,1084,6606,0,22139,0,0,0,0,0,0,0,0,0,0,0,0,0
2026-05-27,5,0,F,500,0,1095,6606,0,22139,0,0,0,0,0,0,0,0,0,0,0,0,0
2026-05-27,6,0,F,500,0,1105,6606,0,22139,0,0,0,0,0,0,0,0,0,0,0,0,0
2026-05-27,7,0,F,500,0,1122,6606,0,22139,0,0,0,0,0,0,0,0,0,0,0,0,0
2026-05-27,8,0,F,500,0,1138,6606,0,22139,0,0,0,0,0,0,0,0,0,0,0,0,0
2026-05-27,9,0,F,500,0,1162,6606,0,22139,0,0,0,0,0,0,0,0,0,0,0,0,0
2026-05-27,10,0,F,500,0,1186,6606,0,22139,0,0,0,0,0,0,0,0,0,0,0,0,0
2026-05-27,11,0,F,500,0,1197,6606,167,22139,0,0,0,0,0,0,0,0,0,0,0,0,0
2026-05-27,12,0,F,500,0,1207,6606,498,22139,0,0,0,0,0,0,0,0,0,0,0,0,0
2026-05-27,13,0,F,500,0,1189,6606,1002,22139,0,0,0,0,0,0,0,0,0,0,0,0,0
2026-05-27,14,0,F,500,0,1171,6606,1649,22139,0,0,0,0,0,0,0,0,0,0,0,0,0
2026-05-27,15,0,F,500,0,1158,6606,2404,22139,0,0,0,0,0,0,0,0,0,0,0,0,0
2026-05-27,16,0,F,500,0,1144,6606,3268,22139,0,0,0,0,0,0,0,0,0,0,0,0,0
2026-05-27,17,0,F,500,0,1153,6606,4239,22139,0,0,0,0,0,0,0,0,0,0,0,0,0
2026-05-27,18,0,F,500,0,1162,6606,5290,22139,0,0,0,0,0,0,0,0,0,0,0,0,0
2026-05-27,19,0,F,500,0,1186,6606,6384,22139,0,0,0,0,0,0,0,0,0,0,0,0,0
2026-05-27,20,0,F,500,0,1209,6606,7476,22139,0,0,0,0,0,0,0,0,0,0,0,0,0
2026-05-27,21,0,F,500,0,1237,6606,8517,22139,0,0,0,0,0,0,0,0,0,0,0,0,0
2026-05-27,22,0,F,500,0,1264,6606,9455,22139,0,0,0,0,0,0,0,0,0,0,0,0,0
2026-05-27,23,0,F,500,0,1286,6606,10246,22139,0,0,0,0,0,0,0,0,0,0,0,0,0
2026-05-27,24,0,F,500,0,1307,6606,10878,22139,0,0,0,0,0,0,0,0,0,0,0,0,0
2026-05-27,25,0,F,500,0,1325,6606,11351,22139,0,0,0,0,0,0,0,0,0,0,0,0,0
2026-05-27,26,0,F,500,0,1343,6606,11666,22139,0,0,0,0,0,0,0,0,0,0,0,0,0
2026-05-27,27,0,F,500,0,1357,6606,11822,22139,0,0,0,0,0,0,0,0,0,0,0,0,0
2026-05-27,28,0,F,500,0,1371,6606,11792,22139,0,0,0,0,0,0,0,0,0,0,0,0,0
2026-05-27,29,0,F,500,0,1386,6606,11556,22139,0,0,0,0,0,0,0,0,0,0,0,0,0
2026-05-27,30,0,F,500,0,1400,6606,11126,22139,0,0,0,0,0,0,0,0,0,0,0,0,0
2026-05-27,31,0,F,500,0,1416,6606,10513,22139,0,0,0,0,0,0,0,0,0,0,0,0,0
2026-05-27,32,0,F,500,0,1431,6606,9669,22139,0,0,0,0,0,0,0,0,0,0,0,0,0
2026-05-27,33,0,F,500,0,1451,6606,8574,22139,0,0,0,0,0,0,0,0,0,0,0,0,0
2026-05-27,34,0,F,500,0,1471,6606,7353,22139,0,0,0,0,0,0,0,0,0,0,0,0,0
2026-05-27,35,0,F,500,0,1489,6606,6141,22139,0,0,0,0,0,0,0,0,0,0,0,0,0
2026-05-27,36,0,F,500,0,1506,6606,4984,22139,0,0,0,0,0,0,0,0,0,0,0,0,0
2026-05-27,37,0,F,500,0,1511,6606,3909,22139,0,0,0,0,0,0,0,0,0,0,0,0,0
2026-05-27,38,0,F,500,0,1516,6606,2929,22139,0,0,0,0,0,0,0,0,0,0,0,0,0
2026-05-27,39,0,F,500,0,1530,6606,2053,22139,0,0,0,0,0,0,0,0,0,0,0,0,0
2026-05-27,40,0,F,500,0,1544,6606,1278,22139,0,0,0,0,0,0,0,0,0,0,0,0,0
2026-05-27,41,0,F,500,0,1601,6606,613,22139,0,0,0,0,0,0,0,0,0,0,0,0,0
2026-05-27,42,0,F,500,0,1658,6606,162,22139,0,0,0,0,0,0,0,0,0,0,0,0,0
2026-05-27,43,0,F,500,0,1723,6606,0,22139,0,0,0,0,0,0,0,0,0,0,0,0,0
2026-05-27,44,0,F,500,0,1788,6606,0,22139,0,0,0,0,0,0,0,0,0,0,0,0,0
2026-05-27,45,0,F,500,0,1806,6606,0,22139,0,0,0,0,0,0,0,0,0,0,0,0,0
2026-05-27,46,0,F,500,0,1823,6606,0,22139,0,0,0,0,0,0,0,0,0,0,0,0,0
2026-05-27,47,0,F,500,0,1812,6606,0,22139,0,0,0,0,0,0,0,0,0,0,0,0,0
2026-05-27,48,0,F,500,0,1800,6606,0,22139,0,0,0,0,0,0,0,0,0,0,0,0,0
2026-05-28,1,0,F,500,0,1778,6606,0,22146,0,0,0,0,0,0,0,0,0,0,0,0,0
2026-05-28,2,0,F,500,0,1755,6606,0,22146,0,0,0,0,0,0,0,0,0,0,0,0,0
2026-05-28,3,0,F,500,0,1727,6606,0,22146,0,0,0,0,0,0,0,0,0,0,0,0,0
2026-05-28,4,0,F,500,0,1699,6606,0,22146,0,0,0,0,0,0,0,0,0,0,0,0,0
2026-05-28,5,0,F,500,0,1673,6606,0,22146,0,0,0,0,0,0,0,0,0,0,0,0,0
2026-05-28,6,0,F,500,0,1646,6606,0,22146,0,0,0,0,0,0,0,0,0,0,0,0,0
2026-05-28,7,0,F,500,0,1620,6606,0,22146,0,0,0,0,0,0,0,0,0,0,0,0,0
2026-05-28,8,0,F,500,0,1593,6606,0,22146,0,0,0,0,0,0,0,0,0,0,0,0,0
2026-05-28,9,0,F,500,0,1575,6606,0,22146,0,0,0,0,0,0,0,0,0,0,0,0,0
2026-05-28,10,0,F,500,0,1557,6606,0,22146,0,0,0,0,0,0,0,0,0,0,0,0,0
2026-05-28,11,0,F,500,0,1535,6606,233,22146,0,0,0,0,0,0,0,0,0,0,0,0,0
2026-05-28,12,0,F,500,0,1513,6606,638,22146,0,0,0,0,0,0,0,0,0,0,0,0,0
2026-05-28,13,0,F,500,0,1457,6606,1190,22146,0,0,0,0,0,0,0,0,0,0,0,0,0
2026-05-28,14,0,F,500,0,1400,6606,1877,22146,0,0,0,0,0,0,0,0,0,0,0,0,0
2026-05-28,15,0,F,500,0,1329,6606,2696,22146,0,0,0,0,0,0,0,0,0,0,0,0,0
2026-05-28,16,0,F,500,0,1258,6606,3657,22146,0,0,0,0,0,0,0,0,0,0,0,0,0
2026-05-28,17,0,F,500,0,1213,6606,4768,22146,0,0,0,0,0,0,0,0,0,0,0,0,0
2026-05-28,18,0,F,500,0,1167,6606,6013,22146,0,0,0,0,0,0,0,0,0,0,0,0,0
2026-05-28,19,0,F,500,0,1153,6606,7339,22146,0,0,0,0,0,0,0,0,0,0,0,0,0
2026-05-28,20,0,F,500,0,1138,6606,8576,22146,0,0,0,0,0,0,0,0,0,0,0,0,0
2026-05-28,21,0,F,500,0,1145,6606,9580,22146,0,0,0,0,0,0,0,0,0,0,0,0,0
2026-05-28,22,0,F,500,0,1152,6606,10447,22146,0,0,0,0,0,0,0,0,0,0,0,0,0
2026-05-28,23,0,F,500,0,1189,6606,11298,22146,0,0,0,0,0,0,0,0,0,0,0,0,0
2026-05-28,24,0,F,500,0,1226,6606,12101,22146,0,0,0,0,0,0,0,0,0,0,0,0,0
2026-05-28,25,0,F,500,0,1294,6606,12767,22146,0,0,0,0,0,0,0,0,0,0,0,0,0
2026-05-28,26,0,F,500,0,1361,6606,13132,22146,0,0,0,0,0,0,0,0,0,0,0,0,0
2026-05-28,27,0,F,500,0,1382,6606,13071,22146,0,0,0,0,0,0,0,0,0,0,0,0,0
2026-05-28,28,0,F,500,0,1402,6606,12658,22146,0,0,0,0,0,0,0,0,0,0,0,0,0
2026-05-28,29,0,F,500,0,1429,6606,12015,22146,0,0,0,0,0,0,0,0,0,0,0,0,0
2026-05-28,30,0,F,500,0,1455,6606,11282,22146,0,0,0,0,0,0,0,0,0,0,0,0,0
2026-05-28,31,0,F,500,0,1506,6606,10539,22146,0,0,0,0,0,0,0,0,0,0,0,0,0
2026-05-28,32,0,F,500,0,1557,6606,9641,22146,0,0,0,0,0,0,0,0,0,0,0,0,0
2026-05-28,33,0,F,500,0,1547,6606,8464,22146,0,0,0,0,0,0,0,0,0,0,0,0,0
2026-05-28,34,0,F,500,0,1536,6606,7173,22146,0,0,0,0,0,0,0,0,0,0,0,0,0
2026-05-28,35,0,F,500,0,1521,6606,5961,22146,0,0,0,0,0,0,0,0,0,0,0,0,0
2026-05-28,36,0,F,500,0,1506,6606,4857,22146,0,0,0,0,0,0,0,0,0,0,0,0,0
2026-05-28,37,0,F,500,0,1507,6606,3852,22146,0,0,0,0,0,0,0,0,0,0,0,0,0
2026-05-28,38,0,F,500,0,1507,6606,2927,22146,0,0,0,0,0,0,0,0,0,0,0,0,0
2026-05-28,39,0,F,500,0,1487,6606,2070,22146,0,0,0,0,0,0,0,0,0,0,0,0,0
2026-05-28,40,0,F,500,0,1466,6606,1291,22146,0,0,0,0,0,0,0,0,0,0,0,0,0
2026-05-28,41,0,F,500,0,1486,6606,625,22146,0,0,0,0,0,0,0,0,0,0,0,0,0
2026-05-28,42,0,F,500,0,1506,6606,174,22146,0,0,0,0,0,0,0,0,0,0,0,0,0
2026-05-28,43,0,F,500,0,1577,6606,0,22146,0,0,0,0,0,0,0,0,0,0,0,0,0
2026-05-28,44,0,F,500,0,1647,6606,0,22146,0,0,0,0,0,0,0,0,0,0,0,0,0
2026-05-28,45,0,F,500,0,1639,6606,0,22146,0,0,0,0,0,0,0,0,0,0,0,0,0
2026-05-28,46,0,F,500,0,1631,6606,0,22146,0,0,0,0,0,0,0,0,0,0,0,0,0
2026-05-28,47,0,F,500,0,1641,6606,0,22146,0,0,0,0,0,0,0,0,0,0,0,0,0
2026-05-28,48,0,F,500,0,1650,6606,0,22146,0,0,0,0,0,0,0,0,0,0,0,0,0
2026-05-29,1,0,F,500,0,1721,6606,0,22152,0,0,0,0,0,0,0,0,0,0,0,0,0
2026-05-29,2,0,F,500,0,1791,6606,0,22152,0,0,0,0,0,0,0,0,0,0,0,0,0
2026-05-29,3,0,F,500,0,1789,6606,0,22152,0,0,0,0,0,0,0,0,0,0,0,0,0
2026-05-29,4,0,F,500,0,1786,6606,0,22152,0,0,0,0,0,0,0,0,0,0,0,0,0
2026-05-29,5,0,F,500,0,1784,6606,0,22152,0,0,0,0,0,0,0,0,0,0,0,0,0
2026-05-29,6,0,F,500,0,1782,6606,0,22152,0,0,0,0,0,0,0,0,0,0,0,0,0
2026-05-29,7,0,F,500,0,1828,6606,0,22152,0,0,0,0,0,0,0,0,0,0,0,0,0
2026-05-29,8,0,F,500,0,1874,6606,0,22152,0,0,0,0,0,0,0,0,0,0,0,0,0
2026-05-29,9,0,F,500,0,1856,6606,0,22152,0,0,0,0,0,0,0,0,0,0,0,0,0
2026-05-29,10,0,F,500,0,1838,6606,0,22152,0,0,0,0,0,0,0,0,0,0,0,0,0
2026-05-29,11,0,F,500,0,1809,6606,129,22152,0,0,0,0,0,0,0,0,0,0,0,0,0
2026-05-29,12,0,F,500,0,1780,6606,375,22152,0,0,0,0,0,0,0,0,0,0,0,0,0
2026-05-29,13,0,F,500,0,1785,6606,742,22152,0,0,0,0,0,0,0,0,0,0,0,0,0
2026-05-29,14,0,F,500,0,1789,6606,1245,22152,0,0,0,0,0,0,0,0,0,0,0,0,0
2026-05-29,15,0,F,500,0,1821,6606,1888,22152,0,0,0,0,0,0,0,0,0,0,0,0,0
2026-05-29,16,0,F,500,0,1853,6606,2645,22152,0,0,0,0,0,0,0,0,0,0,0,0,0
2026-05-29,17,0,F,500,0,1912,6606,3488,22152,0,0,0,0,0,0,0,0,0,0,0,0,0
2026-05-29,18,0,F,500,0,1971,6606,4393,22152,0,0,0,0,0,0,0,0,0,0,0,0,0
2026-05-29,19,0,F,500,0,2051,6606,5335,22152,0,0,0,0,0,0,0,0,0,0,0,0,0
2026-05-29,20,0,F,500,0,2131,6606,6304,22152,0,0,0,0,0,0,0,0,0,0,0,0,0
2026-05-29,21,0,F,500,0,2164,6606,7276,22152,0,0,0,0,0,0,0,0,0,0,0,0,0
2026-05-29,22,0,F,500,0,2196,6606,8154,22152,0,0,0,0,0,0,0,0,0,0,0,0,0
2026-05-29,23,0,F,500,0,2220,6606,8855,22152,0,0,0,0,0,0,0,0,0,0,0,0,0
2026-05-29,24,0,F,500,0,2243,6606,9405,22152,0,0,0,0,0,0,0,0,0,0,0,0,0
2026-05-29,25,0,F,500,0,2278,6606,9842,22152,0,0,0,0,0,0,0,0,0,0,0,0,0
2026-05-29,26,0,F,500,0,2312,6606,10150,22152,0,0,0,0,0,0,0,0,0,0,0,0,0
2026-05-29,27,0,F,500,0,2303,6606,10296,22152,0,0,0,0,0,0,0,0,0,0,0,0,0
2026-05-29,28,0,F,500,0,2294,6606,10243,22152,0,0,0,0,0,0,0,0,0,0,0,0,0
2026-05-29,29,0,F,500,0,2279,6606,9978,22152,0,0,0,0,0,0,0,0,0,0,0,0,0
2026-05-29,30,0,F,500,0,2264,6606,9567,22152,0,0,0,0,0,0,0,0,0,0,0,0,0
2026-05-29,31,0,F,500,0,2259,6606,9060,22152,0,0,0,0,0,0,0,0,0,0,0,0,0
2026-05-29,32,0,F,500,0,2253,6606,8368,22152,0,0,0,0,0,0,0,0,0,0,0,0,0
2026-05-29,33,0,F,500,0,2170,6606,7414,22152,0,0,0,0,0,0,0,0,0,0,0,0,0
2026-05-29,34,0,F,500,0,2087,6606,6321,22152,0,0,0,0,0,0,0,0,0,0,0,0,0
2026-05-29,35,0,F,500,0,1984,6606,5243,22152,0,0,0,0,0,0,0,0,0,0,0,0,0
2026-05-29,36,0,F,500,0,1880,6606,4266,22152,0,0,0,0,0,0,0,0,0,0,0,0,0
2026-05-29,37,0,F,500,0,1793,6606,3429,22152,0,0,0,0,0,0,0,0,0,0,0,0,0
2026-05-29,38,0,F,500,0,1705,6606,2665,22152,0,0,0,0,0,0,0,0,0,0,0,0,0
2026-05-29,39,0,F,500,0,1600,6606,1905,22152,0,0,0,0,0,0,0,0,0,0,0,0,0
2026-05-29,40,0,F,500,0,1494,6606,1184,22152,0,0,0,0,0,0,0,0,0,0,0,0,0
2026-05-29,41,0,F,500,0,1411,6606,571,22152,0,0,0,0,0,0,0,0,0,0,0,0,0
2026-05-29,42,0,F,500,0,1327,6606,160,22152,0,0,0,0,0,0,0,0,0,0,0,0,0
2026-05-29,43,0,F,500,0,1282,6606,0,22152,0,0,0,0,0,0,0,0,0,0,0,0,0
2026-05-29,44,0,F,500,0,1237,6606,0,22152,0,0,0,0,0,0,0,0,0,0,0,0,0
2026-05-29,45,0,F,500,0,1178,6606,0,22152,0,0,0,0,0,0,0,0,0,0,0,0,0
2026-05-29,46,0,F,500,0,1119,6606,0,22152,0,0,0,0,0,0,0,0,0,0,0,0,0
2026-05-29,47,0,F,500,0,1072,6606,0,22152,0,0,0,0,0,0,0,0,0,0,0,0,0
2026-05-29,48,0,F,500,0,1024,6606,0,22152,0,0,0,0,0,0,0,0,0,0,0,0,0
2026-05-30,1,0,F,500,0,1004,6606,0,22159,0,0,0,0,0,0,0,0,0,0,0,0,0
2026-05-30,2,0,F,500,0,983,6606,0,22159,0,0,0,0,0,0,0,0,0,0,0,0,0
2026-05-30,3,0,F,500,0,952,6606,0,22159,0,0,0,0,0,0,0,0,0,0,0,0,0
2026-05-30,4,0,F,500,0,920,6606,0,22159,0,0,0,0,0,0,0,0,0,0,0,0,0
2026-05-30,5,0,F,500,0,900,6606,0,22159,0,0,0,0,0,0,0,0,0,0,0,0,0
2026-05-30,6,0,F,500,0,879,6606,0,22159,0,0,0,0,0,0,0,0,0,0,0,0,0
2026-05-30,7,0,F,500,0,883,6606,0,22159,0,0,0,0,0,0,0,0,0,0,0,0,0
2026-05-30,8,0,F,500,0,887,6606,0,22159,0,0,0,0,0,0,0,0,0,0,0,0,0
2026-05-30,9,0,F,500,0,867,6606,0,22159,0,0,0,0,0,0,0,0,0,0,0,0,0
2026-05-30,10,0,F,500,0,847,6606,0,22159,0,0,0,0,0,0,0,0,0,0,0,0,0
2026-05-30,11,0,F,500,0,835,6606,202,22159,0,0,0,0,0,0,0,0,0,0,0,0,0
2026-05-30,12,0,F,500,0,823,6606,548,22159,0,0,0,0,0,0,0,0,0,0,0,0,0
2026-05-30,13,0,F,500,0,836,6606,1021,22159,0,0,0,0,0,0,0,0,0,0,0,0,0
2026-05-30,14,0,F,500,0,849,6606,1622,22159,0,0,0,0,0,0,0,0,0,0,0,0,0
2026-05-30,15,0,F,500,0,852,6606,2356,22159,0,0,0,0,0,0,0,0,0,0,0,0,0
2026-05-30,16,0,F,500,0,854,6606,3215,22159,0,0,0,0,0,0,0,0,0,0,0,0,0
2026-05-30,17,0,F,500,0,867,6606,4182,22159,0,0,0,0,0,0,0,0,0,0,0,0,0
2026-05-30,18,0,F,500,0,880,6606,5197,22159,0,0,0,0,0,0,0,0,0,0,0,0,0
2026-05-30,19,0,F,500,0,915,6606,6211,22159,0,0,0,0,0,0,0,0,0,0,0,0,0
2026-05-30,20,0,F,500,0,950,6606,7250,22159,0,0,0,0,0,0,0,0,0,0,0,0,0
2026-05-30,21,0,F,500,0,996,6606,8325,22159,0,0,0,0,0,0,0,0,0,0,0,0,0
2026-05-30,22,0,F,500,0,1041,6606,9300,22159,0,0,0,0,0,0,0,0,0,0,0,0,0
2026-05-30,23,0,F,500,0,1111,6606,10050,22159,0,0,0,0,0,0,0,0,0,0,0,0,0
2026-05-30,24,0,F,500,0,1180,6606,10641,22159,0,0,0,0,0,0,0,0,0,0,0,0,0
2026-05-30,25,0,F,500,0,1280,6606,11140,22159,0,0,0,0,0,0,0,0,0,0,0,0,0
2026-05-30,26,0,F,500,0,1379,6606,11443,22159,0,0,0,0,0,0,0,0,0,0,0,0,0
2026-05-30,27,0,F,500,0,1393,6606,11434,22159,0,0,0,0,0,0,0,0,0,0,0,0,0
2026-05-30,28,0,F,500,0,1407,6606,11144,22159,0,0,0,0,0,0,0,0,0,0,0,0,0
2026-05-30,29,0,F,500,0,1401,6606,10643,22159,0,0,0,0,0,0,0,0,0,0,0,0,0
2026-05-30,30,0,F,500,0,1395,6606,10019,22159,0,0,0,0,0,0,0,0,0,0,0,0,0
2026-05-30,31,0,F,500,0,1406,6606,9327,22159,0,0,0,0,0,0,0,0,0,0,0,0,0
2026-05-30,32,0,F,500,0,1417,6606,8488,22159,0,0,0,0,0,0,0,0,0,0,0,0,0
2026-05-30,33,0,F,500,0,1446,6606,7436,22159,0,0,0,0,0,0,0,0,0,0,0,0,0
2026-05-30,34,0,F,500,0,1474,6606,6294,22159,0,0,0,0,0,0,0,0,0,0,0,0,0
2026-05-30,35,0,F,500,0,1522,6606,5209,22159,0,0,0,0,0,0,0,0,0,0,0,0,0
2026-05-30,36,0,F,500,0,1569,6606,4231,22159,0,0,0,0,0,0,0,0,0,0,0,0,0
2026-05-30,37,0,F,500,0,1635,6606,3372,22159,0,0,0,0,0,0,0,0,0,0,0,0,0
2026-05-30,38,0,F,500,0,1701,6606,2593,22159,0,0,0,0,0,0,0,0,0,0,0,0,0
2026-05-30,39,0,F,500,0,1688,6606,1853,22159,0,0,0,0,0,0,0,0,0,0,0,0,0
2026-05-30,40,0,F,500,0,1675,6606,1160,22159,0,0,0,0,0,0,0,0,0,0,0,0,0
2026-05-30,41,0,F,500,0,1649,6606,552,22159,0,0,0,0,0,0,0,0,0,0,0,0,0
2026-05-30,42,0,F,500,0,1623,6606,139,22159,0,0,0,0,0,0,0,0,0,0,0,0,0
2026-05-30,43,0,F,500,0,1618,6606,0,22159,0,0,0,0,0,0,0,0,0,0,0,0,0
2026-05-30,44,0,F,500,0,1612,6606,0,22159,0,0,0,0,0,0,0,0,0,0,0,0,0
2026-05-30,45,0,F,500,0,1626,6606,0,22159,0,0,0,0,0,0,0,0,0,0,0,0,0
2026-05-30,46,0,F,500,0,1640,6606,0,22159,0,0,0,0,0,0,0,0,0,0,0,0,0
2026-05-30,47,0,F,500,0,1676,6606,0,22159,0,0,0,0,0,0,0,0,0,0,0,0,0
2026-05-30,48,0,F,500,0,1711,6606,0,22159,0,0,0,0,0,0,0,0,0,0,0,0,0
2026-05-31,1,0,F,500,0,1769,6606,0,22165,0,0,0,0,0,0,0,0,0,0,0,0,0
2026-05-31,2,0,F,500,0,1827,6606,0,22165,0,0,0,0,0,0,0,0,0,0,0,0,0
2026-05-31,3,0,F,500,0,1803,6606,0,22165,0,0,0,0,0,0,0,0,0,0,0,0,0
2026-05-31,4,0,F,500,0,1778,6606,0,22165,0,0,0,0,0,0,0,0,0,0,0,0,0
2026-05-31,5,0,F,500,0,1737,6606,0,22165,0,0,0,0,0,0,0,0,0,0,0,0,0
2026-05-31,6,0,F,500,0,1695,6606,0,22165,0,0,0,0,0,0,0,0,0,0,0,0,0
2026-05-31,7,0,F,500,0,1671,6606,0,22165,0,0,0,0,0,0,0,0,0,0,0,0,0
2026-05-31,8,0,F,500,0,1646,6606,0,22165,0,0,0,0,0,0,0,0,0,0,0,0,0
2026-05-31,9,0,F,500,0,1639,6606,0,22165,0,0,0,0,0,0,0,0,0,0,0,0,0
2026-05-31,10,0,F,500,0,1631,6606,0,22165,0,0,0,0,0,0,0,0,0,0,0,0,0
2026-05-31,11,0,F,500,0,1640,6606,143,22165,0,0,0,0,0,0,0,0,0,0,0,0,0
2026-05-31,12,0,F,500,0,1649,6606,379,22165,0,0,0,0,0,0,0,0,0,0,0,0,0
2026-05-31,13,0,F,500,0,1675,6606,685,22165,0,0,0,0,0,0,0,0,0,0,0,0,0
2026-05-31,14,0,F,500,0,1701,6606,1103,22165,0,0,0,0,0,0,0,0,0,0,0,0,0
2026-05-31,15,0,F,500,0,1709,6606,1669,22165,0,0,0,0,0,0,0,0,0,0,0,0,0
2026-05-31,16,0,F,500,0,1717,6606,2328,22165,0,0,0,0,0,0,0,0,0,0,0,0,0
2026-05-31,17,0,F,500,0,1734,6606,3023,22165,0,0,0,0,0,0,0,0,0,0,0,0,0
2026-05-31,18,0,F,500,0,1750,6606,3756,22165,0,0,0,0,0,0,0,0,0,0,0,0,0
2026-05-31,19,0,F,500,0,1788,6606,4535,22165,0,0,0,0,0,0,0,0,0,0,0,0,0
2026-05-31,20,0,F,500,0,1825,6606,5332,22165,0,0,0,0,0,0,0,0,0,0,0,0,0
2026-05-31,21,0,F,500,0,1883,6606,6107,22165,0,0,0,0,0,0,0,0,0,0,0,0,0
2026-05-31,22,0,F,500,0,1940,6606,6803,22165,0,0,0,0,0,0,0,0,0,0,0,0,0
2026-05-31,23,0,F,500,0,2016,6606,7382,22165,0,0,0,0,0,0,0,0,0,0,0,0,0
2026-05-31,24,0,F,500,0,2091,6606,7882,22165,0,0,0,0,0,0,0,0,0,0,0,0,0
2026-05-31,25,0,F,500,0,2183,6606,8329,22165,0,0,0,0,0,0,0,0,0,0,0,0,0
2026-05-31,26,0,F,500,0,2275,6606,8612,22165,0,0,0,0,0,0,0,0,0,0,0,0,0
2026-05-31,27,0,F,500,0,2256,6606,8629,22165,0,0,0,0,0,0,0,0,0,0,0,0,0
2026-05-31,28,0,F,500,0,2236,6606,8441,22165,0,0,0,0,0,0,0,0,0,0,0,0,0
2026-05-31,29,0,F,500,0,2190,6606,8135,22165,0,0,0,0,0,0,0,0,0,0,0,0,0
2026-05-31,30,0,F,500,0,2144,6606,7740,22165,0,0,0,0,0,0,0,0,0,0,0,0,0
2026-05-31,31,0,F,500,0,2116,6606,7264,22165,0,0,0,0,0,0,0,0,0,0,0,0,0
2026-05-31,32,0,F,500,0,2087,6606,6695,22165,0,0,0,0,0,0,0,0,0,0,0,0,0
2026-05-31,33,0,F,500,0,2075,6606,6014,22165,0,0,0,0,0,0,0,0,0,0,0,0,0
2026-05-31,34,0,F,500,0,2062,6606,5262,22165,0,0,0,0,0,0,0,0,0,0,0,0,0
2026-05-31,35,0,F,500,0,2068,6606,4492,22165,0,0,0,0,0,0,0,0,0,0,0,0,0
2026-05-31,36,0,F,500,0,2073,6606,3742,22165,0,0,0,0,0,0,0,0,0,0,0,0,0
2026-05-31,37,0,F,500,0,2097,6606,3039,22165,0,0,0,0,0,0,0,0,0,0,0,0,0
2026-05-31,38,0,F,500,0,2121,6606,2364,22165,0,0,0,0,0,0,0,0,0,0,0,0,0
2026-05-31,39,0,F,500,0,2085,6606,1691,22165,0,0,0,0,0,0,0,0,0,0,0,0,0
2026-05-31,40,0,F,500,0,2048,6606,1052,22165,0,0,0,0,0,0,0,0,0,0,0,0,0
2026-05-31,41,0,F,500,0,2004,6606,503,22165,0,0,0,0,0,0,0,0,0,0,0,0,0
2026-05-31,42,0,F,500,0,1959,6606,135,22165,0,0,0,0,0,0,0,0,0,0,0,0,0
2026-05-31,43,0,F,500,0,1932,6606,0,22165,0,0,0,0,0,0,0,0,0,0,0,0,0
2026-05-31,44,0,F,500,0,1904,6606,0,22165,0,0,0,0,0,0,0,0,0,0,0,0,0
2026-05-31,45,0,F,500,0,1895,6606,0,22165,0,0,0,0,0,0,0,0,0,0,0,0,0
2026-05-31,46,0,F,500,0,1886,6606,0,22165,0,0,0,0,0,0,0,0,0,0,0,0,0
2026-05-31,47,0,F,500,0,1896,6606,0,22165,0,0,0,0,0,0,0,0,0,0,0,0,0
2026-05-31,48,0,F,500,0,1905,6606,0,22165,0,0,0,0,0,0,0,0,0,0,0,0,0
2026-06-01,1,0,F,500,0,1933,6606,0,22172,0,0,0,0,0,0,0,0,0,0,0,0,0
2026-06-01,2,0,F,500,0,1960,6606,0,22172,0,0,0,0,0,0,0,0,0,0,0,0,0
2026-06-01,3,0,F,500,0,1928,6606,0,22172,0,0,0,0,0,0,0,0,0,0,0,0,0
2026-06-01,4,0,F,500,0,1895,6606,0,22172,0,0,0,0,0,0,0,0,0,0,0,0,0
2026-06-01,5,0,F,500,0,1850,6606,0,22172,0,0,0,0,0,0,0,0,0,0,0,0,0
2026-06-01,6,0,F,500,0,1805,6606,0,22172,0,0,0,0,0,0,0,0,0,0,0,0,0
2026-06-01,7,0,F,500,0,1773,6606,0,22172,0,0,0,0,0,0,0,0,0,0,0,0,0
2026-06-01,8,0,F,500,0,1740,6606,0,22172,0,0,0,0,0,0,0,0,0,0,0,0,0
2026-06-01,9,0,F,500,0,1722,6606,0,22172,0,0,0,0,0,0,0,0,0,0,0,0,0
2026-06-01,10,0,F,500,0,1703,6606,0,22172,0,0,0,0,0,0,0,0,0,0,0,0,0
2026-06-01,11,0,F,500,0,1699,6606,153,22172,0,0,0,0,0,0,0,0,0,0,0,0,0
2026-06-01,12,0,F,500,0,1694,6606,403,22172,0,0,0,0,0,0,0,0,0,0,0,0,0
2026-06-01,13,0,F,500,0,1704,6606,725,22172,0,0,0,0,0,0,0,0,0,0,0,0,0
2026-06-01,14,0,F,500,0,1713,6606,1150,22172,0,0,0,0,0,0,0,0,0,0,0,0,0
2026-06-01,15,0,F,500,0,1727,6606,1705,22172,0,0,0,0,0,0,0,0,0,0,0,0,0
2026-06-01,16,0,F,500,0,1741,6606,2349,22172,0,0,0,0,0,0,0,0,0,0,0,0,0
2026-06-01,17,0,F,500,0,1770,6606,3042,22172,0,0,0,0,0,0,0,0,0,0,0,0,0
2026-06-01,18,0,F,500,0,1798,6606,3808,22172,0,0,0,0,0,0,0,0,0,0,0,0,0
2026-06-01,19,0,F,500,0,1844,6606,4661,22172,0,0,0,0,0,0,0,0,0,0,0,0,0
2026-06-01,20,0,F,500,0,1890,6606,5512,22172,0,0,0,0,0,0,0,0,0,0,0,0,0
2026-06-01,21,0,F,500,0,1952,6606,6268,22172,0,0,0,0,0,0,0,0,0,0,0,0,0
2026-06-01,22,0,F,500,0,2013,6606,6924,22172,0,0,0,0,0,0,0,0,0,0,0,0,0
2026-06-01,23,0,F,500,0,2089,6606,7495,22172,0,0,0,0,0,0,0,0,0,0,0,0,0
2026-06-01,24,0,F,500,0,2164,6606,7996,22172,0,0,0,0,0,0,0,0,0,0,0,0,0
2026-06-01,25,0,F,500,0,2251,6606,8426,22172,0,0,0,0,0,0,0,0,0,0,0,0,0
2026-06-01,26,0,F,500,0,2337,6606,8710,22172,0,0,0,0,0,0,0,0,0,0,0,0,0
2026-06-01,27,0,F,500,0,2321,6606,8778,22172,0,0,0,0,0,0,0,0,0,0,0,0,0
2026-06-01,28,0,F,500,0,2304,6606,8652,22172,0,0,0,0,0,0,0,0,0,0,0,0,0
2026-06-01,29,0,F,500,0,2261,6606,8376,22172,0,0,0,0,0,0,0,0,0,0,0,0,0
2026-06-01,30,0,F,500,0,2218,6606,7976,22172,0,0,0,0,0,0,0,0,0,0,0,0,0
2026-06-01,31,0,F,500,0,2188,6606,7472,22172,0,0,0,0,0,0,0,0,0,0,0,0,0
2026-06-01,32,0,F,500,0,2158,6606,6868,22172,0,0,0,0,0,0,0,0,0,0,0,0,0
2026-06-01,33,0,F,500,0,2142,6606,6174,22172,0,0,0,0,0,0,0,0,0,0,0,0,0
2026-06-01,34,0,F,500,0,2126,6606,5440,22172,0,0,0,0,0,0,0,0,0,0,0,0,0
2026-06-01,35,0,F,500,0,2125,6606,4713,22172,0,0,0,0,0,0,0,0,0,0,0,0,0
2026-06-01,36,0,F,500,0,2123,6606,3993,22172,0,0,0,0,0,0,0,0,0,0,0,0,0
2026-06-01,37,0,F,500,0,2136,6606,3274,22172,0,0,0,0,0,0,0,0,0,0,0,0,0
2026-06-01,38,0,F,500,0,2148,6606,2577,22172,0,0,0,0,0,0,0,0,0,0,0,0,0
2026-06-01,39,0,F,500,0,2108,6606,1921,22172,0,0,0,0,0,0,0,0,0,0,0,0,0
2026-06-01,40,0,F,500,0,2068,6606,1280,22172,0,0,0,0,0,0,0,0,0,0,0,0,0
2026-06-01,41,0,F,500,0,2023,6606,654,22172,0,0,0,0,0,0,0,0,0,0,0,0,0
2026-06-01,42,0,F,500,0,1978,6606,188,22172,0,0,0,0,0,0,0,0,0,0,0,0,0
2026-06-01,43,0,F,500,0,1951,6606,0,22172,0,0,0,0,0,0,0,0,0,0,0,0,0
2026-06-01,44,0,F,500,0,1924,6606,0,22172,0,0,0,0,0,0,0,0,0,0,0,0,0
2026-06-01,45,0,F,500,0,1916,6606,0,22172,0,0,0,0,0,0,0,0,0,0,0,0,0
2026-06-01,46,0,F,500,0,1908,6606,0,22172,0,0,0,0,0,0,0,0,0,0,0,0,0
2026-06-01,47,0,F,500,0,1919,6606,0,22172,0,0,0,0,0,0,0,0,0,0,0,0,0
2026-06-01,48,0,F,500,0,1929,6606,0,22172,0,0,0,0,0,0,0,0,0,0,0,0,0
